organizationname,organizationid,locationid,locationname,catalogid,catalogname,is_catalog_deleted,catalog_created_on,catalog_modified_on,id,menuitemid,menuitemname,guest,effective_date,item_class_type,entitytype,calories,protein,sugar,fat,is_alcoholic,is_vegetarian_item,is_vegan_item,has_allergen,is_active,is_deleted,gms_created_on,gms_modified_on,itemunitprice,price_changed_on,sysinserttime,sysupdatetime,catalogid,average_rating,rating_count
Houston Hot Chicken,org-490e23ce-6f23-4d3d-8544-8728f0965cfc,loc-bc017a27-667a-4bcd-b10c-a0e21794d992,Phoenix - Camelback,catlg-46274044-0b0d-4014-9da8-b07e2aeadfed,Phoenix - Camelback Catalog,False,2026-03-20 19:18:28.317691,2026-05-28 20:01:05.988273,189768,itm-975fe732-99e3-4582-8e7e-11a9944660e6,HWHAP Loaded Fries,1,NULL,2,Item,,NULL,NULL,NULL,False,NULL,NULL,NULL,True,False,2026-03-20 19:23:52.87187,2026-05-21 07:42:31.074018,14.990,2026-03-20 19:23:55.271492,2026-03-20 22:52:39.312782,2026-05-29 03:11:38.75494,catlg-46274044-0b0d-4014-9da8-b07e2aeadfed,NULL,NULL
Houston Hot Chicken,org-490e23ce-6f23-4d3d-8544-8728f0965cfc,loc-bc017a27-667a-4bcd-b10c-a0e21794d992,Phoenix - Camelback,catlg-46274044-0b0d-4014-9da8-b07e2aeadfed,Phoenix - Camelback Catalog,False,2026-03-20 19:18:28.317691,2026-05-28 20:01:05.988273,193981,itm-932545d0-ee1d-4d28-b394-d09f4583383f,50 Nugget Platter,1,NULL,5,Item,,NULL,NULL,NULL,False,NULL,NULL,NULL,True,False,2026-04-23 20:00:29.92613,2026-05-27 19:51:36.305899,35.000,2026-04-23 20:00:30.556682,2026-05-04 10:44:02.324319,2026-05-29 03:11:38.75494,catlg-46274044-0b0d-4014-9da8-b07e2aeadfed,NULL,NULL
Houston Hot Chicken,org-490e23ce-6f23-4d3d-8544-8728f0965cfc,loc-bc017a27-667a-4bcd-b10c-a0e21794d992,Phoenix - Camelback,catlg-46274044-0b0d-4014-9da8-b07e2aeadfed,Phoenix - Camelback Catalog,False,2026-03-20 19:18:28.317691,2026-05-28 20:01:05.988273,189781,itm-e191152a-dabc-4688-a4ba-8c1808a836b2,Sandwich & Tender,1,NULL,1,Item,,NULL,NULL,NULL,False,NULL,NULL,NULL,True,False,2026-03-20 19:23:52.87187,2026-04-14 13:16:56.585467,14.990,2026-03-20 19:23:54.919292,2026-03-20 22:52:39.312782,2026-05-29 03:11:38.75494,catlg-46274044-0b0d-4014-9da8-b07e2aeadfed,NULL,NULL
Houston Hot Chicken,org-490e23ce-6f23-4d3d-8544-8728f0965cfc,loc-bc017a27-667a-4bcd-b10c-a0e21794d992,Phoenix - Camelback,catlg-46274044-0b0d-4014-9da8-b07e2aeadfed,Phoenix - Camelback Catalog,False,2026-03-20 19:18:28.317691,2026-05-28 20:01:05.988273,189842,itm-de018b7f-0ea7-4e80-8f1f-b498fc12a3bd,Classic Chicken Sandwich,1,NULL,1,Item,,NULL,NULL,NULL,False,NULL,NULL,NULL,True,False,2026-03-20 19:23:52.87187,2026-04-14 13:16:56.585469,11.990,2026-03-20 19:23:54.930791,2026-03-20 22:52:39.312782,2026-05-29 03:11:38.75494,catlg-46274044-0b0d-4014-9da8-b07e2aeadfed,NULL,NULL
Houston Hot Chicken,org-490e23ce-6f23-4d3d-8544-8728f0965cfc,loc-bc017a27-667a-4bcd-b10c-a0e21794d992,Phoenix - Camelback,catlg-46274044-0b0d-4014-9da8-b07e2aeadfed,Phoenix - Camelback Catalog,False,2026-03-20 19:18:28.317691,2026-05-28 20:01:05.988273,189763,itm-76e6276d-73b3-4b84-b1ef-009fb8701877,Tenders & Waffle,1,NULL,5,Item,,NULL,NULL,NULL,False,NULL,NULL,NULL,True,False,2026-03-20 19:23:52.87187,2026-04-14 13:16:56.58547,12.990,2026-03-20 19:23:54.947773,2026-03-20 22:52:39.312782,2026-05-29 03:11:38.75494,catlg-46274044-0b0d-4014-9da8-b07e2aeadfed,NULL,NULL
Houston Hot Chicken,org-490e23ce-6f23-4d3d-8544-8728f0965cfc,loc-bc017a27-667a-4bcd-b10c-a0e21794d992,Phoenix - Camelback,catlg-46274044-0b0d-4014-9da8-b07e2aeadfed,Phoenix - Camelback Catalog,False,2026-03-20 19:18:28.317691,2026-05-28 20:01:05.988273,189739,itm-5828b2a5-c976-4623-af05-7a7c03179122,3 Tenders & Fries,1,NULL,5,Item,,NULL,NULL,NULL,False,NULL,NULL,NULL,True,False,2026-03-20 19:23:52.87187,2026-05-21 17:10:03.230581,13.990,2026-03-20 19:23:54.954021,2026-03-20 22:52:39.312782,2026-05-29 03:11:38.75494,catlg-46274044-0b0d-4014-9da8-b07e2aeadfed,NULL,NULL
Houston Hot Chicken,org-490e23ce-6f23-4d3d-8544-8728f0965cfc,loc-bc017a27-667a-4bcd-b10c-a0e21794d992,Phoenix - Camelback,catlg-46274044-0b0d-4014-9da8-b07e2aeadfed,Phoenix - Camelback Catalog,False,2026-03-20 19:18:28.317691,2026-05-28 20:01:05.988273,189742,itm-645cef0f-b028-470d-a159-8a2f5d57d4db,Kids Meal,1,NULL,5,Item,,NULL,NULL,NULL,False,NULL,NULL,NULL,True,False,2026-03-20 19:23:52.87187,2026-04-14 13:16:56.585471,6.990,2026-03-20 19:23:54.958312,2026-03-20 22:52:39.312782,2026-05-29 03:11:38.75494,catlg-46274044-0b0d-4014-9da8-b07e2aeadfed,NULL,NULL
Houston Hot Chicken,org-490e23ce-6f23-4d3d-8544-8728f0965cfc,loc-bc017a27-667a-4bcd-b10c-a0e21794d992,Phoenix - Camelback,catlg-46274044-0b0d-4014-9da8-b07e2aeadfed,Phoenix - Camelback Catalog,False,2026-03-20 19:18:28.317691,2026-05-28 20:01:05.988273,189838,itm-3ffc7a30-d1c8-4b6d-bf9d-26eeeed44439,10 pc Nugget Meal,1,NULL,5,Item,,NULL,NULL,NULL,False,NULL,NULL,NULL,True,False,2026-03-20 19:23:52.87187,2026-04-14 13:16:56.585471,11.990,2026-03-20 19:23:54.963221,2026-03-20 22:52:39.312782,2026-05-29 03:11:38.75494,catlg-46274044-0b0d-4014-9da8-b07e2aeadfed,NULL,NULL
Houston Hot Chicken,org-490e23ce-6f23-4d3d-8544-8728f0965cfc,loc-bc017a27-667a-4bcd-b10c-a0e21794d992,Phoenix - Camelback,catlg-46274044-0b0d-4014-9da8-b07e2aeadfed,Phoenix - Camelback Catalog,False,2026-03-20 19:18:28.317691,2026-05-28 20:01:05.988273,189824,itm-ca11167a-0e7c-4648-8a00-13b4fdd3352a,15 pc Nugget Meal,1,NULL,5,Item,,NULL,NULL,NULL,False,NULL,NULL,NULL,True,False,2026-03-20 19:23:52.87187,2026-04-14 13:16:56.585472,13.990,2026-03-20 19:23:54.968762,2026-03-20 22:52:39.312782,2026-05-29 03:11:38.75494,catlg-46274044-0b0d-4014-9da8-b07e2aeadfed,NULL,NULL
Houston Hot Chicken,org-490e23ce-6f23-4d3d-8544-8728f0965cfc,loc-bc017a27-667a-4bcd-b10c-a0e21794d992,Phoenix - Camelback,catlg-46274044-0b0d-4014-9da8-b07e2aeadfed,Phoenix - Camelback Catalog,False,2026-03-20 19:18:28.317691,2026-05-28 20:01:05.988273,189814,itm-acb95f5f-b91f-4e9f-be8a-6cf930ddf7a8,Cheese Fries,1,NULL,2,Item,,NULL,NULL,NULL,False,NULL,NULL,NULL,True,False,2026-03-20 19:23:52.87187,2026-04-14 13:16:56.585472,5.990,2026-03-20 19:23:54.973256,2026-03-20 22:52:39.312782,2026-05-29 03:11:38.75494,catlg-46274044-0b0d-4014-9da8-b07e2aeadfed,NULL,NULL
Houston Hot Chicken,org-490e23ce-6f23-4d3d-8544-8728f0965cfc,loc-bc017a27-667a-4bcd-b10c-a0e21794d992,Phoenix - Camelback,catlg-46274044-0b0d-4014-9da8-b07e2aeadfed,Phoenix - Camelback Catalog,False,2026-03-20 19:18:28.317691,2026-05-28 20:01:05.988273,189760,itm-430eb791-0d73-4aad-82b3-1d621ec9f056,Fusion Fries,1,NULL,2,Item,,NULL,NULL,NULL,False,NULL,NULL,NULL,True,False,2026-03-20 19:23:52.87187,2026-04-14 13:16:56.585473,14.990,2026-03-20 19:23:54.984009,2026-03-20 22:52:39.312782,2026-05-29 03:11:38.75494,catlg-46274044-0b0d-4014-9da8-b07e2aeadfed,NULL,NULL
Houston Hot Chicken,org-490e23ce-6f23-4d3d-8544-8728f0965cfc,loc-bc017a27-667a-4bcd-b10c-a0e21794d992,Phoenix - Camelback,catlg-46274044-0b0d-4014-9da8-b07e2aeadfed,Phoenix - Camelback Catalog,False,2026-03-20 19:18:28.317691,2026-05-28 20:01:05.988273,189834,itm-c558bf87-257b-406d-974b-4a75eca3e74b,Southwest Salad,1,NULL,1,Item,,NULL,NULL,NULL,False,NULL,NULL,NULL,True,False,2026-03-20 19:23:52.87187,2026-04-14 13:16:56.585474,13.990,2026-03-20 19:23:54.988463,2026-03-20 22:52:39.312782,2026-05-29 03:11:38.75494,catlg-46274044-0b0d-4014-9da8-b07e2aeadfed,NULL,NULL
Houston Hot Chicken,org-490e23ce-6f23-4d3d-8544-8728f0965cfc,loc-bc017a27-667a-4bcd-b10c-a0e21794d992,Phoenix - Camelback,catlg-46274044-0b0d-4014-9da8-b07e2aeadfed,Phoenix - Camelback Catalog,False,2026-03-20 19:18:28.317691,2026-05-28 20:01:05.988273,189773,itm-cffb5cd5-2086-41a6-9b7f-8e2123e6aa14,Texas Caesar Salad,1,NULL,1,Item,,NULL,NULL,NULL,False,NULL,NULL,NULL,True,False,2026-03-20 19:23:52.87187,2026-04-14 13:16:56.585474,12.990,2026-03-20 19:23:54.994674,2026-03-20 22:52:39.312782,2026-05-29 03:11:38.75494,catlg-46274044-0b0d-4014-9da8-b07e2aeadfed,NULL,NULL
Houston Hot Chicken,org-490e23ce-6f23-4d3d-8544-8728f0965cfc,loc-bc017a27-667a-4bcd-b10c-a0e21794d992,Phoenix - Camelback,catlg-46274044-0b0d-4014-9da8-b07e2aeadfed,Phoenix - Camelback Catalog,False,2026-03-20 19:18:28.317691,2026-05-28 20:01:05.988273,189831,itm-a1914b79-d57b-45ea-b219-e4089c188687,Mac & Cheese,1,NULL,2,Item,,NULL,NULL,NULL,False,NULL,NULL,NULL,True,False,2026-03-20 19:23:52.87187,2026-05-21 07:39:24.592441,4.990,2026-03-20 19:23:54.998499,2026-03-20 22:52:39.312782,2026-05-29 03:11:38.75494,catlg-46274044-0b0d-4014-9da8-b07e2aeadfed,NULL,NULL
Houston Hot Chicken,org-490e23ce-6f23-4d3d-8544-8728f0965cfc,loc-bc017a27-667a-4bcd-b10c-a0e21794d992,Phoenix - Camelback,catlg-46274044-0b0d-4014-9da8-b07e2aeadfed,Phoenix - Camelback Catalog,False,2026-03-20 19:18:28.317691,2026-05-28 20:01:05.988273,189808,itm-4c9dce68-c404-425c-845a-df20eeaa1063,Chicken Tortilla Soup,1,NULL,3,Item,,NULL,NULL,NULL,False,NULL,NULL,NULL,True,False,2026-03-20 19:23:52.87187,2026-05-21 07:42:31.070169,4.990,2026-03-20 19:23:55.003663,2026-03-20 22:52:39.312782,2026-05-29 03:11:38.75494,catlg-46274044-0b0d-4014-9da8-b07e2aeadfed,NULL,NULL
Houston Hot Chicken,org-490e23ce-6f23-4d3d-8544-8728f0965cfc,loc-bc017a27-667a-4bcd-b10c-a0e21794d992,Phoenix - Camelback,catlg-46274044-0b0d-4014-9da8-b07e2aeadfed,Phoenix - Camelback Catalog,False,2026-03-20 19:18:28.317691,2026-05-28 20:01:05.988273,189794,itm-c51db4d9-be7c-4410-b3d5-700271f59219,Fries (side),1,NULL,2,Item,,NULL,NULL,NULL,False,NULL,NULL,NULL,True,False,2026-03-20 19:23:52.87187,2026-05-21 07:42:31.062712,4.990,2026-03-20 19:23:55.009438,2026-03-20 22:52:39.312782,2026-05-29 03:11:38.75494,catlg-46274044-0b0d-4014-9da8-b07e2aeadfed,NULL,NULL
Houston Hot Chicken,org-490e23ce-6f23-4d3d-8544-8728f0965cfc,loc-bc017a27-667a-4bcd-b10c-a0e21794d992,Phoenix - Camelback,catlg-46274044-0b0d-4014-9da8-b07e2aeadfed,Phoenix - Camelback Catalog,False,2026-03-20 19:18:28.317691,2026-05-28 20:01:05.988273,189799,itm-5f12f99b-b154-4288-953e-9085b5d59872,5 pc Nuggets (a la carte),1,NULL,1,Item,,NULL,NULL,NULL,False,NULL,NULL,NULL,True,False,2026-03-20 19:23:52.87187,2026-05-21 07:42:30.935125,3.990,2026-03-20 19:23:55.014095,2026-03-20 22:52:39.312782,2026-05-29 03:11:38.75494,catlg-46274044-0b0d-4014-9da8-b07e2aeadfed,NULL,NULL
Houston Hot Chicken,org-490e23ce-6f23-4d3d-8544-8728f0965cfc,loc-bc017a27-667a-4bcd-b10c-a0e21794d992,Phoenix - Camelback,catlg-46274044-0b0d-4014-9da8-b07e2aeadfed,Phoenix - Camelback Catalog,False,2026-03-20 19:18:28.317691,2026-05-28 20:01:05.988273,189821,itm-d99e0c53-7e9d-456c-acb2-c2a708aaa3e4,10 pc Nuggets (a la carte),1,NULL,1,Item,,NULL,NULL,NULL,False,NULL,NULL,NULL,True,False,2026-03-20 19:23:52.87187,2026-05-21 07:42:30.994482,7.990,2026-03-20 19:23:55.018574,2026-03-20 22:52:39.312782,2026-05-29 03:11:38.75494,catlg-46274044-0b0d-4014-9da8-b07e2aeadfed,NULL,NULL
Houston Hot Chicken,org-490e23ce-6f23-4d3d-8544-8728f0965cfc,loc-bc017a27-667a-4bcd-b10c-a0e21794d992,Phoenix - Camelback,catlg-46274044-0b0d-4014-9da8-b07e2aeadfed,Phoenix - Camelback Catalog,False,2026-03-20 19:18:28.317691,2026-05-28 20:01:05.988273,189818,itm-780326ce-0976-48b5-8781-ef0bdc223a8e,15 pc Nuggets (a la carte),1,NULL,1,Item,,NULL,NULL,NULL,False,NULL,NULL,NULL,True,False,2026-03-20 19:23:52.87187,2026-05-21 07:42:30.957963,11.990,2026-03-20 19:23:55.023414,2026-03-20 22:52:39.312782,2026-05-29 03:11:38.75494,catlg-46274044-0b0d-4014-9da8-b07e2aeadfed,NULL,NULL
Houston Hot Chicken,org-490e23ce-6f23-4d3d-8544-8728f0965cfc,loc-bc017a27-667a-4bcd-b10c-a0e21794d992,Phoenix - Camelback,catlg-46274044-0b0d-4014-9da8-b07e2aeadfed,Phoenix - Camelback Catalog,False,2026-03-20 19:18:28.317691,2026-05-28 20:01:05.988273,189771,itm-aa60c30f-a262-44b0-9a6a-60e914a6b2ee,Waffle (a la carte),1,NULL,2,Item,,NULL,NULL,NULL,False,NULL,NULL,NULL,True,False,2026-03-20 19:23:52.87187,2026-05-21 07:42:31.09008,3.990,2026-03-20 19:23:55.027061,2026-03-20 22:52:39.312782,2026-05-29 03:11:38.75494,catlg-46274044-0b0d-4014-9da8-b07e2aeadfed,NULL,NULL
Houston Hot Chicken,org-490e23ce-6f23-4d3d-8544-8728f0965cfc,loc-bc017a27-667a-4bcd-b10c-a0e21794d992,Phoenix - Camelback,catlg-46274044-0b0d-4014-9da8-b07e2aeadfed,Phoenix - Camelback Catalog,False,2026-03-20 19:18:28.317691,2026-05-28 20:01:05.988273,189835,itm-a27dfce0-5b2c-4d05-8ad0-f9d6379d5d0a,Classic Sandwich (a la carte),1,NULL,1,Item,,NULL,NULL,NULL,False,NULL,NULL,NULL,True,False,2026-03-20 19:23:52.87187,2026-05-21 07:42:31.010786,9.000,2026-03-20 19:23:55.055277,2026-03-20 22:52:39.312782,2026-05-29 03:11:38.75494,catlg-46274044-0b0d-4014-9da8-b07e2aeadfed,NULL,NULL
Houston Hot Chicken,org-490e23ce-6f23-4d3d-8544-8728f0965cfc,loc-bc017a27-667a-4bcd-b10c-a0e21794d992,Phoenix - Camelback,catlg-46274044-0b0d-4014-9da8-b07e2aeadfed,Phoenix - Camelback Catalog,False,2026-03-20 19:18:28.317691,2026-05-28 20:01:05.988273,189756,itm-b5812acd-12a5-476c-984b-a92addb9648c,Original Sandwich (a la carte),1,NULL,1,Item,,NULL,NULL,NULL,False,NULL,NULL,NULL,True,False,2026-03-20 19:23:52.87187,2026-05-21 07:42:31.080883,10.000,2026-03-20 19:23:55.059427,2026-03-20 22:52:39.312782,2026-05-29 03:11:38.75494,catlg-46274044-0b0d-4014-9da8-b07e2aeadfed,NULL,NULL
Houston Hot Chicken,org-490e23ce-6f23-4d3d-8544-8728f0965cfc,loc-bc017a27-667a-4bcd-b10c-a0e21794d992,Phoenix - Camelback,catlg-46274044-0b0d-4014-9da8-b07e2aeadfed,Phoenix - Camelback Catalog,False,2026-03-20 19:18:28.317691,2026-05-28 20:01:05.988273,189738,itm-c5639ef8-2aae-4291-b7ee-72903ec0c430,Chilled Strawberry Hibiscus Lemonade,1,NULL,3,Item,,NULL,NULL,NULL,False,NULL,NULL,NULL,True,False,2026-03-20 19:23:52.87187,2026-05-21 07:42:30.988143,4.990,2026-03-27 21:46:27.054386,2026-03-20 22:52:39.312782,2026-05-29 03:11:38.75494,catlg-46274044-0b0d-4014-9da8-b07e2aeadfed,NULL,NULL
Houston Hot Chicken,org-490e23ce-6f23-4d3d-8544-8728f0965cfc,loc-bc017a27-667a-4bcd-b10c-a0e21794d992,Phoenix - Camelback,catlg-46274044-0b0d-4014-9da8-b07e2aeadfed,Phoenix - Camelback Catalog,False,2026-03-20 19:18:28.317691,2026-05-28 20:01:05.988273,189832,itm-ee819886-8926-474d-9dde-e33a7b144628,Frozen Blueberry Lavender Lemonade,1,NULL,3,Item,,NULL,NULL,NULL,False,NULL,NULL,NULL,True,False,2026-03-20 19:23:52.87187,2026-05-21 07:42:31.084153,5.990,2026-03-27 21:46:27.054387,2026-03-20 22:52:39.312782,2026-05-29 03:11:38.75494,catlg-46274044-0b0d-4014-9da8-b07e2aeadfed,NULL,NULL
Houston Hot Chicken,org-490e23ce-6f23-4d3d-8544-8728f0965cfc,loc-bc017a27-667a-4bcd-b10c-a0e21794d992,Phoenix - Camelback,catlg-46274044-0b0d-4014-9da8-b07e2aeadfed,Phoenix - Camelback Catalog,False,2026-03-20 19:18:28.317691,2026-05-28 20:01:05.988273,189809,itm-86a795a2-1d3e-45cf-b021-68826343b277,Small Fountain Drink,1,NULL,3,Item,,NULL,NULL,NULL,False,NULL,NULL,NULL,True,False,2026-03-20 19:23:52.87187,2026-05-21 07:42:31.082738,2.290,2026-03-20 19:23:55.067896,2026-03-20 22:52:39.312782,2026-05-29 03:11:38.75494,catlg-46274044-0b0d-4014-9da8-b07e2aeadfed,NULL,NULL
Houston Hot Chicken,org-490e23ce-6f23-4d3d-8544-8728f0965cfc,loc-bc017a27-667a-4bcd-b10c-a0e21794d992,Phoenix - Camelback,catlg-46274044-0b0d-4014-9da8-b07e2aeadfed,Phoenix - Camelback Catalog,False,2026-03-20 19:18:28.317691,2026-05-28 20:01:05.988273,189836,itm-5b9932cd-c6c3-4725-a91a-acf549a20ca0,Pellegrino Sparkling,1,NULL,3,Item,,NULL,NULL,NULL,False,NULL,NULL,NULL,True,False,2026-03-20 19:23:52.87187,2026-05-21 07:42:30.997666,2.500,2026-03-20 19:23:55.117493,2026-03-20 22:52:39.312782,2026-05-29 03:11:38.75494,catlg-46274044-0b0d-4014-9da8-b07e2aeadfed,NULL,NULL
Houston Hot Chicken,org-490e23ce-6f23-4d3d-8544-8728f0965cfc,loc-bc017a27-667a-4bcd-b10c-a0e21794d992,Phoenix - Camelback,catlg-46274044-0b0d-4014-9da8-b07e2aeadfed,Phoenix - Camelback Catalog,False,2026-03-20 19:18:28.317691,2026-05-28 20:01:05.988273,189761,itm-b10fbc07-2b8a-4cba-a76d-b5399dddc708,Kids Honest Juice,1,NULL,3,Item,,NULL,NULL,NULL,False,NULL,NULL,NULL,True,False,2026-03-20 19:23:52.87187,2026-05-21 07:42:30.999169,1.500,2026-03-20 19:23:55.121705,2026-03-20 22:52:39.312782,2026-05-29 03:11:38.75494,catlg-46274044-0b0d-4014-9da8-b07e2aeadfed,NULL,NULL
Houston Hot Chicken,org-490e23ce-6f23-4d3d-8544-8728f0965cfc,loc-bc017a27-667a-4bcd-b10c-a0e21794d992,Phoenix - Camelback,catlg-46274044-0b0d-4014-9da8-b07e2aeadfed,Phoenix - Camelback Catalog,False,2026-03-20 19:18:28.317691,2026-05-28 20:01:05.988273,189789,itm-ef659dad-beda-461b-be83-feed9956fa91,Lemonade Refill,1,NULL,3,Item,,NULL,NULL,NULL,False,NULL,NULL,NULL,True,False,2026-03-20 19:23:52.87187,2026-05-21 07:37:28.960028,2.000,2026-03-20 19:23:55.126742,2026-03-20 22:52:39.312782,2026-05-29 03:11:38.75494,catlg-46274044-0b0d-4014-9da8-b07e2aeadfed,NULL,NULL
Houston Hot Chicken,org-490e23ce-6f23-4d3d-8544-8728f0965cfc,loc-bc017a27-667a-4bcd-b10c-a0e21794d992,Phoenix - Camelback,catlg-46274044-0b0d-4014-9da8-b07e2aeadfed,Phoenix - Camelback Catalog,False,2026-03-20 19:18:28.317691,2026-05-28 20:01:05.988273,189787,itm-8f8bfd1d-586a-4bf8-a28f-56e0669a8907,Milkshake Vanilla,1,NULL,3,Item,,NULL,NULL,NULL,False,NULL,NULL,NULL,True,False,2026-03-20 19:23:52.87187,2026-05-21 07:42:31.067297,4.990,2026-03-20 19:23:55.131294,2026-03-20 22:52:39.312782,2026-05-29 03:11:38.75494,catlg-46274044-0b0d-4014-9da8-b07e2aeadfed,NULL,NULL
Houston Hot Chicken,org-490e23ce-6f23-4d3d-8544-8728f0965cfc,loc-bc017a27-667a-4bcd-b10c-a0e21794d992,Phoenix - Camelback,catlg-46274044-0b0d-4014-9da8-b07e2aeadfed,Phoenix - Camelback Catalog,False,2026-03-20 19:18:28.317691,2026-05-28 20:01:05.988273,189766,itm-a6c8aaed-3b1c-4a82-bfc6-95991e3ebc72,Milkshake Strawberry,1,NULL,3,Item,,NULL,NULL,NULL,False,NULL,NULL,NULL,True,False,2026-03-20 19:23:52.87187,2026-05-21 17:10:03.230583,4.990,2026-03-20 19:23:55.14202,2026-03-20 22:52:39.312782,2026-05-29 03:11:38.75494,catlg-46274044-0b0d-4014-9da8-b07e2aeadfed,NULL,NULL
Houston Hot Chicken,org-490e23ce-6f23-4d3d-8544-8728f0965cfc,loc-bc017a27-667a-4bcd-b10c-a0e21794d992,Phoenix - Camelback,catlg-46274044-0b0d-4014-9da8-b07e2aeadfed,Phoenix - Camelback Catalog,False,2026-03-20 19:18:28.317691,2026-05-28 20:01:05.988273,189800,itm-82d2e118-8c88-49a2-bdf2-2f4a4c7cffa2,Shake N' Waffle,1,NULL,4,Item,,NULL,NULL,NULL,False,NULL,NULL,NULL,True,False,2026-03-20 19:23:52.87187,2026-05-21 07:42:31.075646,6.500,2026-03-20 19:23:55.146689,2026-03-20 22:52:39.312782,2026-05-29 03:11:38.75494,catlg-46274044-0b0d-4014-9da8-b07e2aeadfed,NULL,NULL
Houston Hot Chicken,org-490e23ce-6f23-4d3d-8544-8728f0965cfc,loc-bc017a27-667a-4bcd-b10c-a0e21794d992,Phoenix - Camelback,catlg-46274044-0b0d-4014-9da8-b07e2aeadfed,Phoenix - Camelback Catalog,False,2026-03-20 19:18:28.317691,2026-05-28 20:01:05.988273,189786,itm-581515ec-47a9-4abc-aea2-9db4537f87c2,Chocolate Chip Wheely,1,NULL,4,Item,,NULL,NULL,NULL,False,NULL,NULL,NULL,True,False,2026-03-20 19:23:52.87187,2026-05-21 07:42:30.989881,3.950,2026-03-20 19:23:55.150917,2026-03-20 22:52:39.312782,2026-05-29 03:11:38.75494,catlg-46274044-0b0d-4014-9da8-b07e2aeadfed,NULL,NULL
Houston Hot Chicken,org-490e23ce-6f23-4d3d-8544-8728f0965cfc,loc-bc017a27-667a-4bcd-b10c-a0e21794d992,Phoenix - Camelback,catlg-46274044-0b0d-4014-9da8-b07e2aeadfed,Phoenix - Camelback Catalog,False,2026-03-20 19:18:28.317691,2026-05-28 20:01:05.988273,189826,itm-e5bc4e0e-fcf1-4bf2-b3e2-24f42cd1309d,Cookie Monster Wheely,1,NULL,4,Item,,NULL,NULL,NULL,False,NULL,NULL,NULL,True,False,2026-03-20 19:23:52.87187,2026-05-21 07:42:31.034604,3.950,2026-03-20 19:23:55.155005,2026-03-20 22:52:39.312782,2026-05-29 03:11:38.75494,catlg-46274044-0b0d-4014-9da8-b07e2aeadfed,NULL,NULL
Houston Hot Chicken,org-490e23ce-6f23-4d3d-8544-8728f0965cfc,loc-bc017a27-667a-4bcd-b10c-a0e21794d992,Phoenix - Camelback,catlg-46274044-0b0d-4014-9da8-b07e2aeadfed,Phoenix - Camelback Catalog,False,2026-03-20 19:18:28.317691,2026-05-28 20:01:05.988273,189840,itm-b42f0252-840d-4a6d-bde5-aea3dc96401b,Red Velvet Wheely,1,NULL,4,Item,,NULL,NULL,NULL,False,NULL,NULL,NULL,True,False,2026-03-20 19:23:52.87187,2026-05-21 07:42:31.001967,3.950,2026-03-20 19:23:55.159212,2026-03-20 22:52:39.312782,2026-05-29 03:11:38.75494,catlg-46274044-0b0d-4014-9da8-b07e2aeadfed,NULL,NULL
Houston Hot Chicken,org-490e23ce-6f23-4d3d-8544-8728f0965cfc,loc-bc017a27-667a-4bcd-b10c-a0e21794d992,Phoenix - Camelback,catlg-46274044-0b0d-4014-9da8-b07e2aeadfed,Phoenix - Camelback Catalog,False,2026-03-20 19:18:28.317691,2026-05-28 20:01:05.988273,189837,itm-c877863b-53bd-4b0b-8d56-4182b2c691c3,Ranch (2 oz),1,NULL,7,Item,,NULL,NULL,NULL,False,NULL,NULL,NULL,True,False,2026-03-20 19:23:52.87187,2026-05-21 07:42:31.077109,1.000,2026-03-20 19:23:55.167132,2026-03-20 22:52:39.312782,2026-05-29 03:11:38.75494,catlg-46274044-0b0d-4014-9da8-b07e2aeadfed,NULL,NULL
Houston Hot Chicken,org-490e23ce-6f23-4d3d-8544-8728f0965cfc,loc-bc017a27-667a-4bcd-b10c-a0e21794d992,Phoenix - Camelback,catlg-46274044-0b0d-4014-9da8-b07e2aeadfed,Phoenix - Camelback Catalog,False,2026-03-20 19:18:28.317691,2026-05-28 20:01:05.988273,189741,itm-fdc7150c-5479-44fc-93e2-b18edf182944,Large Cheese Sauce (8oz),1,NULL,7,Item,,NULL,NULL,NULL,False,NULL,NULL,NULL,True,False,2026-03-20 19:23:52.87187,2026-05-21 07:42:31.096159,4.000,2026-03-20 19:23:55.198121,2026-03-20 22:52:39.312782,2026-05-29 03:11:38.75494,catlg-46274044-0b0d-4014-9da8-b07e2aeadfed,NULL,NULL
Houston Hot Chicken,org-490e23ce-6f23-4d3d-8544-8728f0965cfc,loc-bc017a27-667a-4bcd-b10c-a0e21794d992,Phoenix - Camelback,catlg-46274044-0b0d-4014-9da8-b07e2aeadfed,Phoenix - Camelback Catalog,False,2026-03-20 19:18:28.317691,2026-05-28 20:01:05.988273,189745,itm-2832f5ca-87e9-4b9a-aeae-e0e9f637eb5a,Large Ranch (8oz),1,NULL,7,Item,,NULL,NULL,NULL,False,NULL,NULL,NULL,True,False,2026-03-20 19:23:52.87187,2026-05-21 07:42:30.964051,4.000,2026-03-20 19:23:55.202419,2026-03-20 22:52:39.312782,2026-05-29 03:11:38.75494,catlg-46274044-0b0d-4014-9da8-b07e2aeadfed,NULL,NULL
Houston Hot Chicken,org-490e23ce-6f23-4d3d-8544-8728f0965cfc,loc-bc017a27-667a-4bcd-b10c-a0e21794d992,Phoenix - Camelback,catlg-46274044-0b0d-4014-9da8-b07e2aeadfed,Phoenix - Camelback Catalog,False,2026-03-20 19:18:28.317691,2026-05-28 20:01:05.988273,189735,itm-734c27d2-ecd6-427b-b48d-68284ad5e5b0,Large House Sauce (8oz),1,NULL,7,Item,,NULL,NULL,NULL,False,NULL,NULL,NULL,True,False,2026-03-20 19:23:52.87187,2026-05-21 07:42:31.004763,4.000,2026-03-20 19:23:55.207076,2026-03-20 22:52:39.312782,2026-05-29 03:11:38.75494,catlg-46274044-0b0d-4014-9da8-b07e2aeadfed,NULL,NULL
Houston Hot Chicken,org-490e23ce-6f23-4d3d-8544-8728f0965cfc,loc-bc017a27-667a-4bcd-b10c-a0e21794d992,Phoenix - Camelback,catlg-46274044-0b0d-4014-9da8-b07e2aeadfed,Phoenix - Camelback Catalog,False,2026-03-20 19:18:28.317691,2026-05-28 20:01:05.988273,189774,itm-dabf9c8c-af38-4127-a3a2-084b1a1b7e85,Honey (1 oz),1,NULL,7,Item,,NULL,NULL,NULL,False,NULL,NULL,NULL,True,False,2026-03-20 19:23:52.87187,2026-05-21 07:42:31.03594,0.500,2026-03-20 19:23:55.211671,2026-03-20 22:52:39.312782,2026-05-29 03:11:38.75494,catlg-46274044-0b0d-4014-9da8-b07e2aeadfed,NULL,NULL
Houston Hot Chicken,org-490e23ce-6f23-4d3d-8544-8728f0965cfc,loc-bc017a27-667a-4bcd-b10c-a0e21794d992,Phoenix - Camelback,catlg-46274044-0b0d-4014-9da8-b07e2aeadfed,Phoenix - Camelback Catalog,False,2026-03-20 19:18:28.317691,2026-05-28 20:01:05.988273,189841,itm-e3ea6120-65dd-484a-89e8-70363f13be0c,HWHAP Original Hot Chicken Sandwich Meal,1,NULL,5,Item,,NULL,NULL,NULL,False,NULL,NULL,NULL,True,False,2026-03-20 19:23:52.87187,2026-05-21 07:42:30.965561,14.990,2026-03-20 19:23:55.224745,2026-03-20 22:52:39.312782,2026-05-29 03:11:38.75494,catlg-46274044-0b0d-4014-9da8-b07e2aeadfed,NULL,NULL
Houston Hot Chicken,org-490e23ce-6f23-4d3d-8544-8728f0965cfc,loc-bc017a27-667a-4bcd-b10c-a0e21794d992,Phoenix - Camelback,catlg-46274044-0b0d-4014-9da8-b07e2aeadfed,Phoenix - Camelback Catalog,False,2026-03-20 19:18:28.317691,2026-05-28 20:01:05.988273,189807,itm-c0e7064c-2a2f-480c-8ada-0e140bfdd15e,HWHAP Cheesy Hot Chicken Sandwich Meal,1,NULL,5,Item,,NULL,NULL,NULL,False,NULL,NULL,NULL,True,False,2026-03-20 19:23:52.87187,2026-05-21 07:42:30.967439,15.990,2026-03-20 19:23:55.228792,2026-03-20 22:52:39.312782,2026-05-29 03:11:38.75494,catlg-46274044-0b0d-4014-9da8-b07e2aeadfed,NULL,NULL
Houston Hot Chicken,org-490e23ce-6f23-4d3d-8544-8728f0965cfc,loc-bc017a27-667a-4bcd-b10c-a0e21794d992,Phoenix - Camelback,catlg-46274044-0b0d-4014-9da8-b07e2aeadfed,Phoenix - Camelback Catalog,False,2026-03-20 19:18:28.317691,2026-05-28 20:01:05.988273,189815,itm-3e581958-f1bc-4c6d-8078-f2f70cd44ceb,HWHAP Sandwich & Tender Meal,1,NULL,5,Item,,NULL,NULL,NULL,False,NULL,NULL,NULL,True,False,2026-03-20 19:23:52.87187,2026-05-21 07:42:30.986284,16.990,2026-03-20 19:23:55.239135,2026-03-20 22:52:39.312782,2026-05-29 03:11:38.75494,catlg-46274044-0b0d-4014-9da8-b07e2aeadfed,NULL,NULL
Houston Hot Chicken,org-490e23ce-6f23-4d3d-8544-8728f0965cfc,loc-bc017a27-667a-4bcd-b10c-a0e21794d992,Phoenix - Camelback,catlg-46274044-0b0d-4014-9da8-b07e2aeadfed,Phoenix - Camelback Catalog,False,2026-03-20 19:18:28.317691,2026-05-28 20:01:05.988273,189778,itm-fb075f97-95e4-473e-ac92-2c392bf49247,HWHAP 2 Tender Meal,1,NULL,5,Item,,NULL,NULL,NULL,False,NULL,NULL,NULL,True,False,2026-03-20 19:23:52.87187,2026-05-21 07:42:31.049524,12.990,2026-03-20 19:23:55.243077,2026-03-20 22:52:39.312782,2026-05-29 03:11:38.75494,catlg-46274044-0b0d-4014-9da8-b07e2aeadfed,NULL,NULL
Houston Hot Chicken,org-490e23ce-6f23-4d3d-8544-8728f0965cfc,loc-bc017a27-667a-4bcd-b10c-a0e21794d992,Phoenix - Camelback,catlg-46274044-0b0d-4014-9da8-b07e2aeadfed,Phoenix - Camelback Catalog,False,2026-03-20 19:18:28.317691,2026-05-28 20:01:05.988273,189825,itm-18ac688a-9d32-40f9-909b-436de8d327be,HWHAP 3 Tenders and Fries Meal,1,NULL,5,Item,,NULL,NULL,NULL,False,NULL,NULL,NULL,True,False,2026-03-20 19:23:52.87187,2026-05-21 07:42:31.064249,15.990,2026-03-20 19:23:55.248273,2026-03-20 22:52:39.312782,2026-05-29 03:11:38.75494,catlg-46274044-0b0d-4014-9da8-b07e2aeadfed,NULL,NULL
Houston Hot Chicken,org-490e23ce-6f23-4d3d-8544-8728f0965cfc,loc-bc017a27-667a-4bcd-b10c-a0e21794d992,Phoenix - Camelback,catlg-46274044-0b0d-4014-9da8-b07e2aeadfed,Phoenix - Camelback Catalog,False,2026-03-20 19:18:28.317691,2026-05-28 20:01:05.988273,189804,itm-6177b22a-ba7b-4c14-9e63-346d825ae9f0,Tenders and Waffle,1,NULL,5,Item,,NULL,NULL,NULL,False,NULL,NULL,NULL,True,False,2026-03-20 19:23:52.87187,2026-05-21 07:42:31.006101,14.990,2026-03-20 19:23:55.252975,2026-03-20 22:52:39.312782,2026-05-29 03:11:38.75494,catlg-46274044-0b0d-4014-9da8-b07e2aeadfed,NULL,NULL
Houston Hot Chicken,org-490e23ce-6f23-4d3d-8544-8728f0965cfc,loc-bc017a27-667a-4bcd-b10c-a0e21794d992,Phoenix - Camelback,catlg-46274044-0b0d-4014-9da8-b07e2aeadfed,Phoenix - Camelback Catalog,False,2026-03-20 19:18:28.317691,2026-05-28 20:01:05.988273,189792,itm-259ba08c-51bc-4368-854c-61d5b2a7f6ae,HWHAP Tenders and Slaw,1,NULL,5,Item,,NULL,NULL,NULL,False,NULL,NULL,NULL,True,False,2026-03-20 19:23:52.87187,2026-05-21 07:42:30.954515,13.990,2026-03-20 19:23:55.257567,2026-03-20 22:52:39.312782,2026-05-29 03:11:38.75494,catlg-46274044-0b0d-4014-9da8-b07e2aeadfed,NULL,NULL
Houston Hot Chicken,org-490e23ce-6f23-4d3d-8544-8728f0965cfc,loc-bc017a27-667a-4bcd-b10c-a0e21794d992,Phoenix - Camelback,catlg-46274044-0b0d-4014-9da8-b07e2aeadfed,Phoenix - Camelback Catalog,False,2026-03-20 19:18:28.317691,2026-05-28 20:01:05.988273,189733,itm-aba8cee5-e0a3-4260-9577-c253724468ec,HWHAP Texas Caesar Salad,1,NULL,1,Item,,NULL,NULL,NULL,False,NULL,NULL,NULL,True,False,2026-03-20 19:23:52.87187,2026-05-21 07:42:31.091905,15.990,2026-03-20 19:23:55.262189,2026-03-20 22:52:39.312782,2026-05-29 03:11:38.75494,catlg-46274044-0b0d-4014-9da8-b07e2aeadfed,NULL,NULL
Houston Hot Chicken,org-490e23ce-6f23-4d3d-8544-8728f0965cfc,loc-bc017a27-667a-4bcd-b10c-a0e21794d992,Phoenix - Camelback,catlg-46274044-0b0d-4014-9da8-b07e2aeadfed,Phoenix - Camelback Catalog,False,2026-03-20 19:18:28.317691,2026-05-28 20:01:05.988273,189816,itm-6af13cee-190c-4202-a470-5cfec10d2210,HWHAP 10 pc Nugget Meal,1,NULL,5,Item,,NULL,NULL,NULL,False,NULL,NULL,NULL,True,False,2026-03-20 19:23:52.87187,2026-05-21 07:42:31.037377,13.990,2026-03-20 19:23:55.280531,2026-03-20 22:52:39.312782,2026-05-29 03:11:38.75494,catlg-46274044-0b0d-4014-9da8-b07e2aeadfed,NULL,NULL
Houston Hot Chicken,org-490e23ce-6f23-4d3d-8544-8728f0965cfc,loc-bc017a27-667a-4bcd-b10c-a0e21794d992,Phoenix - Camelback,catlg-46274044-0b0d-4014-9da8-b07e2aeadfed,Phoenix - Camelback Catalog,False,2026-03-20 19:18:28.317691,2026-05-28 20:01:05.988273,189775,itm-4b258204-a50f-4613-913d-4d5fe4d3ea78,HWHAP 15 pc Nugget Meal,1,NULL,5,Item,,NULL,NULL,NULL,False,NULL,NULL,NULL,True,False,2026-03-20 19:23:52.87187,2026-05-21 07:42:31.039116,15.990,2026-03-20 19:23:55.284975,2026-03-20 22:52:39.312782,2026-05-29 03:11:38.75494,catlg-46274044-0b0d-4014-9da8-b07e2aeadfed,NULL,NULL
Houston Hot Chicken,org-490e23ce-6f23-4d3d-8544-8728f0965cfc,loc-bc017a27-667a-4bcd-b10c-a0e21794d992,Phoenix - Camelback,catlg-46274044-0b0d-4014-9da8-b07e2aeadfed,Phoenix - Camelback Catalog,False,2026-03-20 19:18:28.317691,2026-05-28 20:01:05.988273,189753,itm-ee1a437b-3b30-4455-813d-319382b31ca9,HWHAP Cheesy Sandwich (a la carte),1,NULL,1,Item,,NULL,NULL,NULL,False,NULL,NULL,NULL,True,False,2026-03-20 19:23:52.87187,2026-05-21 07:42:31.00746,12.990,2026-03-20 19:23:55.294011,2026-03-20 22:52:39.312782,2026-05-29 03:11:38.75494,catlg-46274044-0b0d-4014-9da8-b07e2aeadfed,NULL,NULL
Houston Hot Chicken,org-490e23ce-6f23-4d3d-8544-8728f0965cfc,loc-bc017a27-667a-4bcd-b10c-a0e21794d992,Phoenix - Camelback,catlg-46274044-0b0d-4014-9da8-b07e2aeadfed,Phoenix - Camelback Catalog,False,2026-03-20 19:18:28.317691,2026-05-28 20:01:05.988273,189805,itm-f3464a78-fee8-4160-b8cc-832434d81bf9,HWHAP Tender (a la carte),1,NULL,1,Item,,NULL,NULL,NULL,False,NULL,NULL,NULL,True,False,2026-03-20 19:23:52.87187,2026-05-21 07:42:31.018235,5.990,2026-03-20 19:23:55.298281,2026-03-20 22:52:39.312782,2026-05-29 03:11:38.75494,catlg-46274044-0b0d-4014-9da8-b07e2aeadfed,NULL,NULL
Houston Hot Chicken,org-490e23ce-6f23-4d3d-8544-8728f0965cfc,loc-bc017a27-667a-4bcd-b10c-a0e21794d992,Phoenix - Camelback,catlg-46274044-0b0d-4014-9da8-b07e2aeadfed,Phoenix - Camelback Catalog,False,2026-03-20 19:18:28.317691,2026-05-28 20:01:05.988273,189755,itm-f0385894-3d01-4874-b815-7747fb2fe161,HWHAP Original Sandwich (a la carte),1,NULL,1,Item,,NULL,NULL,NULL,False,NULL,NULL,NULL,True,False,2026-03-20 19:23:52.87187,2026-05-21 07:42:31.019912,11.990,2026-03-20 19:23:55.302509,2026-03-20 22:52:39.312782,2026-05-29 03:11:38.75494,catlg-46274044-0b0d-4014-9da8-b07e2aeadfed,NULL,NULL
Houston Hot Chicken,org-490e23ce-6f23-4d3d-8544-8728f0965cfc,loc-bc017a27-667a-4bcd-b10c-a0e21794d992,Phoenix - Camelback,catlg-46274044-0b0d-4014-9da8-b07e2aeadfed,Phoenix - Camelback Catalog,False,2026-03-20 19:18:28.317691,2026-05-28 20:01:05.988273,189819,itm-c4f3f0c5-c57a-40d7-a3a2-b12fbcb29fef,HWHAP Classic Sandwich (a la carte),1,NULL,1,Item,,NULL,NULL,NULL,False,NULL,NULL,NULL,True,False,2026-03-20 19:23:52.87187,2026-05-21 07:42:31.050873,10.990,2026-03-20 19:23:55.307257,2026-03-20 22:52:39.312782,2026-05-29 03:11:38.75494,catlg-46274044-0b0d-4014-9da8-b07e2aeadfed,NULL,NULL
Houston Hot Chicken,org-490e23ce-6f23-4d3d-8544-8728f0965cfc,loc-bc017a27-667a-4bcd-b10c-a0e21794d992,Phoenix - Camelback,catlg-46274044-0b0d-4014-9da8-b07e2aeadfed,Phoenix - Camelback Catalog,False,2026-03-20 19:18:28.317691,2026-05-28 20:01:05.988273,189828,itm-b276eb1b-2c09-4ce4-baed-558139aea853,HWHAP 15 pc Nuggets (a la carte),1,NULL,1,Item,,NULL,NULL,NULL,False,NULL,NULL,NULL,True,False,2026-03-20 19:23:52.87187,2026-05-21 07:42:31.041937,13.990,2026-03-20 19:23:55.31118,2026-03-20 22:52:39.312782,2026-05-29 03:11:38.75494,catlg-46274044-0b0d-4014-9da8-b07e2aeadfed,NULL,NULL
Houston Hot Chicken,org-490e23ce-6f23-4d3d-8544-8728f0965cfc,loc-bc017a27-667a-4bcd-b10c-a0e21794d992,Phoenix - Camelback,catlg-46274044-0b0d-4014-9da8-b07e2aeadfed,Phoenix - Camelback Catalog,False,2026-03-20 19:18:28.317691,2026-05-28 20:01:05.988273,189748,itm-bfd46d5a-e398-4286-9793-578952d09655,HWHAP 5 pc Nuggets (a la carte),1,NULL,1,Item,,NULL,NULL,NULL,False,NULL,NULL,NULL,True,False,2026-03-20 19:23:52.87187,2026-05-21 07:42:31.008911,5.990,2026-03-20 19:23:55.319762,2026-03-20 22:52:39.312782,2026-05-29 03:11:38.75494,catlg-46274044-0b0d-4014-9da8-b07e2aeadfed,NULL,NULL
Houston Hot Chicken,org-490e23ce-6f23-4d3d-8544-8728f0965cfc,loc-bc017a27-667a-4bcd-b10c-a0e21794d992,Phoenix - Camelback,catlg-46274044-0b0d-4014-9da8-b07e2aeadfed,Phoenix - Camelback Catalog,False,2026-03-20 19:18:28.317691,2026-05-28 20:01:05.988273,189744,itm-9efa06bb-1d5d-4a0e-9909-e723da5e3dbc,HWHAP Chicken Tortilla Soup,1,NULL,3,Item,,NULL,NULL,NULL,False,NULL,NULL,NULL,True,False,2026-03-20 19:23:52.87187,2026-05-21 07:42:30.97212,4.990,2026-03-20 19:23:55.324797,2026-03-20 22:52:39.312782,2026-05-29 03:11:38.75494,catlg-46274044-0b0d-4014-9da8-b07e2aeadfed,NULL,NULL
Houston Hot Chicken,org-490e23ce-6f23-4d3d-8544-8728f0965cfc,loc-bc017a27-667a-4bcd-b10c-a0e21794d992,Phoenix - Camelback,catlg-46274044-0b0d-4014-9da8-b07e2aeadfed,Phoenix - Camelback Catalog,False,2026-03-20 19:18:28.317691,2026-05-28 20:01:05.988273,189827,itm-acea98e0-3a88-4f0e-b0c0-2b1303b18120,Chips Platter,1,NULL,5,Item,,NULL,NULL,NULL,False,NULL,NULL,NULL,True,False,2026-03-20 19:23:52.87187,2026-05-21 07:42:31.088713,20.000,2026-04-22 15:25:09.733737,2026-03-20 22:52:39.312782,2026-05-29 03:11:38.75494,catlg-46274044-0b0d-4014-9da8-b07e2aeadfed,NULL,NULL
Houston Hot Chicken,org-490e23ce-6f23-4d3d-8544-8728f0965cfc,loc-bc017a27-667a-4bcd-b10c-a0e21794d992,Phoenix - Camelback,catlg-46274044-0b0d-4014-9da8-b07e2aeadfed,Phoenix - Camelback Catalog,False,2026-03-20 19:18:28.317691,2026-05-28 20:01:05.988273,189780,itm-9627e762-46d3-499f-ba06-a7a185f14f01,The Mondi,1,NULL,6,Item,,NULL,NULL,NULL,False,NULL,NULL,NULL,True,False,2026-03-20 19:23:52.87187,2026-05-21 10:34:26.46325,5.990,2026-03-20 19:23:55.355884,2026-03-20 22:52:39.312782,2026-05-29 03:11:38.75494,catlg-46274044-0b0d-4014-9da8-b07e2aeadfed,NULL,NULL
Houston Hot Chicken,org-490e23ce-6f23-4d3d-8544-8728f0965cfc,loc-bc017a27-667a-4bcd-b10c-a0e21794d992,Phoenix - Camelback,catlg-46274044-0b0d-4014-9da8-b07e2aeadfed,Phoenix - Camelback Catalog,False,2026-03-20 19:18:28.317691,2026-05-28 20:01:05.988273,189757,itm-6036372c-c3fe-4ad3-a996-941f27ff45a4,Original Party Package,1,NULL,5,Item,,NULL,NULL,NULL,False,NULL,NULL,NULL,True,False,2026-03-20 19:23:52.87187,2026-05-21 07:42:31.093308,150.000,2026-03-20 19:23:55.3647,2026-03-20 22:52:39.312782,2026-05-29 03:11:38.75494,catlg-46274044-0b0d-4014-9da8-b07e2aeadfed,NULL,NULL
Houston Hot Chicken,org-490e23ce-6f23-4d3d-8544-8728f0965cfc,loc-bc017a27-667a-4bcd-b10c-a0e21794d992,Phoenix - Camelback,catlg-46274044-0b0d-4014-9da8-b07e2aeadfed,Phoenix - Camelback Catalog,False,2026-03-20 19:18:28.317691,2026-05-28 20:01:05.988273,189772,itm-a9b337c1-d18a-45b8-9a86-11acd57259f1,Waffle Platter (10),1,NULL,2,Item,,NULL,NULL,NULL,False,NULL,NULL,NULL,True,False,2026-03-20 19:23:52.87187,2026-05-21 07:42:31.012202,50.000,2026-03-20 19:23:55.385535,2026-03-20 22:52:39.312782,2026-05-29 03:11:38.75494,catlg-46274044-0b0d-4014-9da8-b07e2aeadfed,NULL,NULL
Houston Hot Chicken,org-490e23ce-6f23-4d3d-8544-8728f0965cfc,loc-bc017a27-667a-4bcd-b10c-a0e21794d992,Phoenix - Camelback,catlg-46274044-0b0d-4014-9da8-b07e2aeadfed,Phoenix - Camelback Catalog,False,2026-03-20 19:18:28.317691,2026-05-28 20:01:05.988273,189829,itm-c7ee6356-20d3-4ceb-bfc3-3abb6fdcbe7b,Coleslaw Platter,1,NULL,2,Item,,NULL,NULL,NULL,False,NULL,NULL,NULL,True,False,2026-03-20 19:23:52.87187,2026-05-21 07:42:31.046679,27.950,2026-03-20 19:23:55.38957,2026-03-20 22:52:39.312782,2026-05-29 03:11:38.75494,catlg-46274044-0b0d-4014-9da8-b07e2aeadfed,NULL,NULL
Houston Hot Chicken,org-490e23ce-6f23-4d3d-8544-8728f0965cfc,loc-bc017a27-667a-4bcd-b10c-a0e21794d992,Phoenix - Camelback,catlg-46274044-0b0d-4014-9da8-b07e2aeadfed,Phoenix - Camelback Catalog,False,2026-03-20 19:18:28.317691,2026-05-28 20:01:05.988273,189844,itm-8539559c-46fa-4f48-81a4-ca18aafb3c3b,Tender and Waffle Platter (20 tenders/10 waffles),1,NULL,5,Item,,NULL,NULL,NULL,False,NULL,NULL,NULL,True,False,2026-03-20 19:23:52.87187,2026-05-21 07:42:31.100804,130.000,2026-03-20 19:23:55.393555,2026-03-20 22:52:39.312782,2026-05-29 03:11:38.75494,catlg-46274044-0b0d-4014-9da8-b07e2aeadfed,NULL,NULL
Houston Hot Chicken,org-490e23ce-6f23-4d3d-8544-8728f0965cfc,loc-bc017a27-667a-4bcd-b10c-a0e21794d992,Phoenix - Camelback,catlg-46274044-0b0d-4014-9da8-b07e2aeadfed,Phoenix - Camelback Catalog,False,2026-03-20 19:18:28.317691,2026-05-28 20:01:05.988273,189734,itm-d9aae901-9661-4c7e-a12f-1ba067b67164,Large Chips Platter,1,NULL,2,Item,,NULL,NULL,NULL,False,NULL,NULL,NULL,True,False,2026-03-20 19:23:52.87187,2026-05-21 07:42:31.085943,30.000,2026-03-20 19:23:55.401748,2026-03-20 22:52:39.312782,2026-05-29 03:11:38.75494,catlg-46274044-0b0d-4014-9da8-b07e2aeadfed,NULL,NULL
Houston Hot Chicken,org-490e23ce-6f23-4d3d-8544-8728f0965cfc,loc-bc017a27-667a-4bcd-b10c-a0e21794d992,Phoenix - Camelback,catlg-46274044-0b0d-4014-9da8-b07e2aeadfed,Phoenix - Camelback Catalog,False,2026-03-20 19:18:28.317691,2026-05-28 20:01:05.988273,189813,itm-b6cd3ea9-de8b-4dd5-a1bc-a755a36a93f1,Large Fry Platter,1,NULL,2,Item,,NULL,NULL,NULL,False,NULL,NULL,NULL,True,False,2026-03-20 19:23:52.87187,2026-05-21 07:42:30.992745,56.000,2026-03-20 19:23:55.413467,2026-03-20 22:52:39.312782,2026-05-29 03:11:38.75494,catlg-46274044-0b0d-4014-9da8-b07e2aeadfed,NULL,NULL
Houston Hot Chicken,org-490e23ce-6f23-4d3d-8544-8728f0965cfc,loc-bc017a27-667a-4bcd-b10c-a0e21794d992,Phoenix - Camelback,catlg-46274044-0b0d-4014-9da8-b07e2aeadfed,Phoenix - Camelback Catalog,False,2026-03-20 19:18:28.317691,2026-05-28 20:01:05.988273,189732,itm-aa06c34b-bd82-485b-ba88-63d1d9b97a8c,Shareable Caesar Salad,1,NULL,1,Item,,NULL,NULL,NULL,False,NULL,NULL,NULL,True,False,2026-03-20 19:23:52.87187,2026-05-21 07:42:31.013642,40.000,2026-03-20 19:23:55.419358,2026-03-20 22:52:39.312782,2026-05-29 03:11:38.75494,catlg-46274044-0b0d-4014-9da8-b07e2aeadfed,NULL,NULL
Houston Hot Chicken,org-490e23ce-6f23-4d3d-8544-8728f0965cfc,loc-bc017a27-667a-4bcd-b10c-a0e21794d992,Phoenix - Camelback,catlg-46274044-0b0d-4014-9da8-b07e2aeadfed,Phoenix - Camelback Catalog,False,2026-03-20 19:18:28.317691,2026-05-28 20:01:05.988273,189797,itm-bb3fbcdb-d967-48cc-addf-5b1e7d293da5,Shareable Southwest Salad,1,NULL,1,Item,,NULL,NULL,NULL,False,NULL,NULL,NULL,True,False,2026-03-20 19:23:52.87187,2026-05-21 07:42:31.015014,40.000,2026-03-20 19:23:55.423554,2026-03-20 22:52:39.312782,2026-05-29 03:11:38.75494,catlg-46274044-0b0d-4014-9da8-b07e2aeadfed,NULL,NULL
Houston Hot Chicken,org-490e23ce-6f23-4d3d-8544-8728f0965cfc,loc-bc017a27-667a-4bcd-b10c-a0e21794d992,Phoenix - Camelback,catlg-46274044-0b0d-4014-9da8-b07e2aeadfed,Phoenix - Camelback Catalog,False,2026-03-20 19:18:28.317691,2026-05-28 20:01:05.988273,189762,itm-ca2933b7-1b0b-4cfe-a38f-739887d661d4,Shareable Mac & Cheese,1,NULL,2,Item,,NULL,NULL,NULL,False,NULL,NULL,NULL,True,False,2026-03-20 19:23:52.87187,2026-05-21 07:39:24.592442,55.000,2026-03-20 19:23:55.427636,2026-03-20 22:52:39.312782,2026-05-29 03:11:38.75494,catlg-46274044-0b0d-4014-9da8-b07e2aeadfed,NULL,NULL
Houston Hot Chicken,org-490e23ce-6f23-4d3d-8544-8728f0965cfc,loc-bc017a27-667a-4bcd-b10c-a0e21794d992,Phoenix - Camelback,catlg-46274044-0b0d-4014-9da8-b07e2aeadfed,Phoenix - Camelback Catalog,False,2026-03-20 19:18:28.317691,2026-05-28 20:01:05.988273,189759,itm-901132b0-8e64-46b4-95b7-4317331f39c0,Cookie Crumble,1,NULL,4,Item,,NULL,NULL,NULL,False,NULL,NULL,NULL,True,False,2026-03-20 19:23:52.87187,2026-05-21 07:42:30.950013,8.990,2026-03-24 18:11:28.285773,2026-03-20 22:52:39.312782,2026-05-29 03:11:38.75494,catlg-46274044-0b0d-4014-9da8-b07e2aeadfed,NULL,NULL
Houston Hot Chicken,org-490e23ce-6f23-4d3d-8544-8728f0965cfc,loc-bc017a27-667a-4bcd-b10c-a0e21794d992,Phoenix - Camelback,catlg-46274044-0b0d-4014-9da8-b07e2aeadfed,Phoenix - Camelback Catalog,False,2026-03-20 19:18:28.317691,2026-05-28 20:01:05.988273,189803,itm-ab5cad46-9a31-4cf7-832c-237a23aac9d9,Red Bull,1,NULL,3,Item,,NULL,NULL,NULL,False,NULL,NULL,NULL,True,False,2026-03-20 19:23:52.87187,2026-05-21 07:42:30.973499,3.990,2026-03-25 17:47:40.463744,2026-03-20 22:52:39.312782,2026-05-29 03:11:38.75494,catlg-46274044-0b0d-4014-9da8-b07e2aeadfed,NULL,NULL
Houston Hot Chicken,org-490e23ce-6f23-4d3d-8544-8728f0965cfc,loc-bc017a27-667a-4bcd-b10c-a0e21794d992,Phoenix - Camelback,catlg-46274044-0b0d-4014-9da8-b07e2aeadfed,Phoenix - Camelback Catalog,False,2026-03-20 19:18:28.317691,2026-05-28 20:01:05.988273,189790,itm-b8ec6b52-ba17-4039-b6c0-e5aa934463c7,Tender (a la carte),1,NULL,1,Item,,NULL,NULL,NULL,False,NULL,NULL,NULL,True,False,2026-03-20 19:23:52.87187,2026-05-21 07:42:30.99615,4.000,2026-03-20 19:23:55.063116,2026-03-20 22:52:39.312782,2026-05-29 03:11:38.75494,catlg-46274044-0b0d-4014-9da8-b07e2aeadfed,NULL,NULL
Houston Hot Chicken,org-490e23ce-6f23-4d3d-8544-8728f0965cfc,loc-bc017a27-667a-4bcd-b10c-a0e21794d992,Phoenix - Camelback,catlg-46274044-0b0d-4014-9da8-b07e2aeadfed,Phoenix - Camelback Catalog,False,2026-03-20 19:18:28.317691,2026-05-28 20:01:05.988273,189746,itm-c7a051df-d97e-4fed-a3b7-273c756b13bf,Original Hot Chicken Sandwich,1,NULL,1,Item,,NULL,NULL,NULL,False,NULL,NULL,NULL,True,False,2026-03-20 19:23:52.87187,2026-04-14 13:16:56.585469,12.990,2026-03-20 19:23:54.935215,2026-03-20 22:52:39.312782,2026-05-29 03:11:38.75494,catlg-46274044-0b0d-4014-9da8-b07e2aeadfed,NULL,NULL
Houston Hot Chicken,org-490e23ce-6f23-4d3d-8544-8728f0965cfc,loc-bc017a27-667a-4bcd-b10c-a0e21794d992,Phoenix - Camelback,catlg-46274044-0b0d-4014-9da8-b07e2aeadfed,Phoenix - Camelback Catalog,False,2026-03-20 19:18:28.317691,2026-05-28 20:01:05.988273,189810,itm-dd091cf4-727e-4da0-be99-d2b05ce4f35a,2 Tenders Meal,1,NULL,5,Item,,NULL,NULL,NULL,False,NULL,NULL,NULL,True,False,2026-03-20 19:23:52.87187,2026-04-14 13:16:56.585469,10.990,2026-03-20 19:23:54.943434,2026-03-20 22:52:39.312782,2026-05-29 03:11:38.75494,catlg-46274044-0b0d-4014-9da8-b07e2aeadfed,NULL,NULL
Houston Hot Chicken,org-490e23ce-6f23-4d3d-8544-8728f0965cfc,loc-bc017a27-667a-4bcd-b10c-a0e21794d992,Phoenix - Camelback,catlg-46274044-0b0d-4014-9da8-b07e2aeadfed,Phoenix - Camelback Catalog,False,2026-03-20 19:18:28.317691,2026-05-28 20:01:05.988273,189796,itm-c3e07af1-a315-4198-8dbe-d7361f5d4d85,HWHAP Fusion Fries,1,NULL,2,Item,,NULL,NULL,NULL,False,NULL,NULL,NULL,True,False,2026-03-20 19:23:52.87187,2026-05-21 07:42:30.970231,16.990,2026-03-20 19:23:55.276102,2026-03-20 22:52:39.312782,2026-05-29 03:11:38.75494,catlg-46274044-0b0d-4014-9da8-b07e2aeadfed,NULL,NULL
Houston Hot Chicken,org-490e23ce-6f23-4d3d-8544-8728f0965cfc,loc-bc017a27-667a-4bcd-b10c-a0e21794d992,Phoenix - Camelback,catlg-46274044-0b0d-4014-9da8-b07e2aeadfed,Phoenix - Camelback Catalog,False,2026-03-20 19:18:28.317691,2026-05-28 20:01:05.988273,189750,itm-761e9494-dcee-48cc-beb2-94f07ea18c8b,Frozen Cucumber Watermelon Lemonade,1,NULL,3,Item,,NULL,NULL,NULL,False,NULL,NULL,NULL,True,False,2026-03-20 19:23:52.87187,2026-05-21 07:42:31.048083,5.990,2026-03-27 21:46:27.054387,2026-03-20 22:52:39.312782,2026-05-29 03:11:38.75494,catlg-46274044-0b0d-4014-9da8-b07e2aeadfed,NULL,NULL
Houston Hot Chicken,org-490e23ce-6f23-4d3d-8544-8728f0965cfc,loc-bc017a27-667a-4bcd-b10c-a0e21794d992,Phoenix - Camelback,catlg-46274044-0b0d-4014-9da8-b07e2aeadfed,Phoenix - Camelback Catalog,False,2026-03-20 19:18:28.317691,2026-05-28 20:01:05.988273,189793,itm-66b5fdaf-22c5-4e78-9a8d-b8dd6b0e5cf3,Frozen Strawberry Hibiscus Lemonade,1,NULL,3,Item,,NULL,NULL,NULL,False,NULL,NULL,NULL,True,False,2026-03-20 19:23:52.87187,2026-05-21 07:42:30.979583,5.990,2026-03-27 21:46:27.054387,2026-03-20 22:52:39.312782,2026-05-29 03:11:38.75494,catlg-46274044-0b0d-4014-9da8-b07e2aeadfed,NULL,NULL
Houston Hot Chicken,org-490e23ce-6f23-4d3d-8544-8728f0965cfc,loc-bc017a27-667a-4bcd-b10c-a0e21794d992,Phoenix - Camelback,catlg-46274044-0b0d-4014-9da8-b07e2aeadfed,Phoenix - Camelback Catalog,False,2026-03-20 19:18:28.317691,2026-05-28 20:01:05.988273,189731,itm-a03ed59a-535f-4322-babe-094d9fc3feeb,Chilled Blueberry Lavender Lemonade,1,NULL,3,Item,,NULL,NULL,NULL,False,NULL,NULL,NULL,True,False,2026-03-20 19:23:52.87187,2026-05-21 07:42:30.978186,4.990,2026-03-27 21:46:27.054385,2026-03-20 22:52:39.312782,2026-05-29 03:11:38.75494,catlg-46274044-0b0d-4014-9da8-b07e2aeadfed,NULL,NULL
Houston Hot Chicken,org-490e23ce-6f23-4d3d-8544-8728f0965cfc,loc-bc017a27-667a-4bcd-b10c-a0e21794d992,Phoenix - Camelback,catlg-46274044-0b0d-4014-9da8-b07e2aeadfed,Phoenix - Camelback Catalog,False,2026-03-20 19:18:28.317691,2026-05-28 20:01:05.988273,189784,itm-b11b298a-6437-48eb-a622-0a7b649ba540,Aquafina,1,NULL,3,Item,,NULL,NULL,NULL,False,NULL,NULL,NULL,True,False,2026-03-20 19:23:52.87187,2026-05-21 07:42:30.983087,1.990,2026-03-20 19:23:55.113242,2026-03-20 22:52:39.312782,2026-05-29 03:11:38.75494,catlg-46274044-0b0d-4014-9da8-b07e2aeadfed,NULL,NULL
Houston Hot Chicken,org-490e23ce-6f23-4d3d-8544-8728f0965cfc,loc-bc017a27-667a-4bcd-b10c-a0e21794d992,Phoenix - Camelback,catlg-46274044-0b0d-4014-9da8-b07e2aeadfed,Phoenix - Camelback Catalog,False,2026-03-20 19:18:28.317691,2026-05-28 20:01:05.988273,189770,itm-bb004cf7-5638-458a-a025-4a6197a3fd20,Classic Sandwich Platter,1,NULL,1,Item,,NULL,NULL,NULL,False,NULL,NULL,NULL,True,False,2026-03-20 19:23:52.87187,2026-05-21 07:42:31.060342,90.000,2026-03-20 19:23:55.37273,2026-03-20 22:52:39.312782,2026-05-29 03:11:38.75494,catlg-46274044-0b0d-4014-9da8-b07e2aeadfed,NULL,NULL
Houston Hot Chicken,org-490e23ce-6f23-4d3d-8544-8728f0965cfc,loc-bc017a27-667a-4bcd-b10c-a0e21794d992,Phoenix - Camelback,catlg-46274044-0b0d-4014-9da8-b07e2aeadfed,Phoenix - Camelback Catalog,False,2026-03-20 19:18:28.317691,2026-05-28 20:01:05.988273,189830,itm-347f52f0-7613-4c78-934e-e0773ce1fa7c,10 Tender Tray,1,NULL,5,Item,,NULL,NULL,NULL,False,NULL,NULL,NULL,True,False,2026-03-20 19:23:52.87187,2026-05-21 07:42:30.975179,40.000,2026-03-20 19:23:55.376892,2026-03-20 22:52:39.312782,2026-05-29 03:11:38.75494,catlg-46274044-0b0d-4014-9da8-b07e2aeadfed,NULL,NULL
Houston Hot Chicken,org-490e23ce-6f23-4d3d-8544-8728f0965cfc,loc-bc017a27-667a-4bcd-b10c-a0e21794d992,Phoenix - Camelback,catlg-46274044-0b0d-4014-9da8-b07e2aeadfed,Phoenix - Camelback Catalog,False,2026-03-20 19:18:28.317691,2026-05-28 20:01:05.988273,189820,itm-d53628f9-dd35-4e7c-a0a8-c0950dabe0e9,20 Tender Platter,1,NULL,5,Item,,NULL,NULL,NULL,False,NULL,NULL,NULL,True,False,2026-03-20 19:23:52.87187,2026-05-21 07:42:31.044723,80.000,2026-03-20 19:23:55.381053,2026-03-20 22:52:39.312782,2026-05-29 03:11:38.75494,catlg-46274044-0b0d-4014-9da8-b07e2aeadfed,NULL,NULL
Houston Hot Chicken,org-490e23ce-6f23-4d3d-8544-8728f0965cfc,loc-bc017a27-667a-4bcd-b10c-a0e21794d992,Phoenix - Camelback,catlg-46274044-0b0d-4014-9da8-b07e2aeadfed,Phoenix - Camelback Catalog,False,2026-03-20 19:18:28.317691,2026-05-28 20:01:05.988273,189812,itm-042276fd-d984-4935-8bcb-04031d53f9d0,Loaded Fries,1,NULL,2,Item,,NULL,NULL,NULL,False,NULL,NULL,NULL,True,False,2026-03-20 19:23:52.87187,2026-04-14 13:16:56.585473,12.990,2026-03-20 19:23:54.978043,2026-03-20 22:52:39.312782,2026-05-29 03:11:38.75494,catlg-46274044-0b0d-4014-9da8-b07e2aeadfed,NULL,NULL
Houston Hot Chicken,org-490e23ce-6f23-4d3d-8544-8728f0965cfc,loc-bc017a27-667a-4bcd-b10c-a0e21794d992,Phoenix - Camelback,catlg-46274044-0b0d-4014-9da8-b07e2aeadfed,Phoenix - Camelback Catalog,False,2026-03-20 19:18:28.317691,2026-05-28 20:01:05.988273,189806,itm-28057ab2-675c-466a-8d16-0a24d92a548f,Frozen Regular Lemonade,1,NULL,3,Item,,NULL,NULL,NULL,False,NULL,NULL,NULL,True,False,2026-03-20 19:23:52.87187,2026-05-21 07:42:30.980992,5.990,2026-03-27 21:46:27.054388,2026-03-20 22:52:39.312782,2026-05-29 03:11:38.75494,catlg-46274044-0b0d-4014-9da8-b07e2aeadfed,NULL,NULL
Houston Hot Chicken,org-490e23ce-6f23-4d3d-8544-8728f0965cfc,loc-bc017a27-667a-4bcd-b10c-a0e21794d992,Phoenix - Camelback,catlg-46274044-0b0d-4014-9da8-b07e2aeadfed,Phoenix - Camelback Catalog,False,2026-03-20 19:18:28.317691,2026-05-28 20:01:05.988273,189729,itm-1b749dcb-f4ff-43ef-b3b5-52cff9a37583,Regular Fountain Drink,1,NULL,3,Item,,NULL,NULL,NULL,False,NULL,NULL,NULL,True,False,2026-03-20 19:23:52.87187,2026-05-21 07:42:31.028791,2.990,2026-03-20 19:23:55.073224,2026-03-20 22:52:39.312782,2026-05-29 03:11:38.75494,catlg-46274044-0b0d-4014-9da8-b07e2aeadfed,NULL,NULL
Houston Hot Chicken,org-490e23ce-6f23-4d3d-8544-8728f0965cfc,loc-bc017a27-667a-4bcd-b10c-a0e21794d992,Phoenix - Camelback,catlg-46274044-0b0d-4014-9da8-b07e2aeadfed,Phoenix - Camelback Catalog,False,2026-03-20 19:18:28.317691,2026-05-28 20:01:05.988273,189747,itm-1b44e9cc-c651-45e1-8b77-c0d97bda672b,Milkshake Chocolate,1,NULL,3,Item,,NULL,NULL,NULL,False,NULL,NULL,NULL,True,False,2026-03-20 19:23:52.87187,2026-05-21 17:10:03.230582,4.990,2026-03-20 19:23:55.137784,2026-03-20 22:52:39.312782,2026-05-29 03:11:38.75494,catlg-46274044-0b0d-4014-9da8-b07e2aeadfed,NULL,NULL
Houston Hot Chicken,org-490e23ce-6f23-4d3d-8544-8728f0965cfc,loc-bc017a27-667a-4bcd-b10c-a0e21794d992,Phoenix - Camelback,catlg-46274044-0b0d-4014-9da8-b07e2aeadfed,Phoenix - Camelback Catalog,False,2026-03-20 19:18:28.317691,2026-05-28 20:01:05.988273,189776,itm-185e8a5b-61f3-459a-9905-dd9ebbb827dc,House Sauce (2 oz),1,NULL,2,Item,,NULL,NULL,NULL,False,NULL,NULL,NULL,True,False,2026-03-20 19:23:52.87187,2026-05-21 07:42:31.003433,1.000,2026-03-20 19:23:55.163596,2026-03-20 22:52:39.312782,2026-05-29 03:11:38.75494,catlg-46274044-0b0d-4014-9da8-b07e2aeadfed,NULL,NULL
Houston Hot Chicken,org-490e23ce-6f23-4d3d-8544-8728f0965cfc,loc-bc017a27-667a-4bcd-b10c-a0e21794d992,Phoenix - Camelback,catlg-46274044-0b0d-4014-9da8-b07e2aeadfed,Phoenix - Camelback Catalog,False,2026-03-20 19:18:28.317691,2026-05-28 20:01:05.988273,189767,itm-0020ec44-11f6-4730-a5f3-206652882d31,Maple Syrup (2 oz),1,NULL,7,Item,,NULL,NULL,NULL,False,NULL,NULL,NULL,True,False,2026-03-20 19:23:52.87187,2026-05-21 07:42:31.097671,0.500,2026-03-20 19:23:55.215957,2026-03-20 22:52:39.312782,2026-05-29 03:11:38.75494,catlg-46274044-0b0d-4014-9da8-b07e2aeadfed,NULL,NULL
Houston Hot Chicken,org-490e23ce-6f23-4d3d-8544-8728f0965cfc,loc-bc017a27-667a-4bcd-b10c-a0e21794d992,Phoenix - Camelback,catlg-46274044-0b0d-4014-9da8-b07e2aeadfed,Phoenix - Camelback Catalog,False,2026-03-20 19:18:28.317691,2026-05-28 20:01:05.988273,189833,itm-17198964-f83f-4b9b-ae6a-8fe9eb4511ac,Buffalo Sauce (2oz),1,NULL,7,Item,,NULL,NULL,NULL,False,NULL,NULL,NULL,True,False,2026-03-20 19:23:52.87187,2026-05-21 07:42:31.099407,1.000,2026-03-20 19:23:55.220222,2026-03-20 22:52:39.312782,2026-05-29 03:11:38.75494,catlg-46274044-0b0d-4014-9da8-b07e2aeadfed,NULL,NULL
Houston Hot Chicken,org-490e23ce-6f23-4d3d-8544-8728f0965cfc,loc-bc017a27-667a-4bcd-b10c-a0e21794d992,Phoenix - Camelback,catlg-46274044-0b0d-4014-9da8-b07e2aeadfed,Phoenix - Camelback Catalog,False,2026-03-20 19:18:28.317691,2026-05-28 20:01:05.988273,189737,itm-21395a44-08e9-4600-ab09-b4a13f71f27a,HWHAP Classic Chicken Sandwich Meal,1,NULL,5,Item,,NULL,NULL,NULL,False,NULL,NULL,NULL,True,False,2026-03-20 19:23:52.87187,2026-05-21 07:42:30.968824,13.990,2026-03-20 19:23:55.234515,2026-03-20 22:52:39.312782,2026-05-29 03:11:38.75494,catlg-46274044-0b0d-4014-9da8-b07e2aeadfed,NULL,NULL
Houston Hot Chicken,org-490e23ce-6f23-4d3d-8544-8728f0965cfc,loc-bc017a27-667a-4bcd-b10c-a0e21794d992,Phoenix - Camelback,catlg-46274044-0b0d-4014-9da8-b07e2aeadfed,Phoenix - Camelback Catalog,False,2026-03-20 19:18:28.317691,2026-05-28 20:01:05.988273,189728,itm-0310236c-afd6-4920-9e5d-b28f6b139ca1,HWHAP SPICE CHALLENGE,1,NULL,5,Item,,NULL,NULL,NULL,False,NULL,NULL,NULL,True,False,2026-03-20 19:23:52.87187,2026-05-21 10:34:26.450964,12.000,2026-03-20 19:23:55.289457,2026-03-20 22:52:39.312782,2026-05-29 03:11:38.75494,catlg-46274044-0b0d-4014-9da8-b07e2aeadfed,NULL,NULL
Houston Hot Chicken,org-490e23ce-6f23-4d3d-8544-8728f0965cfc,loc-bc017a27-667a-4bcd-b10c-a0e21794d992,Phoenix - Camelback,catlg-46274044-0b0d-4014-9da8-b07e2aeadfed,Phoenix - Camelback Catalog,False,2026-03-20 19:18:28.317691,2026-05-28 20:01:05.988273,189782,itm-170b2289-abe6-47c0-be6d-e2444f3db111,Cheesy Hot Chicken Sandwich,1,NULL,1,Item,,NULL,NULL,NULL,False,NULL,NULL,NULL,True,False,2026-03-20 19:23:52.87187,2026-04-14 13:16:56.585469,13.990,2026-03-20 19:23:54.939295,2026-03-20 22:52:39.312782,2026-05-29 03:11:38.75494,catlg-46274044-0b0d-4014-9da8-b07e2aeadfed,NULL,NULL
Houston Hot Chicken,org-490e23ce-6f23-4d3d-8544-8728f0965cfc,loc-bc017a27-667a-4bcd-b10c-a0e21794d992,Phoenix - Camelback,catlg-46274044-0b0d-4014-9da8-b07e2aeadfed,Phoenix - Camelback Catalog,False,2026-03-20 19:18:28.317691,2026-05-28 20:01:05.988273,189779,itm-3713f641-3c78-4c70-a45c-91debdc83ca5,Original Sandwich Platter (10),1,NULL,5,Item,,NULL,NULL,NULL,False,NULL,NULL,NULL,True,False,2026-03-20 19:23:52.87187,2026-05-21 07:42:30.956227,100.000,2026-03-20 19:23:55.368917,2026-03-20 22:52:39.312782,2026-05-29 03:11:38.75494,catlg-46274044-0b0d-4014-9da8-b07e2aeadfed,NULL,NULL
Houston Hot Chicken,org-490e23ce-6f23-4d3d-8544-8728f0965cfc,loc-bc017a27-667a-4bcd-b10c-a0e21794d992,Phoenix - Camelback,catlg-46274044-0b0d-4014-9da8-b07e2aeadfed,Phoenix - Camelback Catalog,False,2026-03-20 19:18:28.317691,2026-05-28 20:01:05.988273,189758,itm-4294b1d3-4059-410f-9e46-133cad5a706f,Breast (a la carte),1,NULL,1,Item,,NULL,NULL,NULL,False,NULL,NULL,NULL,True,False,2026-03-20 19:23:52.87187,2026-05-21 07:42:30.952997,5.990,2026-03-20 19:23:55.032621,2026-03-20 22:52:39.312782,2026-05-29 03:11:38.75494,catlg-46274044-0b0d-4014-9da8-b07e2aeadfed,NULL,NULL
Houston Hot Chicken,org-490e23ce-6f23-4d3d-8544-8728f0965cfc,loc-bc017a27-667a-4bcd-b10c-a0e21794d992,Phoenix - Camelback,catlg-46274044-0b0d-4014-9da8-b07e2aeadfed,Phoenix - Camelback Catalog,False,2026-03-20 19:18:28.317691,2026-05-28 20:01:05.988273,189727,itm-62f923c1-04fa-4960-bffd-b650b27c8f96,Buns (a la carte),1,NULL,2,Item,,NULL,NULL,NULL,False,NULL,NULL,NULL,True,False,2026-03-20 19:23:52.87187,2026-05-21 07:42:31.079435,2.500,2026-03-20 19:23:55.03786,2026-03-20 22:52:39.312782,2026-05-29 03:11:38.75494,catlg-46274044-0b0d-4014-9da8-b07e2aeadfed,NULL,NULL
Houston Hot Chicken,org-490e23ce-6f23-4d3d-8544-8728f0965cfc,loc-bc017a27-667a-4bcd-b10c-a0e21794d992,Phoenix - Camelback,catlg-46274044-0b0d-4014-9da8-b07e2aeadfed,Phoenix - Camelback Catalog,False,2026-03-20 19:18:28.317691,2026-05-28 20:01:05.988273,189843,itm-6ca4e77d-8490-4159-aaa4-6056e1ff480c,Cheesy Sandwich (a la carte),1,NULL,1,Item,,NULL,NULL,NULL,False,NULL,NULL,NULL,True,False,2026-03-20 19:23:52.87187,2026-05-21 07:42:30.959701,10.990,2026-03-20 19:23:55.042075,2026-03-20 22:52:39.312782,2026-05-29 03:11:38.75494,catlg-46274044-0b0d-4014-9da8-b07e2aeadfed,NULL,NULL
Houston Hot Chicken,org-490e23ce-6f23-4d3d-8544-8728f0965cfc,loc-bc017a27-667a-4bcd-b10c-a0e21794d992,Phoenix - Camelback,catlg-46274044-0b0d-4014-9da8-b07e2aeadfed,Phoenix - Camelback Catalog,False,2026-03-20 19:18:28.317691,2026-05-28 20:01:05.988273,189777,itm-185fd241-c459-43c5-abfb-2f754fd422b3,Coleslaw (side),1,NULL,2,Item,,NULL,NULL,NULL,False,NULL,NULL,NULL,True,False,2026-03-20 19:23:52.87187,2026-05-21 07:42:30.976586,2.500,2026-03-20 19:23:55.04624,2026-03-20 22:52:39.312782,2026-05-29 03:11:38.75494,catlg-46274044-0b0d-4014-9da8-b07e2aeadfed,NULL,NULL
Houston Hot Chicken,org-490e23ce-6f23-4d3d-8544-8728f0965cfc,loc-bc017a27-667a-4bcd-b10c-a0e21794d992,Phoenix - Camelback,catlg-46274044-0b0d-4014-9da8-b07e2aeadfed,Phoenix - Camelback Catalog,False,2026-03-20 19:18:28.317691,2026-05-28 20:01:05.988273,189802,itm-6e6d6cc1-524c-4d66-b986-b7602c9001a3,Pickles (side),1,NULL,2,Item,,NULL,NULL,NULL,False,NULL,NULL,NULL,True,False,2026-03-20 19:23:52.87187,2026-05-21 07:42:30.951515,2.500,2026-03-20 19:23:55.051134,2026-03-20 22:52:39.312782,2026-05-29 03:11:38.75494,catlg-46274044-0b0d-4014-9da8-b07e2aeadfed,NULL,NULL
Houston Hot Chicken,org-490e23ce-6f23-4d3d-8544-8728f0965cfc,loc-bc017a27-667a-4bcd-b10c-a0e21794d992,Phoenix - Camelback,catlg-46274044-0b0d-4014-9da8-b07e2aeadfed,Phoenix - Camelback Catalog,False,2026-03-20 19:18:28.317691,2026-05-28 20:01:05.988273,189839,itm-3be78ee3-3d5b-400a-89db-62804341738f,Chilled Cucumber Watermelon Lemonade,1,NULL,3,Item,,NULL,NULL,NULL,False,NULL,NULL,NULL,True,False,2026-03-20 19:23:52.87187,2026-05-21 07:42:31.065802,4.990,2026-03-27 21:46:27.054386,2026-03-20 22:52:39.312782,2026-05-29 03:11:38.75494,catlg-46274044-0b0d-4014-9da8-b07e2aeadfed,NULL,NULL
Houston Hot Chicken,org-490e23ce-6f23-4d3d-8544-8728f0965cfc,loc-bc017a27-667a-4bcd-b10c-a0e21794d992,Phoenix - Camelback,catlg-46274044-0b0d-4014-9da8-b07e2aeadfed,Phoenix - Camelback Catalog,False,2026-03-20 19:18:28.317691,2026-05-28 20:01:05.988273,189798,itm-89247769-02d1-4049-8c67-38d7b5b6337e,Cheese Sauce (2 oz),1,NULL,7,Item,,NULL,NULL,NULL,False,NULL,NULL,NULL,True,False,2026-03-20 19:23:52.87187,2026-05-21 07:42:31.094753,1.500,2026-03-20 19:23:55.171116,2026-03-20 22:52:39.312782,2026-05-29 03:11:38.75494,catlg-46274044-0b0d-4014-9da8-b07e2aeadfed,NULL,NULL
Houston Hot Chicken,org-490e23ce-6f23-4d3d-8544-8728f0965cfc,loc-bc017a27-667a-4bcd-b10c-a0e21794d992,Phoenix - Camelback,catlg-46274044-0b0d-4014-9da8-b07e2aeadfed,Phoenix - Camelback Catalog,False,2026-03-20 19:18:28.317691,2026-05-28 20:01:05.988273,189754,itm-969b42ba-be7d-4720-9881-004680301a4a,BBQ Sauce (2 oz),1,NULL,7,Item,,NULL,NULL,NULL,False,NULL,NULL,NULL,True,False,2026-03-20 19:23:52.87187,2026-05-21 07:42:30.961176,1.000,2026-03-20 19:23:55.177196,2026-03-20 22:52:39.312782,2026-05-29 03:11:38.75494,catlg-46274044-0b0d-4014-9da8-b07e2aeadfed,NULL,NULL
Houston Hot Chicken,org-490e23ce-6f23-4d3d-8544-8728f0965cfc,loc-bc017a27-667a-4bcd-b10c-a0e21794d992,Phoenix - Camelback,catlg-46274044-0b0d-4014-9da8-b07e2aeadfed,Phoenix - Camelback Catalog,False,2026-03-20 19:18:28.317691,2026-05-28 20:01:05.988273,189736,itm-54dcc1b2-e7fb-450f-b987-87623145b6ec,Caesar Dressing (2 oz),1,NULL,7,Item,,NULL,NULL,NULL,False,NULL,NULL,NULL,True,False,2026-03-20 19:23:52.87187,2026-05-21 07:42:30.962693,1.000,2026-03-20 19:23:55.186805,2026-03-20 22:52:39.312782,2026-05-29 03:11:38.75494,catlg-46274044-0b0d-4014-9da8-b07e2aeadfed,NULL,NULL
Houston Hot Chicken,org-490e23ce-6f23-4d3d-8544-8728f0965cfc,loc-bc017a27-667a-4bcd-b10c-a0e21794d992,Phoenix - Camelback,catlg-46274044-0b0d-4014-9da8-b07e2aeadfed,Phoenix - Camelback Catalog,False,2026-03-20 19:18:28.317691,2026-05-28 20:01:05.988273,189788,itm-2de55580-e8d3-4878-9bb1-458fc2e03eae,Cilantro Ranch (2 oz),1,NULL,7,Item,,NULL,NULL,NULL,False,NULL,NULL,NULL,True,False,2026-03-20 19:23:52.87187,2026-05-21 07:42:31.016353,1.000,2026-03-20 19:23:55.191974,2026-03-20 22:52:39.312782,2026-05-29 03:11:38.75494,catlg-46274044-0b0d-4014-9da8-b07e2aeadfed,NULL,NULL
Houston Hot Chicken,org-490e23ce-6f23-4d3d-8544-8728f0965cfc,loc-bc017a27-667a-4bcd-b10c-a0e21794d992,Phoenix - Camelback,catlg-46274044-0b0d-4014-9da8-b07e2aeadfed,Phoenix - Camelback Catalog,False,2026-03-20 19:18:28.317691,2026-05-28 20:01:05.988273,189726,itm-3453164a-06e9-491a-88b7-1090bfcb6e59,HWHAP Southwest Salad,1,NULL,1,Item,,NULL,NULL,NULL,False,NULL,NULL,NULL,True,False,2026-03-20 19:23:52.87187,2026-05-21 07:42:31.071789,15.990,2026-03-20 19:23:55.266655,2026-03-20 22:52:39.312782,2026-05-29 03:11:38.75494,catlg-46274044-0b0d-4014-9da8-b07e2aeadfed,NULL,NULL
Houston Hot Chicken,org-490e23ce-6f23-4d3d-8544-8728f0965cfc,loc-bc017a27-667a-4bcd-b10c-a0e21794d992,Phoenix - Camelback,catlg-46274044-0b0d-4014-9da8-b07e2aeadfed,Phoenix - Camelback Catalog,False,2026-03-20 19:18:28.317691,2026-05-28 20:01:05.988273,189749,itm-38aa2955-3881-44d7-8adf-358873aa3817,HWHAP 10 pc Nuggets (a la carte),1,NULL,1,Item,,NULL,NULL,NULL,False,NULL,NULL,NULL,True,False,2026-03-20 19:23:52.87187,2026-05-21 07:42:31.087329,9.990,2026-03-20 19:23:55.315305,2026-03-20 22:52:39.312782,2026-05-29 03:11:38.75494,catlg-46274044-0b0d-4014-9da8-b07e2aeadfed,NULL,NULL
Houston Hot Chicken,org-490e23ce-6f23-4d3d-8544-8728f0965cfc,loc-bc017a27-667a-4bcd-b10c-a0e21794d992,Phoenix - Camelback,catlg-46274044-0b0d-4014-9da8-b07e2aeadfed,Phoenix - Camelback Catalog,False,2026-03-20 19:18:28.317691,2026-05-28 20:01:05.988273,189795,itm-4302d464-5a4a-4c90-8798-126de468d368,Double Double,1,NULL,1,Item,,NULL,NULL,NULL,False,NULL,NULL,NULL,True,False,2026-03-20 19:23:52.87187,2026-05-21 07:42:31.021353,14.990,2026-03-20 19:23:55.330335,2026-03-20 22:52:39.312782,2026-05-29 03:11:38.75494,catlg-46274044-0b0d-4014-9da8-b07e2aeadfed,NULL,NULL
Houston Hot Chicken,org-490e23ce-6f23-4d3d-8544-8728f0965cfc,loc-bc017a27-667a-4bcd-b10c-a0e21794d992,Phoenix - Camelback,catlg-46274044-0b0d-4014-9da8-b07e2aeadfed,Phoenix - Camelback Catalog,False,2026-03-20 19:18:28.317691,2026-05-28 20:01:05.988273,189801,itm-18510abe-0b1e-44f0-9159-44457210064d,Waffle Sandwich,1,NULL,1,Item,,NULL,NULL,NULL,False,NULL,NULL,NULL,True,False,2026-03-20 19:23:52.87187,2026-05-21 07:42:31.052276,14.990,2026-03-20 19:23:55.334621,2026-03-20 22:52:39.312782,2026-05-29 03:11:38.75494,catlg-46274044-0b0d-4014-9da8-b07e2aeadfed,NULL,NULL
Houston Hot Chicken,org-490e23ce-6f23-4d3d-8544-8728f0965cfc,loc-bc017a27-667a-4bcd-b10c-a0e21794d992,Phoenix - Camelback,catlg-46274044-0b0d-4014-9da8-b07e2aeadfed,Phoenix - Camelback Catalog,False,2026-03-20 19:18:28.317691,2026-05-28 20:01:05.988273,189730,itm-39c0c096-ccc0-42a1-9d0d-82b7d7e6ca22,Shake N' Fries,1,NULL,5,Item,,NULL,NULL,NULL,False,NULL,NULL,NULL,True,False,2026-03-20 19:23:52.87187,2026-05-21 07:42:31.053803,7.990,2026-03-20 19:23:55.343587,2026-03-20 22:52:39.312782,2026-05-29 03:11:38.75494,catlg-46274044-0b0d-4014-9da8-b07e2aeadfed,NULL,NULL
Houston Hot Chicken,org-490e23ce-6f23-4d3d-8544-8728f0965cfc,loc-bc017a27-667a-4bcd-b10c-a0e21794d992,Phoenix - Camelback,catlg-46274044-0b0d-4014-9da8-b07e2aeadfed,Phoenix - Camelback Catalog,False,2026-03-20 19:18:28.317691,2026-05-28 20:01:05.988273,189725,itm-68ddcb4b-0c27-4abc-8058-be8107c6f253,Small Fry Platter,1,NULL,2,Item,,NULL,NULL,NULL,False,NULL,NULL,NULL,True,False,2026-03-20 19:23:52.87187,2026-05-21 07:42:30.991337,28.000,2026-03-20 19:23:55.407722,2026-03-20 22:52:39.312782,2026-05-29 03:11:38.75494,catlg-46274044-0b0d-4014-9da8-b07e2aeadfed,NULL,NULL
Houston Hot Chicken,org-490e23ce-6f23-4d3d-8544-8728f0965cfc,loc-bc017a27-667a-4bcd-b10c-a0e21794d992,Phoenix - Camelback,catlg-46274044-0b0d-4014-9da8-b07e2aeadfed,Phoenix - Camelback Catalog,False,2026-03-20 19:18:28.317691,2026-05-28 20:01:05.988273,189783,itm-780b3717-09eb-4c36-9439-38eadfbcc1e6,Tenders and Slaw,1,NULL,5,Item,,NULL,NULL,NULL,False,NULL,NULL,NULL,True,True,2026-03-20 19:23:52.87187,2026-05-21 07:42:30.947972,11.990,2026-03-23 20:41:19.735196,2026-03-20 22:52:39.312782,2026-05-29 03:11:38.75494,catlg-46274044-0b0d-4014-9da8-b07e2aeadfed,NULL,NULL
Houston Hot Chicken,org-490e23ce-6f23-4d3d-8544-8728f0965cfc,loc-b2e07e29-8760-48d3-8ccc-764e480cff59,Las Vegas - Ann Road,catlg-172c6b09-a0b1-4b18-8071-caa0956a8309,Las Vegas - Ann Road Catalog,False,2026-04-30 19:56:47.919171,2026-05-27 21:02:06.254055,202002,itm-96bae1d0-3563-4cbd-a1c1-14049a9b3907,Sandwich & Tender,1,NULL,1,Item,,NULL,NULL,NULL,False,NULL,NULL,NULL,True,False,2026-04-30 20:17:54.618317,2026-05-21 13:20:14.280975,14.990,2026-04-30 20:17:56.446384,2026-05-04 10:44:02.324319,2026-05-29 03:11:38.75494,catlg-172c6b09-a0b1-4b18-8071-caa0956a8309,NULL,NULL
Houston Hot Chicken,org-490e23ce-6f23-4d3d-8544-8728f0965cfc,loc-b2e07e29-8760-48d3-8ccc-764e480cff59,Las Vegas - Ann Road,catlg-172c6b09-a0b1-4b18-8071-caa0956a8309,Las Vegas - Ann Road Catalog,False,2026-04-30 19:56:47.919171,2026-05-27 21:02:06.254055,205227,itm-06da5f28-6c55-4ae4-865a-b4241139acb8,Classic Chicken Sandwich,1,NULL,1,Item,,NULL,NULL,NULL,False,NULL,NULL,NULL,True,False,2026-04-30 20:17:54.618317,2026-05-21 13:20:14.372656,11.990,2026-04-30 20:17:56.4579,2026-05-04 10:44:02.324319,2026-05-29 03:11:38.75494,catlg-172c6b09-a0b1-4b18-8071-caa0956a8309,NULL,NULL
Houston Hot Chicken,org-490e23ce-6f23-4d3d-8544-8728f0965cfc,loc-b2e07e29-8760-48d3-8ccc-764e480cff59,Las Vegas - Ann Road,catlg-172c6b09-a0b1-4b18-8071-caa0956a8309,Las Vegas - Ann Road Catalog,False,2026-04-30 19:56:47.919171,2026-05-27 21:02:06.254055,200540,itm-eabc91c7-e678-4fb1-a847-d89878041c3b,HWHAP Cheesy Hot Chicken Sandwich Meal,1,NULL,5,Item,,NULL,NULL,NULL,False,NULL,NULL,NULL,True,False,2026-04-30 20:17:54.618317,2026-05-21 13:20:14.342963,15.990,2026-04-30 20:17:56.748931,2026-05-04 10:44:02.324319,2026-05-29 03:11:38.75494,catlg-172c6b09-a0b1-4b18-8071-caa0956a8309,NULL,NULL
Houston Hot Chicken,org-490e23ce-6f23-4d3d-8544-8728f0965cfc,loc-b2e07e29-8760-48d3-8ccc-764e480cff59,Las Vegas - Ann Road,catlg-172c6b09-a0b1-4b18-8071-caa0956a8309,Las Vegas - Ann Road Catalog,False,2026-04-30 19:56:47.919171,2026-05-27 21:02:06.254055,195908,itm-9d454893-aee1-4c49-972c-e38bc2a4297f,Original Hot Chicken Sandwich,1,NULL,1,Item,,NULL,NULL,NULL,False,NULL,NULL,NULL,True,False,2026-04-30 20:17:54.618317,2026-05-21 13:20:14.339625,12.990,2026-04-30 20:17:56.465921,2026-05-04 10:44:02.324319,2026-05-29 03:11:38.75494,catlg-172c6b09-a0b1-4b18-8071-caa0956a8309,NULL,NULL
Houston Hot Chicken,org-490e23ce-6f23-4d3d-8544-8728f0965cfc,loc-b2e07e29-8760-48d3-8ccc-764e480cff59,Las Vegas - Ann Road,catlg-172c6b09-a0b1-4b18-8071-caa0956a8309,Las Vegas - Ann Road Catalog,False,2026-04-30 19:56:47.919171,2026-05-27 21:02:06.254055,191515,itm-c9899cf0-95f5-4817-baa1-88b5747571fe,Cheesy Hot Chicken Sandwich,1,NULL,1,Item,,NULL,NULL,NULL,False,NULL,NULL,NULL,True,False,2026-04-30 20:17:54.618317,2026-05-21 13:20:14.34741,13.990,2026-04-30 20:17:56.470289,2026-05-04 10:44:02.324319,2026-05-29 03:11:38.75494,catlg-172c6b09-a0b1-4b18-8071-caa0956a8309,NULL,NULL
Houston Hot Chicken,org-490e23ce-6f23-4d3d-8544-8728f0965cfc,loc-b2e07e29-8760-48d3-8ccc-764e480cff59,Las Vegas - Ann Road,catlg-172c6b09-a0b1-4b18-8071-caa0956a8309,Las Vegas - Ann Road Catalog,False,2026-04-30 19:56:47.919171,2026-05-27 21:02:06.254055,200519,itm-a1adbf66-e2c8-499d-81eb-7f1e7c2a4904,2 Tenders Meal,1,NULL,5,Item,,NULL,NULL,NULL,False,NULL,NULL,NULL,True,False,2026-04-30 20:17:54.618317,2026-05-21 13:20:14.348423,10.990,2026-04-30 20:17:56.474646,2026-05-04 10:44:02.324319,2026-05-29 03:11:38.75494,catlg-172c6b09-a0b1-4b18-8071-caa0956a8309,NULL,NULL
Houston Hot Chicken,org-490e23ce-6f23-4d3d-8544-8728f0965cfc,loc-b2e07e29-8760-48d3-8ccc-764e480cff59,Las Vegas - Ann Road,catlg-172c6b09-a0b1-4b18-8071-caa0956a8309,Las Vegas - Ann Road Catalog,False,2026-04-30 19:56:47.919171,2026-05-27 21:02:06.254055,200761,itm-8d1767e9-1438-4a24-8964-f10ca32d8ccb,Tenders & Waffle,1,NULL,5,Item,,NULL,NULL,NULL,False,NULL,NULL,NULL,True,False,2026-04-30 20:17:54.618317,2026-05-21 13:20:14.34946,12.990,2026-04-30 20:17:56.478899,2026-05-04 10:44:02.324319,2026-05-29 03:11:38.75494,catlg-172c6b09-a0b1-4b18-8071-caa0956a8309,NULL,NULL
Houston Hot Chicken,org-490e23ce-6f23-4d3d-8544-8728f0965cfc,loc-b2e07e29-8760-48d3-8ccc-764e480cff59,Las Vegas - Ann Road,catlg-172c6b09-a0b1-4b18-8071-caa0956a8309,Las Vegas - Ann Road Catalog,False,2026-04-30 19:56:47.919171,2026-05-27 21:02:06.254055,192801,itm-c68a4522-08f6-4172-9889-a928750e268f,3 Tenders & Fries,1,NULL,5,Item,,NULL,NULL,NULL,False,NULL,NULL,NULL,True,False,2026-04-30 20:17:54.618317,2026-05-21 13:20:14.366038,13.990,2026-04-30 20:17:56.483404,2026-05-04 10:44:02.324319,2026-05-29 03:11:38.75494,catlg-172c6b09-a0b1-4b18-8071-caa0956a8309,NULL,NULL
Houston Hot Chicken,org-490e23ce-6f23-4d3d-8544-8728f0965cfc,loc-b2e07e29-8760-48d3-8ccc-764e480cff59,Las Vegas - Ann Road,catlg-172c6b09-a0b1-4b18-8071-caa0956a8309,Las Vegas - Ann Road Catalog,False,2026-04-30 19:56:47.919171,2026-05-27 21:02:06.254055,196104,itm-605cbb69-6ac9-4a50-8e01-db07b67566e2,Kids Meal,1,NULL,5,Item,,NULL,NULL,NULL,False,NULL,NULL,NULL,True,False,2026-04-30 20:17:54.618317,2026-05-21 13:20:14.366973,6.990,2026-04-30 20:17:56.488629,2026-05-04 10:44:02.324319,2026-05-29 03:11:38.75494,catlg-172c6b09-a0b1-4b18-8071-caa0956a8309,NULL,NULL
Houston Hot Chicken,org-490e23ce-6f23-4d3d-8544-8728f0965cfc,loc-b2e07e29-8760-48d3-8ccc-764e480cff59,Las Vegas - Ann Road,catlg-172c6b09-a0b1-4b18-8071-caa0956a8309,Las Vegas - Ann Road Catalog,False,2026-04-30 19:56:47.919171,2026-05-27 21:02:06.254055,196798,itm-913d9339-bd65-42f8-94e1-c7604bb2f89c,10 pc Nugget Meal,1,NULL,5,Item,,NULL,NULL,NULL,False,NULL,NULL,NULL,True,False,2026-04-30 20:17:54.618317,2026-05-21 13:20:14.345534,11.990,2026-04-30 20:17:56.4928,2026-05-04 10:44:02.324319,2026-05-29 03:11:38.75494,catlg-172c6b09-a0b1-4b18-8071-caa0956a8309,NULL,NULL
Houston Hot Chicken,org-490e23ce-6f23-4d3d-8544-8728f0965cfc,loc-b2e07e29-8760-48d3-8ccc-764e480cff59,Las Vegas - Ann Road,catlg-172c6b09-a0b1-4b18-8071-caa0956a8309,Las Vegas - Ann Road Catalog,False,2026-04-30 19:56:47.919171,2026-05-27 21:02:06.254055,205555,itm-5b631654-f619-413f-a0ca-1b03eae53e27,15 pc Nugget Meal,1,NULL,5,Item,,NULL,NULL,NULL,False,NULL,NULL,NULL,True,False,2026-04-30 20:17:54.618317,2026-05-21 13:20:14.283856,13.990,2026-04-30 20:17:56.497371,2026-05-04 10:44:02.324319,2026-05-29 03:11:38.75494,catlg-172c6b09-a0b1-4b18-8071-caa0956a8309,NULL,NULL
Houston Hot Chicken,org-490e23ce-6f23-4d3d-8544-8728f0965cfc,loc-b2e07e29-8760-48d3-8ccc-764e480cff59,Las Vegas - Ann Road,catlg-172c6b09-a0b1-4b18-8071-caa0956a8309,Las Vegas - Ann Road Catalog,False,2026-04-30 19:56:47.919171,2026-05-27 21:02:06.254055,204305,itm-5d031969-751d-4d28-becc-5dfdfbc50f73,Cheese Fries,1,NULL,2,Item,,NULL,NULL,NULL,False,NULL,NULL,NULL,True,False,2026-04-30 20:17:54.618317,2026-05-21 13:20:14.2849,5.990,2026-04-30 20:17:56.502328,2026-05-04 10:44:02.324319,2026-05-29 03:11:38.75494,catlg-172c6b09-a0b1-4b18-8071-caa0956a8309,NULL,NULL
Houston Hot Chicken,org-490e23ce-6f23-4d3d-8544-8728f0965cfc,loc-b2e07e29-8760-48d3-8ccc-764e480cff59,Las Vegas - Ann Road,catlg-172c6b09-a0b1-4b18-8071-caa0956a8309,Las Vegas - Ann Road Catalog,False,2026-04-30 19:56:47.919171,2026-05-27 21:02:06.254055,192135,itm-cfa88db4-dcca-4888-b29d-b351c8c99d59,Loaded Fries,1,NULL,2,Item,,NULL,NULL,NULL,False,NULL,NULL,NULL,True,False,2026-04-30 20:17:54.618317,2026-05-21 13:20:14.285813,12.990,2026-04-30 20:17:56.507997,2026-05-04 10:44:02.324319,2026-05-29 03:11:38.75494,catlg-172c6b09-a0b1-4b18-8071-caa0956a8309,NULL,NULL
Houston Hot Chicken,org-490e23ce-6f23-4d3d-8544-8728f0965cfc,loc-b2e07e29-8760-48d3-8ccc-764e480cff59,Las Vegas - Ann Road,catlg-172c6b09-a0b1-4b18-8071-caa0956a8309,Las Vegas - Ann Road Catalog,False,2026-04-30 19:56:47.919171,2026-05-27 21:02:06.254055,195606,itm-63277996-2f57-4f99-8b1e-b4ff15d52f19,Fusion Fries,1,NULL,2,Item,,NULL,NULL,NULL,False,NULL,NULL,NULL,True,False,2026-04-30 20:17:54.618317,2026-05-21 13:20:14.34648,14.990,2026-04-30 20:17:56.512364,2026-05-04 10:44:02.324319,2026-05-29 03:11:38.75494,catlg-172c6b09-a0b1-4b18-8071-caa0956a8309,NULL,NULL
Houston Hot Chicken,org-490e23ce-6f23-4d3d-8544-8728f0965cfc,loc-b2e07e29-8760-48d3-8ccc-764e480cff59,Las Vegas - Ann Road,catlg-172c6b09-a0b1-4b18-8071-caa0956a8309,Las Vegas - Ann Road Catalog,False,2026-04-30 19:56:47.919171,2026-05-27 21:02:06.254055,191764,itm-fc25f210-0cb8-4d63-93cf-ca244f7863cf,Southwest Salad,1,NULL,2,Item,,NULL,NULL,NULL,False,NULL,NULL,NULL,True,False,2026-04-30 20:17:54.618317,2026-05-21 13:20:14.286711,13.990,2026-04-30 20:17:56.519655,2026-05-04 10:44:02.324319,2026-05-29 03:11:38.75494,catlg-172c6b09-a0b1-4b18-8071-caa0956a8309,NULL,NULL
Houston Hot Chicken,org-490e23ce-6f23-4d3d-8544-8728f0965cfc,loc-b2e07e29-8760-48d3-8ccc-764e480cff59,Las Vegas - Ann Road,catlg-172c6b09-a0b1-4b18-8071-caa0956a8309,Las Vegas - Ann Road Catalog,False,2026-04-30 19:56:47.919171,2026-05-27 21:02:06.254055,197341,itm-b07c4c79-1ac0-4034-8eaf-61e22525bd11,Texas Caesar Salad,1,NULL,2,Item,,NULL,NULL,NULL,False,NULL,NULL,NULL,True,False,2026-04-30 20:17:54.618317,2026-05-21 13:20:14.287965,12.990,2026-04-30 20:17:56.524372,2026-05-04 10:44:02.324319,2026-05-29 03:11:38.75494,catlg-172c6b09-a0b1-4b18-8071-caa0956a8309,NULL,NULL
Houston Hot Chicken,org-490e23ce-6f23-4d3d-8544-8728f0965cfc,loc-b2e07e29-8760-48d3-8ccc-764e480cff59,Las Vegas - Ann Road,catlg-172c6b09-a0b1-4b18-8071-caa0956a8309,Las Vegas - Ann Road Catalog,False,2026-04-30 19:56:47.919171,2026-05-27 21:02:06.254055,205473,itm-6affa5c3-3a09-4c31-9e4b-e789e7b8e88b,Mac & Cheese,1,NULL,2,Item,,NULL,NULL,NULL,False,NULL,NULL,NULL,True,False,2026-04-30 20:17:54.618317,2026-05-21 13:20:14.288852,4.990,2026-04-30 20:17:56.528914,2026-05-04 10:44:02.324319,2026-05-29 03:11:38.75494,catlg-172c6b09-a0b1-4b18-8071-caa0956a8309,NULL,NULL
Houston Hot Chicken,org-490e23ce-6f23-4d3d-8544-8728f0965cfc,loc-b2e07e29-8760-48d3-8ccc-764e480cff59,Las Vegas - Ann Road,catlg-172c6b09-a0b1-4b18-8071-caa0956a8309,Las Vegas - Ann Road Catalog,False,2026-04-30 19:56:47.919171,2026-05-27 21:02:06.254055,201364,itm-ae8319a7-ad2e-4aff-a306-e22eaa90ce1c,Chicken Tortilla Soup,1,NULL,1,Item,,NULL,NULL,NULL,False,NULL,NULL,NULL,True,False,2026-04-30 20:17:54.618317,2026-05-21 13:20:14.359944,4.990,2026-04-30 20:17:56.533946,2026-05-04 10:44:02.324319,2026-05-29 03:11:38.75494,catlg-172c6b09-a0b1-4b18-8071-caa0956a8309,NULL,NULL
Houston Hot Chicken,org-490e23ce-6f23-4d3d-8544-8728f0965cfc,loc-b2e07e29-8760-48d3-8ccc-764e480cff59,Las Vegas - Ann Road,catlg-172c6b09-a0b1-4b18-8071-caa0956a8309,Las Vegas - Ann Road Catalog,False,2026-04-30 19:56:47.919171,2026-05-27 21:02:06.254055,198830,itm-86eae1f5-8e83-4cda-ac07-fc2e2deac3e8,Fries (side),1,NULL,2,Item,,NULL,NULL,NULL,False,NULL,NULL,NULL,True,False,2026-04-30 20:17:54.618317,2026-05-21 13:20:14.289759,4.990,2026-04-30 20:17:56.53981,2026-05-04 10:44:02.324319,2026-05-29 03:11:38.75494,catlg-172c6b09-a0b1-4b18-8071-caa0956a8309,NULL,NULL
Houston Hot Chicken,org-490e23ce-6f23-4d3d-8544-8728f0965cfc,loc-b2e07e29-8760-48d3-8ccc-764e480cff59,Las Vegas - Ann Road,catlg-172c6b09-a0b1-4b18-8071-caa0956a8309,Las Vegas - Ann Road Catalog,False,2026-04-30 19:56:47.919171,2026-05-27 21:02:06.254055,196689,itm-63b53e22-be7d-438a-b50d-215fa08ab17b,5 pc Nuggets (a la carte),1,NULL,1,Item,,NULL,NULL,NULL,False,NULL,NULL,NULL,True,False,2026-04-30 20:17:54.618317,2026-05-21 13:20:14.290597,3.990,2026-04-30 20:17:56.545331,2026-05-04 10:44:02.324319,2026-05-29 03:11:38.75494,catlg-172c6b09-a0b1-4b18-8071-caa0956a8309,NULL,NULL
Houston Hot Chicken,org-490e23ce-6f23-4d3d-8544-8728f0965cfc,loc-b2e07e29-8760-48d3-8ccc-764e480cff59,Las Vegas - Ann Road,catlg-172c6b09-a0b1-4b18-8071-caa0956a8309,Las Vegas - Ann Road Catalog,False,2026-04-30 19:56:47.919171,2026-05-27 21:02:06.254055,201897,itm-07335da5-836d-40fa-9f04-c5d807e1d9f7,10 pc Nuggets (a la carte),1,NULL,1,Item,,NULL,NULL,NULL,False,NULL,NULL,NULL,True,False,2026-04-30 20:17:54.618317,2026-05-21 13:20:14.291401,7.990,2026-04-30 20:17:56.549955,2026-05-04 10:44:02.324319,2026-05-29 03:11:38.75494,catlg-172c6b09-a0b1-4b18-8071-caa0956a8309,NULL,NULL
Houston Hot Chicken,org-490e23ce-6f23-4d3d-8544-8728f0965cfc,loc-b2e07e29-8760-48d3-8ccc-764e480cff59,Las Vegas - Ann Road,catlg-172c6b09-a0b1-4b18-8071-caa0956a8309,Las Vegas - Ann Road Catalog,False,2026-04-30 19:56:47.919171,2026-05-27 21:02:06.254055,205573,itm-a480e269-e3f1-482d-be9f-3d7715f50482,15 pc Nuggets (a la carte),1,NULL,1,Item,,NULL,NULL,NULL,False,NULL,NULL,NULL,True,False,2026-04-30 20:17:54.618317,2026-05-21 13:20:14.292286,11.990,2026-04-30 20:17:56.554824,2026-05-04 10:44:02.324319,2026-05-29 03:11:38.75494,catlg-172c6b09-a0b1-4b18-8071-caa0956a8309,NULL,NULL
Houston Hot Chicken,org-490e23ce-6f23-4d3d-8544-8728f0965cfc,loc-b2e07e29-8760-48d3-8ccc-764e480cff59,Las Vegas - Ann Road,catlg-172c6b09-a0b1-4b18-8071-caa0956a8309,Las Vegas - Ann Road Catalog,False,2026-04-30 19:56:47.919171,2026-05-27 21:02:06.254055,192245,itm-5ee64b75-f9ba-4c4d-869d-87a022ac7fbc,Waffle (a la carte),1,NULL,2,Item,,NULL,NULL,NULL,False,NULL,NULL,NULL,True,False,2026-04-30 20:17:54.618317,2026-05-21 13:20:14.340549,3.990,2026-04-30 20:17:56.560088,2026-05-04 10:44:02.324319,2026-05-29 03:11:38.75494,catlg-172c6b09-a0b1-4b18-8071-caa0956a8309,NULL,NULL
Houston Hot Chicken,org-490e23ce-6f23-4d3d-8544-8728f0965cfc,loc-b2e07e29-8760-48d3-8ccc-764e480cff59,Las Vegas - Ann Road,catlg-172c6b09-a0b1-4b18-8071-caa0956a8309,Las Vegas - Ann Road Catalog,False,2026-04-30 19:56:47.919171,2026-05-27 21:02:06.254055,192835,itm-18defe22-13c9-4851-b253-4d8587993244,Breast (a la carte),1,NULL,1,Item,,NULL,NULL,NULL,False,NULL,NULL,NULL,True,False,2026-04-30 20:17:54.618317,2026-05-21 13:20:14.293149,5.990,2026-04-30 20:17:56.564598,2026-05-04 10:44:02.324319,2026-05-29 03:11:38.75494,catlg-172c6b09-a0b1-4b18-8071-caa0956a8309,NULL,NULL
Houston Hot Chicken,org-490e23ce-6f23-4d3d-8544-8728f0965cfc,loc-b2e07e29-8760-48d3-8ccc-764e480cff59,Las Vegas - Ann Road,catlg-172c6b09-a0b1-4b18-8071-caa0956a8309,Las Vegas - Ann Road Catalog,False,2026-04-30 19:56:47.919171,2026-05-27 21:02:06.254055,200597,itm-88587591-80c2-402f-9c26-89b640a61720,Buns (a la carte),1,NULL,2,Item,,NULL,NULL,NULL,False,NULL,NULL,NULL,True,False,2026-04-30 20:17:54.618317,2026-05-21 13:20:14.293978,2.500,2026-04-30 20:17:56.568957,2026-05-04 10:44:02.324319,2026-05-29 03:11:38.75494,catlg-172c6b09-a0b1-4b18-8071-caa0956a8309,NULL,NULL
Houston Hot Chicken,org-490e23ce-6f23-4d3d-8544-8728f0965cfc,loc-b2e07e29-8760-48d3-8ccc-764e480cff59,Las Vegas - Ann Road,catlg-172c6b09-a0b1-4b18-8071-caa0956a8309,Las Vegas - Ann Road Catalog,False,2026-04-30 19:56:47.919171,2026-05-27 21:02:06.254055,192097,itm-57287286-adcc-4e8c-b1d1-9e709afd6927,Cookie Monster Wheely,1,NULL,4,Item,,NULL,NULL,NULL,False,NULL,NULL,NULL,True,False,2026-04-30 20:17:54.618317,2026-05-21 13:20:14.351766,3.950,2026-04-30 20:17:56.686985,2026-05-04 10:44:02.324319,2026-05-29 03:11:38.75494,catlg-172c6b09-a0b1-4b18-8071-caa0956a8309,NULL,NULL
Houston Hot Chicken,org-490e23ce-6f23-4d3d-8544-8728f0965cfc,loc-b2e07e29-8760-48d3-8ccc-764e480cff59,Las Vegas - Ann Road,catlg-172c6b09-a0b1-4b18-8071-caa0956a8309,Las Vegas - Ann Road Catalog,False,2026-04-30 19:56:47.919171,2026-05-27 21:02:06.254055,194017,itm-18066b37-9625-4254-8d5e-24d06c1aa06a,Cheesy Sandwich (a la carte),1,NULL,1,Item,,NULL,NULL,NULL,False,NULL,NULL,NULL,True,False,2026-04-30 20:17:54.618317,2026-05-21 13:20:14.2948,10.990,2026-04-30 20:17:56.573341,2026-05-04 10:44:02.324319,2026-05-29 03:11:38.75494,catlg-172c6b09-a0b1-4b18-8071-caa0956a8309,NULL,NULL
Houston Hot Chicken,org-490e23ce-6f23-4d3d-8544-8728f0965cfc,loc-b2e07e29-8760-48d3-8ccc-764e480cff59,Las Vegas - Ann Road,catlg-172c6b09-a0b1-4b18-8071-caa0956a8309,Las Vegas - Ann Road Catalog,False,2026-04-30 19:56:47.919171,2026-05-27 21:02:06.254055,196345,itm-3b1a7dc0-ce48-4441-9d11-c9bcde4bed47,Coleslaw (side),1,NULL,2,Item,,NULL,NULL,NULL,False,NULL,NULL,NULL,True,False,2026-04-30 20:17:54.618317,2026-05-21 13:20:14.367832,2.500,2026-04-30 20:17:56.578365,2026-05-04 10:44:02.324319,2026-05-29 03:11:38.75494,catlg-172c6b09-a0b1-4b18-8071-caa0956a8309,NULL,NULL
Houston Hot Chicken,org-490e23ce-6f23-4d3d-8544-8728f0965cfc,loc-b2e07e29-8760-48d3-8ccc-764e480cff59,Las Vegas - Ann Road,catlg-172c6b09-a0b1-4b18-8071-caa0956a8309,Las Vegas - Ann Road Catalog,False,2026-04-30 19:56:47.919171,2026-05-27 21:02:06.254055,195031,itm-ec597db5-8530-410e-b1c5-08579cce95d4,Pickles (side),1,NULL,2,Item,,NULL,NULL,NULL,False,NULL,NULL,NULL,True,False,2026-04-30 20:17:54.618317,2026-05-21 13:20:14.360755,2.500,2026-04-30 20:17:56.583258,2026-05-04 10:44:02.324319,2026-05-29 03:11:38.75494,catlg-172c6b09-a0b1-4b18-8071-caa0956a8309,NULL,NULL
Houston Hot Chicken,org-490e23ce-6f23-4d3d-8544-8728f0965cfc,loc-b2e07e29-8760-48d3-8ccc-764e480cff59,Las Vegas - Ann Road,catlg-172c6b09-a0b1-4b18-8071-caa0956a8309,Las Vegas - Ann Road Catalog,False,2026-04-30 19:56:47.919171,2026-05-27 21:02:06.254055,194154,itm-a0029782-9c4a-4a61-828f-45dc4e5d9b10,Classic Sandwich (a la carte),1,NULL,1,Item,,NULL,NULL,NULL,False,NULL,NULL,NULL,True,False,2026-04-30 20:17:54.618317,2026-05-21 13:20:14.295684,9.000,2026-04-30 20:17:56.588155,2026-05-04 10:44:02.324319,2026-05-29 03:11:38.75494,catlg-172c6b09-a0b1-4b18-8071-caa0956a8309,NULL,NULL
Houston Hot Chicken,org-490e23ce-6f23-4d3d-8544-8728f0965cfc,loc-b2e07e29-8760-48d3-8ccc-764e480cff59,Las Vegas - Ann Road,catlg-172c6b09-a0b1-4b18-8071-caa0956a8309,Las Vegas - Ann Road Catalog,False,2026-04-30 19:56:47.919171,2026-05-27 21:02:06.254055,192792,itm-aeef731b-ae33-48d9-bbc4-b2f26fad4586,Original Sandwich (a la carte),1,NULL,1,Item,,NULL,NULL,NULL,False,NULL,NULL,NULL,True,False,2026-04-30 20:17:54.618317,2026-05-21 13:20:14.296638,10.000,2026-04-30 20:17:56.593135,2026-05-04 10:44:02.324319,2026-05-29 03:11:38.75494,catlg-172c6b09-a0b1-4b18-8071-caa0956a8309,NULL,NULL
Houston Hot Chicken,org-490e23ce-6f23-4d3d-8544-8728f0965cfc,loc-b2e07e29-8760-48d3-8ccc-764e480cff59,Las Vegas - Ann Road,catlg-172c6b09-a0b1-4b18-8071-caa0956a8309,Las Vegas - Ann Road Catalog,False,2026-04-30 19:56:47.919171,2026-05-27 21:02:06.254055,193520,itm-343077c5-76b9-4376-ad8b-67418c0d5960,Tender (a la carte),1,NULL,1,Item,,NULL,NULL,NULL,False,NULL,NULL,NULL,True,False,2026-04-30 20:17:54.618317,2026-05-21 13:20:14.297638,4.000,2026-04-30 20:17:56.597117,2026-05-04 10:44:02.324319,2026-05-29 03:11:38.75494,catlg-172c6b09-a0b1-4b18-8071-caa0956a8309,NULL,NULL
Houston Hot Chicken,org-490e23ce-6f23-4d3d-8544-8728f0965cfc,loc-b2e07e29-8760-48d3-8ccc-764e480cff59,Las Vegas - Ann Road,catlg-172c6b09-a0b1-4b18-8071-caa0956a8309,Las Vegas - Ann Road Catalog,False,2026-04-30 19:56:47.919171,2026-05-27 21:02:06.254055,199388,itm-857914cd-a50e-4899-b5bc-1bd2bc33f1a3,Small Fountain Drink,1,NULL,3,Item,,NULL,NULL,NULL,False,NULL,NULL,NULL,True,False,2026-04-30 20:17:54.618317,2026-05-21 13:20:14.29852,2.290,2026-04-30 20:17:56.601439,2026-05-04 10:44:02.324319,2026-05-29 03:11:38.75494,catlg-172c6b09-a0b1-4b18-8071-caa0956a8309,NULL,NULL
Houston Hot Chicken,org-490e23ce-6f23-4d3d-8544-8728f0965cfc,loc-b2e07e29-8760-48d3-8ccc-764e480cff59,Las Vegas - Ann Road,catlg-172c6b09-a0b1-4b18-8071-caa0956a8309,Las Vegas - Ann Road Catalog,False,2026-04-30 19:56:47.919171,2026-05-27 21:02:06.254055,198449,itm-582b5c29-3265-4ea2-99a8-f92bb125b935,Regular Fountain Drink,1,NULL,3,Item,,NULL,NULL,NULL,False,NULL,NULL,NULL,True,False,2026-04-30 20:17:54.618317,2026-05-21 13:20:14.373777,2.990,2026-04-30 20:17:56.605851,2026-05-04 10:44:02.324319,2026-05-29 03:11:38.75494,catlg-172c6b09-a0b1-4b18-8071-caa0956a8309,NULL,NULL
Houston Hot Chicken,org-490e23ce-6f23-4d3d-8544-8728f0965cfc,loc-b2e07e29-8760-48d3-8ccc-764e480cff59,Las Vegas - Ann Road,catlg-172c6b09-a0b1-4b18-8071-caa0956a8309,Las Vegas - Ann Road Catalog,False,2026-04-30 19:56:47.919171,2026-05-27 21:02:06.254055,199463,itm-7c1645b5-94d6-43a9-a10a-a0a8323ef2c1,Chilled Blueberry Lavender Lemonade,1,NULL,3,Item,,NULL,NULL,NULL,False,NULL,NULL,NULL,True,False,2026-04-30 20:17:54.618317,2026-05-21 13:20:14.374682,4.990,2026-04-30 20:17:56.610349,2026-05-04 10:44:02.324319,2026-05-29 03:11:38.75494,catlg-172c6b09-a0b1-4b18-8071-caa0956a8309,NULL,NULL
Houston Hot Chicken,org-490e23ce-6f23-4d3d-8544-8728f0965cfc,loc-b2e07e29-8760-48d3-8ccc-764e480cff59,Las Vegas - Ann Road,catlg-172c6b09-a0b1-4b18-8071-caa0956a8309,Las Vegas - Ann Road Catalog,False,2026-04-30 19:56:47.919171,2026-05-27 21:02:06.254055,197771,itm-beddb250-2ca2-4db3-a0b3-879dcdcf07f9,Chilled Cucumber Watermelon Lemonade,1,NULL,3,Item,,NULL,NULL,NULL,False,NULL,NULL,NULL,True,False,2026-04-30 20:17:54.618317,2026-05-21 13:20:14.375547,4.990,2026-04-30 20:17:56.615354,2026-05-04 10:44:02.324319,2026-05-29 03:11:38.75494,catlg-172c6b09-a0b1-4b18-8071-caa0956a8309,NULL,NULL
Houston Hot Chicken,org-490e23ce-6f23-4d3d-8544-8728f0965cfc,loc-b2e07e29-8760-48d3-8ccc-764e480cff59,Las Vegas - Ann Road,catlg-172c6b09-a0b1-4b18-8071-caa0956a8309,Las Vegas - Ann Road Catalog,False,2026-04-30 19:56:47.919171,2026-05-27 21:02:06.254055,192653,itm-eaa9680c-aa22-463f-a1de-498e855d9237,Chilled Strawberry Hibiscus Lemonade,1,NULL,3,Item,,NULL,NULL,NULL,False,NULL,NULL,NULL,True,False,2026-04-30 20:17:54.618317,2026-05-21 13:20:14.299367,4.990,2026-04-30 20:17:56.619822,2026-05-04 10:44:02.324319,2026-05-29 03:11:38.75494,catlg-172c6b09-a0b1-4b18-8071-caa0956a8309,NULL,NULL
Houston Hot Chicken,org-490e23ce-6f23-4d3d-8544-8728f0965cfc,loc-b2e07e29-8760-48d3-8ccc-764e480cff59,Las Vegas - Ann Road,catlg-172c6b09-a0b1-4b18-8071-caa0956a8309,Las Vegas - Ann Road Catalog,False,2026-04-30 19:56:47.919171,2026-05-27 21:02:06.254055,194216,itm-62d257b4-6a16-48d6-836a-2e5446a15f19,Frozen Blueberry Lavender Lemonade,1,NULL,3,Item,,NULL,NULL,NULL,False,NULL,NULL,NULL,True,False,2026-04-30 20:17:54.618317,2026-05-21 13:20:14.300394,5.990,2026-04-30 20:17:56.624411,2026-05-04 10:44:02.324319,2026-05-29 03:11:38.75494,catlg-172c6b09-a0b1-4b18-8071-caa0956a8309,NULL,NULL
Houston Hot Chicken,org-490e23ce-6f23-4d3d-8544-8728f0965cfc,loc-b2e07e29-8760-48d3-8ccc-764e480cff59,Las Vegas - Ann Road,catlg-172c6b09-a0b1-4b18-8071-caa0956a8309,Las Vegas - Ann Road Catalog,False,2026-04-30 19:56:47.919171,2026-05-27 21:02:06.254055,199992,itm-95c4a459-2844-4ae4-bf3d-9847b1ae6d35,Frozen Cucumber Watermelon Lemonade,1,NULL,3,Item,,NULL,NULL,NULL,False,NULL,NULL,NULL,True,False,2026-04-30 20:17:54.618317,2026-05-21 13:20:14.301261,5.990,2026-04-30 20:17:56.629374,2026-05-04 10:44:02.324319,2026-05-29 03:11:38.75494,catlg-172c6b09-a0b1-4b18-8071-caa0956a8309,NULL,NULL
Houston Hot Chicken,org-490e23ce-6f23-4d3d-8544-8728f0965cfc,loc-b2e07e29-8760-48d3-8ccc-764e480cff59,Las Vegas - Ann Road,catlg-172c6b09-a0b1-4b18-8071-caa0956a8309,Las Vegas - Ann Road Catalog,False,2026-04-30 19:56:47.919171,2026-05-27 21:02:06.254055,200457,itm-cb5aed78-3dd2-4f9e-95a5-21b54a54dee8,Frozen Strawberry Hibiscus Lemonade,1,NULL,3,Item,,NULL,NULL,NULL,False,NULL,NULL,NULL,True,False,2026-04-30 20:17:54.618317,2026-05-21 13:20:14.341321,5.990,2026-04-30 20:17:56.634006,2026-05-04 10:44:02.324319,2026-05-29 03:11:38.75494,catlg-172c6b09-a0b1-4b18-8071-caa0956a8309,NULL,NULL
Houston Hot Chicken,org-490e23ce-6f23-4d3d-8544-8728f0965cfc,loc-b2e07e29-8760-48d3-8ccc-764e480cff59,Las Vegas - Ann Road,catlg-172c6b09-a0b1-4b18-8071-caa0956a8309,Las Vegas - Ann Road Catalog,False,2026-04-30 19:56:47.919171,2026-05-27 21:02:06.254055,205321,itm-684f43e0-949e-4ef6-b2ea-f396992798e6,Frozen Regular Lemonade,1,NULL,3,Item,,NULL,NULL,NULL,False,NULL,NULL,NULL,True,False,2026-04-30 20:17:54.618317,2026-05-21 13:20:14.30217,5.990,2026-04-30 20:17:56.638165,2026-05-04 10:44:02.324319,2026-05-29 03:11:38.75494,catlg-172c6b09-a0b1-4b18-8071-caa0956a8309,NULL,NULL
Houston Hot Chicken,org-490e23ce-6f23-4d3d-8544-8728f0965cfc,loc-b2e07e29-8760-48d3-8ccc-764e480cff59,Las Vegas - Ann Road,catlg-172c6b09-a0b1-4b18-8071-caa0956a8309,Las Vegas - Ann Road Catalog,False,2026-04-30 19:56:47.919171,2026-05-27 21:02:06.254055,192765,itm-6c06d51d-cb20-4c6b-bed4-ab226ed6a87c,Pellegrino Sparkling,1,NULL,3,Item,,NULL,NULL,NULL,False,NULL,NULL,NULL,True,False,2026-04-30 20:17:54.618317,2026-05-21 13:20:14.304369,2.500,2026-04-30 20:17:56.649059,2026-05-04 10:44:02.324319,2026-05-29 03:11:38.75494,catlg-172c6b09-a0b1-4b18-8071-caa0956a8309,NULL,NULL
Houston Hot Chicken,org-490e23ce-6f23-4d3d-8544-8728f0965cfc,loc-b2e07e29-8760-48d3-8ccc-764e480cff59,Las Vegas - Ann Road,catlg-172c6b09-a0b1-4b18-8071-caa0956a8309,Las Vegas - Ann Road Catalog,False,2026-04-30 19:56:47.919171,2026-05-27 21:02:06.254055,200448,itm-b323f381-61ab-4e4f-a9f8-42c48cb62e09,Kids Honest Juice,1,NULL,3,Item,,NULL,NULL,NULL,False,NULL,NULL,NULL,True,False,2026-04-30 20:17:54.618317,2026-05-21 13:20:14.350777,1.500,2026-04-30 20:17:56.657992,2026-05-04 10:44:02.324319,2026-05-29 03:11:38.75494,catlg-172c6b09-a0b1-4b18-8071-caa0956a8309,NULL,NULL
Houston Hot Chicken,org-490e23ce-6f23-4d3d-8544-8728f0965cfc,loc-b2e07e29-8760-48d3-8ccc-764e480cff59,Las Vegas - Ann Road,catlg-172c6b09-a0b1-4b18-8071-caa0956a8309,Las Vegas - Ann Road Catalog,False,2026-04-30 19:56:47.919171,2026-05-27 21:02:06.254055,198250,itm-b8ad7675-ac72-4df3-8b34-015b1283a1cf,Lemonade Refill,1,NULL,3,Item,,NULL,NULL,NULL,False,NULL,NULL,NULL,False,False,2026-04-30 20:17:54.618317,2026-05-21 13:20:14.36872,2.000,2026-04-30 20:17:56.662398,2026-05-04 10:44:02.324319,2026-05-29 03:11:38.75494,catlg-172c6b09-a0b1-4b18-8071-caa0956a8309,NULL,NULL
Houston Hot Chicken,org-490e23ce-6f23-4d3d-8544-8728f0965cfc,loc-b2e07e29-8760-48d3-8ccc-764e480cff59,Las Vegas - Ann Road,catlg-172c6b09-a0b1-4b18-8071-caa0956a8309,Las Vegas - Ann Road Catalog,False,2026-04-30 19:56:47.919171,2026-05-27 21:02:06.254055,196811,itm-a37e16f5-26e7-4241-9c53-3c5c6370e31c,Milkshake Vanilla,1,NULL,3,Item,,NULL,NULL,NULL,False,NULL,NULL,NULL,True,False,2026-04-30 20:17:54.618317,2026-05-21 13:20:14.342126,4.990,2026-04-30 20:17:56.666477,2026-05-04 10:44:02.324319,2026-05-29 03:11:38.75494,catlg-172c6b09-a0b1-4b18-8071-caa0956a8309,NULL,NULL
Houston Hot Chicken,org-490e23ce-6f23-4d3d-8544-8728f0965cfc,loc-b2e07e29-8760-48d3-8ccc-764e480cff59,Las Vegas - Ann Road,catlg-172c6b09-a0b1-4b18-8071-caa0956a8309,Las Vegas - Ann Road Catalog,False,2026-04-30 19:56:47.919171,2026-05-27 21:02:06.254055,202115,itm-30b53460-95ec-435f-9126-2d1af70ee633,Milkshake Chocolate,1,NULL,3,Item,,NULL,NULL,NULL,False,NULL,NULL,NULL,True,False,2026-04-30 20:17:54.618317,2026-05-21 13:20:14.30525,4.990,2026-04-30 20:17:56.670596,2026-05-04 10:44:02.324319,2026-05-29 03:11:38.75494,catlg-172c6b09-a0b1-4b18-8071-caa0956a8309,NULL,NULL
Houston Hot Chicken,org-490e23ce-6f23-4d3d-8544-8728f0965cfc,loc-b2e07e29-8760-48d3-8ccc-764e480cff59,Las Vegas - Ann Road,catlg-172c6b09-a0b1-4b18-8071-caa0956a8309,Las Vegas - Ann Road Catalog,False,2026-04-30 19:56:47.919171,2026-05-27 21:02:06.254055,204094,itm-bb04f7ae-282d-43eb-b1f4-a99dba30d99b,Milkshake Strawberry,1,NULL,3,Item,,NULL,NULL,NULL,False,NULL,NULL,NULL,True,False,2026-04-30 20:17:54.618317,2026-05-21 13:20:14.306013,4.990,2026-04-30 20:17:56.674836,2026-05-04 10:44:02.324319,2026-05-29 03:11:38.75494,catlg-172c6b09-a0b1-4b18-8071-caa0956a8309,NULL,NULL
Houston Hot Chicken,org-490e23ce-6f23-4d3d-8544-8728f0965cfc,loc-b2e07e29-8760-48d3-8ccc-764e480cff59,Las Vegas - Ann Road,catlg-172c6b09-a0b1-4b18-8071-caa0956a8309,Las Vegas - Ann Road Catalog,False,2026-04-30 19:56:47.919171,2026-05-27 21:02:06.254055,196991,itm-1a17e549-64ed-451c-8e04-b5315488532e,Shake N' Waffle,1,NULL,4,Item,,NULL,NULL,NULL,False,NULL,NULL,NULL,True,False,2026-04-30 20:17:54.618317,2026-05-21 13:20:14.306751,6.500,2026-04-30 20:17:56.67887,2026-05-04 10:44:02.324319,2026-05-29 03:11:38.75494,catlg-172c6b09-a0b1-4b18-8071-caa0956a8309,NULL,NULL
Houston Hot Chicken,org-490e23ce-6f23-4d3d-8544-8728f0965cfc,loc-b2e07e29-8760-48d3-8ccc-764e480cff59,Las Vegas - Ann Road,catlg-172c6b09-a0b1-4b18-8071-caa0956a8309,Las Vegas - Ann Road Catalog,False,2026-04-30 19:56:47.919171,2026-05-27 21:02:06.254055,204918,itm-db5cf85f-c091-4cb5-9c28-94ced330aa97,Chocolate Chip Wheely,1,NULL,4,Item,,NULL,NULL,NULL,False,NULL,NULL,NULL,True,False,2026-04-30 20:17:54.618317,2026-05-21 13:20:14.307717,3.950,2026-04-30 20:17:56.682701,2026-05-04 10:44:02.324319,2026-05-29 03:11:38.75494,catlg-172c6b09-a0b1-4b18-8071-caa0956a8309,NULL,NULL
Houston Hot Chicken,org-490e23ce-6f23-4d3d-8544-8728f0965cfc,loc-b2e07e29-8760-48d3-8ccc-764e480cff59,Las Vegas - Ann Road,catlg-172c6b09-a0b1-4b18-8071-caa0956a8309,Las Vegas - Ann Road Catalog,False,2026-04-30 19:56:47.919171,2026-05-27 21:02:06.254055,198471,itm-964e40d1-e017-4561-be2b-c60ce6b078e7,Red Velvet Wheely,1,NULL,4,Item,,NULL,NULL,NULL,False,NULL,NULL,NULL,True,False,2026-04-30 20:17:54.618317,2026-05-21 13:20:14.309061,3.950,2026-04-30 20:17:56.691392,2026-05-04 10:44:02.324319,2026-05-29 03:11:38.75494,catlg-172c6b09-a0b1-4b18-8071-caa0956a8309,NULL,NULL
Houston Hot Chicken,org-490e23ce-6f23-4d3d-8544-8728f0965cfc,loc-b2e07e29-8760-48d3-8ccc-764e480cff59,Las Vegas - Ann Road,catlg-172c6b09-a0b1-4b18-8071-caa0956a8309,Las Vegas - Ann Road Catalog,False,2026-04-30 19:56:47.919171,2026-05-27 21:02:06.254055,206047,itm-c7facfe8-b167-4589-a744-b79cb20e8271,House Sauce (2 oz),1,NULL,2,Item,,NULL,NULL,NULL,False,NULL,NULL,NULL,True,False,2026-04-30 20:17:54.618317,2026-05-21 13:20:14.309825,1.000,2026-04-30 20:17:56.695736,2026-05-04 10:44:02.324319,2026-05-29 03:11:38.75494,catlg-172c6b09-a0b1-4b18-8071-caa0956a8309,NULL,NULL
Houston Hot Chicken,org-490e23ce-6f23-4d3d-8544-8728f0965cfc,loc-b2e07e29-8760-48d3-8ccc-764e480cff59,Las Vegas - Ann Road,catlg-172c6b09-a0b1-4b18-8071-caa0956a8309,Las Vegas - Ann Road Catalog,False,2026-04-30 19:56:47.919171,2026-05-27 21:02:06.254055,201551,itm-31ce9add-3a8b-4e64-bd1f-b1264eac8446,Ranch (2 oz),1,NULL,7,Item,,NULL,NULL,NULL,False,NULL,NULL,NULL,True,False,2026-04-30 20:17:54.618317,2026-05-21 13:20:14.310564,1.000,2026-04-30 20:17:56.699997,2026-05-04 10:44:02.324319,2026-05-29 03:11:38.75494,catlg-172c6b09-a0b1-4b18-8071-caa0956a8309,NULL,NULL
Houston Hot Chicken,org-490e23ce-6f23-4d3d-8544-8728f0965cfc,loc-b2e07e29-8760-48d3-8ccc-764e480cff59,Las Vegas - Ann Road,catlg-172c6b09-a0b1-4b18-8071-caa0956a8309,Las Vegas - Ann Road Catalog,False,2026-04-30 19:56:47.919171,2026-05-27 21:02:06.254055,194472,itm-8781cf74-b1bc-42dc-826b-7927a837f3b1,Cheese Sauce (2 oz),1,NULL,7,Item,,NULL,NULL,NULL,False,NULL,NULL,NULL,True,False,2026-04-30 20:17:54.618317,2026-05-21 13:20:14.311394,1.500,2026-04-30 20:17:56.704006,2026-05-04 10:44:02.324319,2026-05-29 03:11:38.75494,catlg-172c6b09-a0b1-4b18-8071-caa0956a8309,NULL,NULL
Houston Hot Chicken,org-490e23ce-6f23-4d3d-8544-8728f0965cfc,loc-b2e07e29-8760-48d3-8ccc-764e480cff59,Las Vegas - Ann Road,catlg-172c6b09-a0b1-4b18-8071-caa0956a8309,Las Vegas - Ann Road Catalog,False,2026-04-30 19:56:47.919171,2026-05-27 21:02:06.254055,201109,itm-1d8f2a5d-2fd2-4dec-acf8-508bd4f78f9f,BBQ Sauce (2 oz),1,NULL,7,Item,,NULL,NULL,NULL,False,NULL,NULL,NULL,True,False,2026-04-30 20:17:54.618317,2026-05-21 13:20:14.312159,1.000,2026-04-30 20:17:56.707867,2026-05-04 10:44:02.324319,2026-05-29 03:11:38.75494,catlg-172c6b09-a0b1-4b18-8071-caa0956a8309,NULL,NULL
Houston Hot Chicken,org-490e23ce-6f23-4d3d-8544-8728f0965cfc,loc-b2e07e29-8760-48d3-8ccc-764e480cff59,Las Vegas - Ann Road,catlg-172c6b09-a0b1-4b18-8071-caa0956a8309,Las Vegas - Ann Road Catalog,False,2026-04-30 19:56:47.919171,2026-05-27 21:02:06.254055,201394,itm-f6c2f331-8bc2-40cc-8206-5c7c1227f0a4,Caesar Dressing (2 oz),1,NULL,7,Item,,NULL,NULL,NULL,False,NULL,NULL,NULL,True,False,2026-04-30 20:17:54.618317,2026-05-21 13:20:14.313399,1.000,2026-04-30 20:17:56.711708,2026-05-04 10:44:02.324319,2026-05-29 03:11:38.75494,catlg-172c6b09-a0b1-4b18-8071-caa0956a8309,NULL,NULL
Houston Hot Chicken,org-490e23ce-6f23-4d3d-8544-8728f0965cfc,loc-b2e07e29-8760-48d3-8ccc-764e480cff59,Las Vegas - Ann Road,catlg-172c6b09-a0b1-4b18-8071-caa0956a8309,Las Vegas - Ann Road Catalog,False,2026-04-30 19:56:47.919171,2026-05-27 21:02:06.254055,201210,itm-7995a88d-b667-45a8-aea1-9683589dce9d,Cilantro Ranch (2 oz),1,NULL,7,Item,,NULL,NULL,NULL,False,NULL,NULL,NULL,True,False,2026-04-30 20:17:54.618317,2026-05-21 13:20:14.314354,1.000,2026-04-30 20:17:56.715801,2026-05-04 10:44:02.324319,2026-05-29 03:11:38.75494,catlg-172c6b09-a0b1-4b18-8071-caa0956a8309,NULL,NULL
Houston Hot Chicken,org-490e23ce-6f23-4d3d-8544-8728f0965cfc,loc-b2e07e29-8760-48d3-8ccc-764e480cff59,Las Vegas - Ann Road,catlg-172c6b09-a0b1-4b18-8071-caa0956a8309,Las Vegas - Ann Road Catalog,False,2026-04-30 19:56:47.919171,2026-05-27 21:02:06.254055,195493,itm-fd32f204-c6fe-4bbe-b099-62037fcdc8ec,Large Cheese Sauce (8oz),1,NULL,7,Item,,NULL,NULL,NULL,False,NULL,NULL,NULL,True,False,2026-04-30 20:17:54.618317,2026-05-21 13:20:14.352616,4.000,2026-04-30 20:17:56.71976,2026-05-04 10:44:02.324319,2026-05-29 03:11:38.75494,catlg-172c6b09-a0b1-4b18-8071-caa0956a8309,NULL,NULL
Houston Hot Chicken,org-490e23ce-6f23-4d3d-8544-8728f0965cfc,loc-b2e07e29-8760-48d3-8ccc-764e480cff59,Las Vegas - Ann Road,catlg-172c6b09-a0b1-4b18-8071-caa0956a8309,Las Vegas - Ann Road Catalog,False,2026-04-30 19:56:47.919171,2026-05-27 21:02:06.254055,193761,itm-91fa1390-261f-45a9-8f7a-7e482f0a11ec,Large Ranch (8oz),1,NULL,7,Item,,NULL,NULL,NULL,False,NULL,NULL,NULL,True,False,2026-04-30 20:17:54.618317,2026-05-21 13:20:14.361837,4.000,2026-04-30 20:17:56.723591,2026-05-04 10:44:02.324319,2026-05-29 03:11:38.75494,catlg-172c6b09-a0b1-4b18-8071-caa0956a8309,NULL,NULL
Houston Hot Chicken,org-490e23ce-6f23-4d3d-8544-8728f0965cfc,loc-b2e07e29-8760-48d3-8ccc-764e480cff59,Las Vegas - Ann Road,catlg-172c6b09-a0b1-4b18-8071-caa0956a8309,Las Vegas - Ann Road Catalog,False,2026-04-30 19:56:47.919171,2026-05-27 21:02:06.254055,198496,itm-eff102e0-50b5-4357-a07a-37012d477bbe,Large House Sauce (8oz),1,NULL,7,Item,,NULL,NULL,NULL,False,NULL,NULL,NULL,True,False,2026-04-30 20:17:54.618317,2026-05-21 13:20:14.376438,4.000,2026-04-30 20:17:56.727388,2026-05-04 10:44:02.324319,2026-05-29 03:11:38.75494,catlg-172c6b09-a0b1-4b18-8071-caa0956a8309,NULL,NULL
Houston Hot Chicken,org-490e23ce-6f23-4d3d-8544-8728f0965cfc,loc-b2e07e29-8760-48d3-8ccc-764e480cff59,Las Vegas - Ann Road,catlg-172c6b09-a0b1-4b18-8071-caa0956a8309,Las Vegas - Ann Road Catalog,False,2026-04-30 19:56:47.919171,2026-05-27 21:02:06.254055,193684,itm-5b73412a-9ad8-40d4-872b-7ce264bf2fee,Honey (1 oz),1,NULL,7,Item,,NULL,NULL,NULL,False,NULL,NULL,NULL,True,False,2026-04-30 20:17:54.618317,2026-05-21 13:20:14.316146,0.500,2026-04-30 20:17:56.731348,2026-05-04 10:44:02.324319,2026-05-29 03:11:38.75494,catlg-172c6b09-a0b1-4b18-8071-caa0956a8309,NULL,NULL
Houston Hot Chicken,org-490e23ce-6f23-4d3d-8544-8728f0965cfc,loc-b2e07e29-8760-48d3-8ccc-764e480cff59,Las Vegas - Ann Road,catlg-172c6b09-a0b1-4b18-8071-caa0956a8309,Las Vegas - Ann Road Catalog,False,2026-04-30 19:56:47.919171,2026-05-27 21:02:06.254055,203156,itm-c51f3747-5306-46f8-8d39-b14fc4532476,Maple Syrup (2 oz),1,NULL,7,Item,,NULL,NULL,NULL,False,NULL,NULL,NULL,True,False,2026-04-30 20:17:54.618317,2026-05-21 13:20:14.317007,0.500,2026-04-30 20:17:56.735157,2026-05-04 10:44:02.324319,2026-05-29 03:11:38.75494,catlg-172c6b09-a0b1-4b18-8071-caa0956a8309,NULL,NULL
Houston Hot Chicken,org-490e23ce-6f23-4d3d-8544-8728f0965cfc,loc-b2e07e29-8760-48d3-8ccc-764e480cff59,Las Vegas - Ann Road,catlg-172c6b09-a0b1-4b18-8071-caa0956a8309,Las Vegas - Ann Road Catalog,False,2026-04-30 19:56:47.919171,2026-05-27 21:02:06.254055,205346,itm-befeb139-140b-489f-b50f-d7db5c72d261,Buffalo Sauce (2oz),1,NULL,7,Item,,NULL,NULL,NULL,False,NULL,NULL,NULL,True,False,2026-04-30 20:17:54.618317,2026-05-21 13:20:14.369794,1.000,2026-04-30 20:17:56.740129,2026-05-04 10:44:02.324319,2026-05-29 03:11:38.75494,catlg-172c6b09-a0b1-4b18-8071-caa0956a8309,NULL,NULL
Houston Hot Chicken,org-490e23ce-6f23-4d3d-8544-8728f0965cfc,loc-b2e07e29-8760-48d3-8ccc-764e480cff59,Las Vegas - Ann Road,catlg-172c6b09-a0b1-4b18-8071-caa0956a8309,Las Vegas - Ann Road Catalog,False,2026-04-30 19:56:47.919171,2026-05-27 21:02:06.254055,204946,itm-4f403175-8b76-4c62-b468-d3540acb758d,HWHAP Original Hot Chicken Sandwich Meal,1,NULL,5,Item,,NULL,NULL,NULL,False,NULL,NULL,NULL,True,False,2026-04-30 20:17:54.618317,2026-05-21 13:20:14.37076,14.990,2026-04-30 20:17:56.744107,2026-05-04 10:44:02.324319,2026-05-29 03:11:38.75494,catlg-172c6b09-a0b1-4b18-8071-caa0956a8309,NULL,NULL
Houston Hot Chicken,org-490e23ce-6f23-4d3d-8544-8728f0965cfc,loc-b2e07e29-8760-48d3-8ccc-764e480cff59,Las Vegas - Ann Road,catlg-172c6b09-a0b1-4b18-8071-caa0956a8309,Las Vegas - Ann Road Catalog,False,2026-04-30 19:56:47.919171,2026-05-27 21:02:06.254055,200572,itm-3fe24a44-7a33-4420-ab46-23e3baa75b9e,HWHAP Classic Chicken Sandwich Meal,1,NULL,5,Item,,NULL,NULL,NULL,False,NULL,NULL,NULL,True,False,2026-04-30 20:17:54.618317,2026-05-21 13:20:14.31796,13.990,2026-04-30 20:17:56.75324,2026-05-04 10:44:02.324319,2026-05-29 03:11:38.75494,catlg-172c6b09-a0b1-4b18-8071-caa0956a8309,NULL,NULL
Houston Hot Chicken,org-490e23ce-6f23-4d3d-8544-8728f0965cfc,loc-b2e07e29-8760-48d3-8ccc-764e480cff59,Las Vegas - Ann Road,catlg-172c6b09-a0b1-4b18-8071-caa0956a8309,Las Vegas - Ann Road Catalog,False,2026-04-30 19:56:47.919171,2026-05-27 21:02:06.254055,195117,itm-18089f38-c3a0-43fb-85a5-06dfd9f63051,HWHAP Sandwich & Tender Meal,1,NULL,5,Item,,NULL,NULL,NULL,False,NULL,NULL,NULL,True,False,2026-04-30 20:17:54.618317,2026-05-21 13:20:14.3188,16.990,2026-04-30 20:17:56.757251,2026-05-04 10:44:02.324319,2026-05-29 03:11:38.75494,catlg-172c6b09-a0b1-4b18-8071-caa0956a8309,NULL,NULL
Houston Hot Chicken,org-490e23ce-6f23-4d3d-8544-8728f0965cfc,loc-b2e07e29-8760-48d3-8ccc-764e480cff59,Las Vegas - Ann Road,catlg-172c6b09-a0b1-4b18-8071-caa0956a8309,Las Vegas - Ann Road Catalog,False,2026-04-30 19:56:47.919171,2026-05-27 21:02:06.254055,194956,itm-ffcfee1c-a036-409d-b44f-5949e190b9fb,HWHAP 2 Tender Meal,1,NULL,5,Item,,NULL,NULL,NULL,False,NULL,NULL,NULL,True,False,2026-04-30 20:17:54.618317,2026-05-21 13:20:14.343785,12.990,2026-04-30 20:17:56.761055,2026-05-04 10:44:02.324319,2026-05-29 03:11:38.75494,catlg-172c6b09-a0b1-4b18-8071-caa0956a8309,NULL,NULL
Houston Hot Chicken,org-490e23ce-6f23-4d3d-8544-8728f0965cfc,loc-b2e07e29-8760-48d3-8ccc-764e480cff59,Las Vegas - Ann Road,catlg-172c6b09-a0b1-4b18-8071-caa0956a8309,Las Vegas - Ann Road Catalog,False,2026-04-30 19:56:47.919171,2026-05-27 21:02:06.254055,200385,itm-bd56a080-89cb-48f6-a06f-aeedc05143a6,HWHAP 3 Tenders and Fries Meal,1,NULL,5,Item,,NULL,NULL,NULL,False,NULL,NULL,NULL,True,False,2026-04-30 20:17:54.618317,2026-05-21 13:20:14.353511,15.990,2026-04-30 20:17:56.765659,2026-05-04 10:44:02.324319,2026-05-29 03:11:38.75494,catlg-172c6b09-a0b1-4b18-8071-caa0956a8309,NULL,NULL
Houston Hot Chicken,org-490e23ce-6f23-4d3d-8544-8728f0965cfc,loc-b2e07e29-8760-48d3-8ccc-764e480cff59,Las Vegas - Ann Road,catlg-172c6b09-a0b1-4b18-8071-caa0956a8309,Las Vegas - Ann Road Catalog,False,2026-04-30 19:56:47.919171,2026-05-27 21:02:06.254055,196604,itm-36410551-f407-403e-9a41-75a066220a87,Tenders and Waffle,1,NULL,5,Item,,NULL,NULL,NULL,False,NULL,NULL,NULL,True,False,2026-04-30 20:17:54.618317,2026-05-21 13:20:14.354619,14.990,2026-04-30 20:17:56.770062,2026-05-04 10:44:02.324319,2026-05-29 03:11:38.75494,catlg-172c6b09-a0b1-4b18-8071-caa0956a8309,NULL,NULL
Houston Hot Chicken,org-490e23ce-6f23-4d3d-8544-8728f0965cfc,loc-b2e07e29-8760-48d3-8ccc-764e480cff59,Las Vegas - Ann Road,catlg-172c6b09-a0b1-4b18-8071-caa0956a8309,Las Vegas - Ann Road Catalog,False,2026-04-30 19:56:47.919171,2026-05-27 21:02:06.254055,193136,itm-4346bde8-a4e9-4783-b1b0-a1c4c2a776b1,HWHAP Tenders and Slaw,1,NULL,5,Item,,NULL,NULL,NULL,False,NULL,NULL,NULL,True,False,2026-04-30 20:17:54.618317,2026-05-21 13:20:14.319683,13.990,2026-04-30 20:17:56.773907,2026-05-04 10:44:02.324319,2026-05-29 03:11:38.75494,catlg-172c6b09-a0b1-4b18-8071-caa0956a8309,NULL,NULL
Houston Hot Chicken,org-490e23ce-6f23-4d3d-8544-8728f0965cfc,loc-b2e07e29-8760-48d3-8ccc-764e480cff59,Las Vegas - Ann Road,catlg-172c6b09-a0b1-4b18-8071-caa0956a8309,Las Vegas - Ann Road Catalog,False,2026-04-30 19:56:47.919171,2026-05-27 21:02:06.254055,206505,itm-bf13053b-ac05-49e1-87ba-a2dafb81267e,HWHAP Texas Caesar Salad,1,NULL,1,Item,,NULL,NULL,NULL,False,NULL,NULL,NULL,True,False,2026-04-30 20:17:54.618317,2026-05-21 13:20:14.320477,15.990,2026-04-30 20:17:56.778236,2026-05-04 10:44:02.324319,2026-05-29 03:11:38.75494,catlg-172c6b09-a0b1-4b18-8071-caa0956a8309,NULL,NULL
Houston Hot Chicken,org-490e23ce-6f23-4d3d-8544-8728f0965cfc,loc-b2e07e29-8760-48d3-8ccc-764e480cff59,Las Vegas - Ann Road,catlg-172c6b09-a0b1-4b18-8071-caa0956a8309,Las Vegas - Ann Road Catalog,False,2026-04-30 19:56:47.919171,2026-05-27 21:02:06.254055,193987,itm-accb9229-6be4-4184-910d-4be9cdc1364a,HWHAP Southwest Salad,1,NULL,1,Item,,NULL,NULL,NULL,False,NULL,NULL,NULL,True,False,2026-04-30 20:17:54.618317,2026-05-21 13:20:14.32139,15.990,2026-04-30 20:17:56.782627,2026-05-04 10:44:02.324319,2026-05-29 03:11:38.75494,catlg-172c6b09-a0b1-4b18-8071-caa0956a8309,NULL,NULL
Houston Hot Chicken,org-490e23ce-6f23-4d3d-8544-8728f0965cfc,loc-b2e07e29-8760-48d3-8ccc-764e480cff59,Las Vegas - Ann Road,catlg-172c6b09-a0b1-4b18-8071-caa0956a8309,Las Vegas - Ann Road Catalog,False,2026-04-30 19:56:47.919171,2026-05-27 21:02:06.254055,192998,itm-9b612623-abfd-450f-b324-c652e0632584,HWHAP Loaded Fries,1,NULL,2,Item,,NULL,NULL,NULL,False,NULL,NULL,NULL,True,False,2026-04-30 20:17:54.618317,2026-05-21 13:20:14.37173,14.990,2026-04-30 20:17:56.787814,2026-05-04 10:44:02.324319,2026-05-29 03:11:38.75494,catlg-172c6b09-a0b1-4b18-8071-caa0956a8309,NULL,NULL
Houston Hot Chicken,org-490e23ce-6f23-4d3d-8544-8728f0965cfc,loc-b2e07e29-8760-48d3-8ccc-764e480cff59,Las Vegas - Ann Road,catlg-172c6b09-a0b1-4b18-8071-caa0956a8309,Las Vegas - Ann Road Catalog,False,2026-04-30 19:56:47.919171,2026-05-27 21:02:06.254055,194515,itm-f6770955-c2e4-48e1-adbe-927949a8bed0,HWHAP Fusion Fries,1,NULL,2,Item,,NULL,NULL,NULL,False,NULL,NULL,NULL,True,False,2026-04-30 20:17:54.618317,2026-05-21 13:20:14.3634,16.990,2026-04-30 20:17:56.793509,2026-05-04 10:44:02.324319,2026-05-29 03:11:38.75494,catlg-172c6b09-a0b1-4b18-8071-caa0956a8309,NULL,NULL
Houston Hot Chicken,org-490e23ce-6f23-4d3d-8544-8728f0965cfc,loc-b2e07e29-8760-48d3-8ccc-764e480cff59,Las Vegas - Ann Road,catlg-172c6b09-a0b1-4b18-8071-caa0956a8309,Las Vegas - Ann Road Catalog,False,2026-04-30 19:56:47.919171,2026-05-27 21:02:06.254055,191939,itm-3d65bcd4-0dc2-419a-83f8-907ac94d6378,HWHAP 10 pc Nugget Meal,1,NULL,5,Item,,NULL,NULL,NULL,False,NULL,NULL,NULL,True,False,2026-04-30 20:17:54.618317,2026-05-21 13:20:14.32217,13.990,2026-04-30 20:17:56.797487,2026-05-04 10:44:02.324319,2026-05-29 03:11:38.75494,catlg-172c6b09-a0b1-4b18-8071-caa0956a8309,NULL,NULL
Houston Hot Chicken,org-490e23ce-6f23-4d3d-8544-8728f0965cfc,loc-b2e07e29-8760-48d3-8ccc-764e480cff59,Las Vegas - Ann Road,catlg-172c6b09-a0b1-4b18-8071-caa0956a8309,Las Vegas - Ann Road Catalog,False,2026-04-30 19:56:47.919171,2026-05-27 21:02:06.254055,198403,itm-cf7bc04f-59f5-4cca-917c-50c204033a12,Shake N' Fries,1,NULL,5,Item,,NULL,NULL,NULL,False,NULL,NULL,NULL,True,False,2026-04-30 20:17:54.618317,2026-05-21 13:20:14.326413,7.990,2026-04-30 20:17:56.85642,2026-05-04 10:44:02.324319,2026-05-29 03:11:38.75494,catlg-172c6b09-a0b1-4b18-8071-caa0956a8309,NULL,NULL
Houston Hot Chicken,org-490e23ce-6f23-4d3d-8544-8728f0965cfc,loc-b2e07e29-8760-48d3-8ccc-764e480cff59,Las Vegas - Ann Road,catlg-172c6b09-a0b1-4b18-8071-caa0956a8309,Las Vegas - Ann Road Catalog,False,2026-04-30 19:56:47.919171,2026-05-27 21:02:06.254055,200254,itm-09b96d6d-03d8-48f2-b866-5e8e9f8d6d01,The Mondi,1,NULL,1,Item,,NULL,NULL,NULL,False,NULL,NULL,NULL,True,False,2026-04-30 20:17:54.618317,2026-05-21 13:20:14.327226,5.990,2026-04-30 20:17:56.863055,2026-05-04 10:44:02.324319,2026-05-29 03:11:38.75494,catlg-172c6b09-a0b1-4b18-8071-caa0956a8309,NULL,NULL
Houston Hot Chicken,org-490e23ce-6f23-4d3d-8544-8728f0965cfc,loc-b2e07e29-8760-48d3-8ccc-764e480cff59,Las Vegas - Ann Road,catlg-172c6b09-a0b1-4b18-8071-caa0956a8309,Las Vegas - Ann Road Catalog,False,2026-04-30 19:56:47.919171,2026-05-27 21:02:06.254055,195310,itm-70fea55f-3bb3-4700-aa31-39b2dce20c47,HWHAP 15 pc Nugget Meal,1,NULL,5,Item,,NULL,NULL,NULL,False,NULL,NULL,NULL,True,False,2026-04-30 20:17:54.618317,2026-05-21 13:20:14.323023,15.990,2026-04-30 20:17:56.801738,2026-05-04 10:44:02.324319,2026-05-29 03:11:38.75494,catlg-172c6b09-a0b1-4b18-8071-caa0956a8309,NULL,NULL
Houston Hot Chicken,org-490e23ce-6f23-4d3d-8544-8728f0965cfc,loc-b2e07e29-8760-48d3-8ccc-764e480cff59,Las Vegas - Ann Road,catlg-172c6b09-a0b1-4b18-8071-caa0956a8309,Las Vegas - Ann Road Catalog,False,2026-04-30 19:56:47.919171,2026-05-27 21:02:06.254055,194459,itm-4d678245-7eaf-49d2-ad19-040782370b91,Red Bull,1,NULL,3,Item,,NULL,NULL,NULL,False,NULL,NULL,NULL,True,False,2026-04-30 20:17:54.618317,2026-05-21 13:20:14.328438,3.990,2026-04-30 20:17:56.872321,2026-05-04 10:44:02.324319,2026-05-29 03:11:38.75494,catlg-172c6b09-a0b1-4b18-8071-caa0956a8309,NULL,NULL
Houston Hot Chicken,org-490e23ce-6f23-4d3d-8544-8728f0965cfc,loc-b2e07e29-8760-48d3-8ccc-764e480cff59,Las Vegas - Ann Road,catlg-172c6b09-a0b1-4b18-8071-caa0956a8309,Las Vegas - Ann Road Catalog,False,2026-04-30 19:56:47.919171,2026-05-27 21:02:06.254055,202826,itm-8732f8a1-4a0c-403f-b378-2040b24a0fc2,Original Party Package,1,NULL,5,Item,,NULL,NULL,NULL,False,NULL,NULL,NULL,True,False,2026-04-30 20:17:54.618317,2026-05-21 13:20:14.329401,150.000,2026-04-30 20:17:56.877105,2026-05-04 10:44:02.324319,2026-05-29 03:11:38.75494,catlg-172c6b09-a0b1-4b18-8071-caa0956a8309,NULL,NULL
Houston Hot Chicken,org-490e23ce-6f23-4d3d-8544-8728f0965cfc,loc-b2e07e29-8760-48d3-8ccc-764e480cff59,Las Vegas - Ann Road,catlg-172c6b09-a0b1-4b18-8071-caa0956a8309,Las Vegas - Ann Road Catalog,False,2026-04-30 19:56:47.919171,2026-05-27 21:02:06.254055,201308,itm-dfc2ecfe-1eb2-40c6-8494-93726e5fa52d,HWHAP SPICE CHALLENGE,1,NULL,5,Item,,NULL,NULL,NULL,False,NULL,NULL,NULL,True,False,2026-04-30 20:17:54.618317,2026-05-21 13:20:14.355544,12.000,2026-04-30 20:17:56.806247,2026-05-04 10:44:02.324319,2026-05-29 03:11:38.75494,catlg-172c6b09-a0b1-4b18-8071-caa0956a8309,NULL,NULL
Houston Hot Chicken,org-490e23ce-6f23-4d3d-8544-8728f0965cfc,loc-b2e07e29-8760-48d3-8ccc-764e480cff59,Las Vegas - Ann Road,catlg-172c6b09-a0b1-4b18-8071-caa0956a8309,Las Vegas - Ann Road Catalog,False,2026-04-30 19:56:47.919171,2026-05-27 21:02:06.254055,196455,itm-9db38747-525f-4685-9535-6d4a30d936e4,HWHAP Cheesy Sandwich (a la carte),1,NULL,1,Item,,NULL,NULL,NULL,False,NULL,NULL,NULL,True,False,2026-04-30 20:17:54.618317,2026-05-21 13:20:14.356471,12.990,2026-04-30 20:17:56.810698,2026-05-04 10:44:02.324319,2026-05-29 03:11:38.75494,catlg-172c6b09-a0b1-4b18-8071-caa0956a8309,NULL,NULL
Houston Hot Chicken,org-490e23ce-6f23-4d3d-8544-8728f0965cfc,loc-b2e07e29-8760-48d3-8ccc-764e480cff59,Las Vegas - Ann Road,catlg-172c6b09-a0b1-4b18-8071-caa0956a8309,Las Vegas - Ann Road Catalog,False,2026-04-30 19:56:47.919171,2026-05-27 21:02:06.254055,206749,itm-d63ce9d8-6f7c-433b-a331-a5b3099c8cd5,Original Sandwich Platter (10),1,NULL,5,Item,,NULL,NULL,NULL,False,NULL,NULL,NULL,True,False,2026-04-30 20:17:54.618317,2026-05-21 13:20:14.330205,100.000,2026-04-30 20:17:56.881473,2026-05-04 10:44:02.324319,2026-05-29 03:11:38.75494,catlg-172c6b09-a0b1-4b18-8071-caa0956a8309,NULL,NULL
Houston Hot Chicken,org-490e23ce-6f23-4d3d-8544-8728f0965cfc,loc-b2e07e29-8760-48d3-8ccc-764e480cff59,Las Vegas - Ann Road,catlg-172c6b09-a0b1-4b18-8071-caa0956a8309,Las Vegas - Ann Road Catalog,False,2026-04-30 19:56:47.919171,2026-05-27 21:02:06.254055,199953,itm-1f0dbcfd-1c00-430f-a544-b2acba99acb9,20 Tender Platter,1,NULL,5,Item,,NULL,NULL,NULL,False,NULL,NULL,NULL,True,False,2026-04-30 20:17:54.618317,2026-05-21 13:20:14.332855,80.000,2026-04-30 20:17:56.894152,2026-05-04 10:44:02.324319,2026-05-29 03:11:38.75494,catlg-172c6b09-a0b1-4b18-8071-caa0956a8309,NULL,NULL
Houston Hot Chicken,org-490e23ce-6f23-4d3d-8544-8728f0965cfc,loc-b2e07e29-8760-48d3-8ccc-764e480cff59,Las Vegas - Ann Road,catlg-172c6b09-a0b1-4b18-8071-caa0956a8309,Las Vegas - Ann Road Catalog,False,2026-04-30 19:56:47.919171,2026-05-27 21:02:06.254055,198782,itm-ebde5bc8-17e3-4f4a-9a80-b2b4c17d855f,50 Nugget Platter,1,NULL,5,Item,,NULL,NULL,NULL,False,NULL,NULL,NULL,True,False,2026-04-30 20:17:54.618317,2026-05-27 19:51:35.449566,35.000,2026-04-30 20:17:56.900104,2026-05-04 10:44:02.324319,2026-05-29 03:11:38.75494,catlg-172c6b09-a0b1-4b18-8071-caa0956a8309,NULL,NULL
Houston Hot Chicken,org-490e23ce-6f23-4d3d-8544-8728f0965cfc,loc-b2e07e29-8760-48d3-8ccc-764e480cff59,Las Vegas - Ann Road,catlg-172c6b09-a0b1-4b18-8071-caa0956a8309,Las Vegas - Ann Road Catalog,False,2026-04-30 19:56:47.919171,2026-05-27 21:02:06.254055,197501,itm-c172b687-b814-472a-bd48-6d86f411df2b,Waffle Platter (10),1,NULL,2,Item,,NULL,NULL,NULL,False,NULL,NULL,NULL,True,False,2026-04-30 20:17:54.618317,2026-05-21 13:20:14.334426,50.000,2026-04-30 20:17:56.904424,2026-05-04 10:44:02.324319,2026-05-29 03:11:38.75494,catlg-172c6b09-a0b1-4b18-8071-caa0956a8309,NULL,NULL
Houston Hot Chicken,org-490e23ce-6f23-4d3d-8544-8728f0965cfc,loc-b2e07e29-8760-48d3-8ccc-764e480cff59,Las Vegas - Ann Road,catlg-172c6b09-a0b1-4b18-8071-caa0956a8309,Las Vegas - Ann Road Catalog,False,2026-04-30 19:56:47.919171,2026-05-27 21:02:06.254055,202526,itm-a7eee179-0b4e-4e5e-84dc-bb830d123d3b,Small Fry Platter,1,NULL,2,Item,,NULL,NULL,NULL,False,NULL,NULL,NULL,True,False,2026-04-30 20:17:54.618317,2026-05-21 13:20:14.337049,28.000,2026-04-30 20:17:56.926863,2026-05-04 10:44:02.324319,2026-05-29 03:11:38.75494,catlg-172c6b09-a0b1-4b18-8071-caa0956a8309,NULL,NULL
Houston Hot Chicken,org-490e23ce-6f23-4d3d-8544-8728f0965cfc,loc-b2e07e29-8760-48d3-8ccc-764e480cff59,Las Vegas - Ann Road,catlg-172c6b09-a0b1-4b18-8071-caa0956a8309,Las Vegas - Ann Road Catalog,False,2026-04-30 19:56:47.919171,2026-05-27 21:02:06.254055,196231,itm-fde58ad7-7589-45e2-b89a-ecde0d38ccc7,Large Fry Platter,1,NULL,2,Item,,NULL,NULL,NULL,False,NULL,NULL,NULL,True,False,2026-04-30 20:17:54.618317,2026-05-21 13:20:14.380983,56.000,2026-04-30 20:17:56.930787,2026-05-04 10:44:02.324319,2026-05-29 03:11:38.75494,catlg-172c6b09-a0b1-4b18-8071-caa0956a8309,NULL,NULL
Houston Hot Chicken,org-490e23ce-6f23-4d3d-8544-8728f0965cfc,loc-b2e07e29-8760-48d3-8ccc-764e480cff59,Las Vegas - Ann Road,catlg-172c6b09-a0b1-4b18-8071-caa0956a8309,Las Vegas - Ann Road Catalog,False,2026-04-30 19:56:47.919171,2026-05-27 21:02:06.254055,195828,itm-820a1f62-dabd-46d9-9b38-fb2b42184595,Shareable Caesar Salad,1,NULL,2,Item,,NULL,NULL,NULL,False,NULL,NULL,NULL,True,False,2026-04-30 20:17:54.618317,2026-05-21 13:20:14.365155,40.000,2026-04-30 20:17:56.934746,2026-05-04 10:44:02.324319,2026-05-29 03:11:38.75494,catlg-172c6b09-a0b1-4b18-8071-caa0956a8309,NULL,NULL
Houston Hot Chicken,org-490e23ce-6f23-4d3d-8544-8728f0965cfc,loc-b2e07e29-8760-48d3-8ccc-764e480cff59,Las Vegas - Ann Road,catlg-172c6b09-a0b1-4b18-8071-caa0956a8309,Las Vegas - Ann Road Catalog,False,2026-04-30 19:56:47.919171,2026-05-27 21:02:06.254055,206170,itm-51712eca-1d41-423a-968f-c5b52a3fa393,Shareable Southwest Salad,1,NULL,1,Item,,NULL,NULL,NULL,False,NULL,NULL,NULL,True,False,2026-04-30 20:17:54.618317,2026-05-21 13:20:14.337925,40.000,2026-04-30 20:17:56.938931,2026-05-04 10:44:02.324319,2026-05-29 03:11:38.75494,catlg-172c6b09-a0b1-4b18-8071-caa0956a8309,NULL,NULL
Houston Hot Chicken,org-490e23ce-6f23-4d3d-8544-8728f0965cfc,loc-b2e07e29-8760-48d3-8ccc-764e480cff59,Las Vegas - Ann Road,catlg-172c6b09-a0b1-4b18-8071-caa0956a8309,Las Vegas - Ann Road Catalog,False,2026-04-30 19:56:47.919171,2026-05-27 21:02:06.254055,193403,itm-aaf9e26f-e6d1-41ed-8d1a-fa0ae4af285a,HWHAP Tender (a la carte),1,NULL,1,Item,,NULL,NULL,NULL,False,NULL,NULL,NULL,True,False,2026-04-30 20:17:54.618317,2026-05-21 13:20:14.364304,5.990,2026-04-30 20:17:56.81517,2026-05-04 10:44:02.324319,2026-05-29 03:11:38.75494,catlg-172c6b09-a0b1-4b18-8071-caa0956a8309,NULL,NULL
Houston Hot Chicken,org-490e23ce-6f23-4d3d-8544-8728f0965cfc,loc-b2e07e29-8760-48d3-8ccc-764e480cff59,Las Vegas - Ann Road,catlg-172c6b09-a0b1-4b18-8071-caa0956a8309,Las Vegas - Ann Road Catalog,False,2026-04-30 19:56:47.919171,2026-05-27 21:02:06.254055,203619,itm-e176dd52-dd05-4c36-86a6-de9c84e4f6fd,Shareable Mac & Cheese,1,NULL,2,Item,,NULL,NULL,NULL,False,NULL,NULL,NULL,True,False,2026-04-30 20:17:54.618317,2026-05-21 13:20:14.338755,55.000,2026-04-30 20:17:56.943194,2026-05-04 10:44:02.324319,2026-05-29 03:11:38.75494,catlg-172c6b09-a0b1-4b18-8071-caa0956a8309,NULL,NULL
Houston Hot Chicken,org-490e23ce-6f23-4d3d-8544-8728f0965cfc,loc-b2e07e29-8760-48d3-8ccc-764e480cff59,Las Vegas - Ann Road,catlg-172c6b09-a0b1-4b18-8071-caa0956a8309,Las Vegas - Ann Road Catalog,False,2026-04-30 19:56:47.919171,2026-05-27 21:02:06.254055,205818,itm-c49d3e77-4deb-41d7-a36d-8079500e121a,HWHAP Original Sandwich (a la carte),1,NULL,1,Item,,NULL,NULL,NULL,False,NULL,NULL,NULL,True,False,2026-04-30 20:17:54.618317,2026-05-21 13:20:14.37736,11.990,2026-04-30 20:17:56.820348,2026-05-04 10:44:02.324319,2026-05-29 03:11:38.75494,catlg-172c6b09-a0b1-4b18-8071-caa0956a8309,NULL,NULL
Houston Hot Chicken,org-490e23ce-6f23-4d3d-8544-8728f0965cfc,loc-b2e07e29-8760-48d3-8ccc-764e480cff59,Las Vegas - Ann Road,catlg-172c6b09-a0b1-4b18-8071-caa0956a8309,Las Vegas - Ann Road Catalog,False,2026-04-30 19:56:47.919171,2026-05-27 21:02:06.254055,205578,itm-ba696f5b-1ff0-4cfe-ad19-db15be692a81,HWHAP Classic Sandwich (a la carte),1,NULL,1,Item,,NULL,NULL,NULL,False,NULL,NULL,NULL,True,False,2026-04-30 20:17:54.618317,2026-05-21 13:20:14.323786,10.990,2026-04-30 20:17:56.82583,2026-05-04 10:44:02.324319,2026-05-29 03:11:38.75494,catlg-172c6b09-a0b1-4b18-8071-caa0956a8309,NULL,NULL
Houston Hot Chicken,org-490e23ce-6f23-4d3d-8544-8728f0965cfc,loc-b2e07e29-8760-48d3-8ccc-764e480cff59,Las Vegas - Ann Road,catlg-172c6b09-a0b1-4b18-8071-caa0956a8309,Las Vegas - Ann Road Catalog,False,2026-04-30 19:56:47.919171,2026-05-27 21:02:06.254055,194792,itm-a7f500fa-f2e2-41e4-8578-e811d54d925f,HWHAP 15 pc Nuggets (a la carte),1,NULL,1,Item,,NULL,NULL,NULL,False,NULL,NULL,NULL,True,False,2026-04-30 20:17:54.618317,2026-05-21 13:20:14.324656,13.990,2026-04-30 20:17:56.829744,2026-05-04 10:44:02.324319,2026-05-29 03:11:38.75494,catlg-172c6b09-a0b1-4b18-8071-caa0956a8309,NULL,NULL
Houston Hot Chicken,org-490e23ce-6f23-4d3d-8544-8728f0965cfc,loc-b2e07e29-8760-48d3-8ccc-764e480cff59,Las Vegas - Ann Road,catlg-172c6b09-a0b1-4b18-8071-caa0956a8309,Las Vegas - Ann Road Catalog,False,2026-04-30 19:56:47.919171,2026-05-27 21:02:06.254055,205917,itm-54f8a018-8775-4b02-8fbc-470d50c69ae9,HWHAP 10 pc Nuggets (a la carte),1,NULL,1,Item,,NULL,NULL,NULL,False,NULL,NULL,NULL,True,False,2026-04-30 20:17:54.618317,2026-05-21 13:20:14.357401,9.990,2026-04-30 20:17:56.834259,2026-05-04 10:44:02.324319,2026-05-29 03:11:38.75494,catlg-172c6b09-a0b1-4b18-8071-caa0956a8309,NULL,NULL
Houston Hot Chicken,org-490e23ce-6f23-4d3d-8544-8728f0965cfc,loc-b2e07e29-8760-48d3-8ccc-764e480cff59,Las Vegas - Ann Road,catlg-172c6b09-a0b1-4b18-8071-caa0956a8309,Las Vegas - Ann Road Catalog,False,2026-04-30 19:56:47.919171,2026-05-27 21:02:06.254055,201819,itm-12f98943-0e1f-4e84-85c8-1d5419c772f3,HWHAP 5 pc Nuggets (a la carte),1,NULL,1,Item,,NULL,NULL,NULL,False,NULL,NULL,NULL,True,False,2026-04-30 20:17:54.618317,2026-05-21 13:20:14.378254,5.990,2026-04-30 20:17:56.83816,2026-05-04 10:44:02.324319,2026-05-29 03:11:38.75494,catlg-172c6b09-a0b1-4b18-8071-caa0956a8309,NULL,NULL
Houston Hot Chicken,org-490e23ce-6f23-4d3d-8544-8728f0965cfc,loc-b2e07e29-8760-48d3-8ccc-764e480cff59,Las Vegas - Ann Road,catlg-172c6b09-a0b1-4b18-8071-caa0956a8309,Las Vegas - Ann Road Catalog,False,2026-04-30 19:56:47.919171,2026-05-27 21:02:06.254055,201583,itm-c80d6a90-ed1c-4278-b33e-120b2d5b6af8,HWHAP Chicken Tortilla Soup,1,NULL,1,Item,,NULL,NULL,NULL,False,NULL,NULL,NULL,True,False,2026-04-30 20:17:54.618317,2026-05-21 13:20:14.379199,4.990,2026-04-30 20:17:56.843252,2026-05-04 10:44:02.324319,2026-05-29 03:11:38.75494,catlg-172c6b09-a0b1-4b18-8071-caa0956a8309,NULL,NULL
Houston Hot Chicken,org-490e23ce-6f23-4d3d-8544-8728f0965cfc,loc-b2e07e29-8760-48d3-8ccc-764e480cff59,Las Vegas - Ann Road,catlg-172c6b09-a0b1-4b18-8071-caa0956a8309,Las Vegas - Ann Road Catalog,False,2026-04-30 19:56:47.919171,2026-05-27 21:02:06.254055,197972,itm-37120955-a2d3-462c-bfd2-1ef4ffca62f3,Double Double,1,NULL,1,Item,,NULL,NULL,NULL,False,NULL,NULL,NULL,True,False,2026-04-30 20:17:54.618317,2026-05-21 13:20:14.344537,14.990,2026-04-30 20:17:56.847697,2026-05-04 10:44:02.324319,2026-05-29 03:11:38.75494,catlg-172c6b09-a0b1-4b18-8071-caa0956a8309,NULL,NULL
Houston Hot Chicken,org-490e23ce-6f23-4d3d-8544-8728f0965cfc,loc-b2e07e29-8760-48d3-8ccc-764e480cff59,Las Vegas - Ann Road,catlg-172c6b09-a0b1-4b18-8071-caa0956a8309,Las Vegas - Ann Road Catalog,False,2026-04-30 19:56:47.919171,2026-05-27 21:02:06.254055,203547,itm-ed4e4954-5059-4fee-9f24-6e06027d21c2,Waffle Sandwich,1,NULL,1,Item,,NULL,NULL,NULL,False,NULL,NULL,NULL,True,False,2026-04-30 20:17:54.618317,2026-05-21 13:20:14.325466,14.990,2026-04-30 20:17:56.85167,2026-05-04 10:44:02.324319,2026-05-29 03:11:38.75494,catlg-172c6b09-a0b1-4b18-8071-caa0956a8309,NULL,NULL
Houston Hot Chicken,org-490e23ce-6f23-4d3d-8544-8728f0965cfc,loc-b2e07e29-8760-48d3-8ccc-764e480cff59,Las Vegas - Ann Road,catlg-172c6b09-a0b1-4b18-8071-caa0956a8309,Las Vegas - Ann Road Catalog,False,2026-04-30 19:56:47.919171,2026-05-27 21:02:06.254055,200852,itm-de3042cf-28fd-43e4-9fc6-32ed8e400a96,Cookie Crumble,1,NULL,4,Item,,NULL,NULL,NULL,False,NULL,NULL,NULL,True,False,2026-04-30 20:17:54.618317,2026-05-21 13:20:14.380107,8.990,2026-04-30 20:17:56.867872,2026-05-04 10:44:02.324319,2026-05-29 03:11:38.75494,catlg-172c6b09-a0b1-4b18-8071-caa0956a8309,NULL,NULL
Houston Hot Chicken,org-490e23ce-6f23-4d3d-8544-8728f0965cfc,loc-b2e07e29-8760-48d3-8ccc-764e480cff59,Las Vegas - Ann Road,catlg-172c6b09-a0b1-4b18-8071-caa0956a8309,Las Vegas - Ann Road Catalog,False,2026-04-30 19:56:47.919171,2026-05-27 21:02:06.254055,195083,itm-8a5f3a3e-7198-4822-953b-90dc799f9230,Classic Sandwich Platter,1,NULL,1,Item,,NULL,NULL,NULL,False,NULL,NULL,NULL,True,False,2026-04-30 20:17:54.618317,2026-05-21 13:20:14.331059,90.000,2026-04-30 20:17:56.885752,2026-05-04 10:44:02.324319,2026-05-29 03:11:38.75494,catlg-172c6b09-a0b1-4b18-8071-caa0956a8309,NULL,NULL
Houston Hot Chicken,org-490e23ce-6f23-4d3d-8544-8728f0965cfc,loc-b2e07e29-8760-48d3-8ccc-764e480cff59,Las Vegas - Ann Road,catlg-172c6b09-a0b1-4b18-8071-caa0956a8309,Las Vegas - Ann Road Catalog,False,2026-04-30 19:56:47.919171,2026-05-27 21:02:06.254055,191703,itm-336db1fb-212e-4316-9494-7872d5c8686e,10 Tender Tray,1,NULL,5,Item,,NULL,NULL,NULL,False,NULL,NULL,NULL,True,False,2026-04-30 20:17:54.618317,2026-05-21 13:20:14.331971,40.000,2026-04-30 20:17:56.88997,2026-05-04 10:44:02.324319,2026-05-29 03:11:38.75494,catlg-172c6b09-a0b1-4b18-8071-caa0956a8309,NULL,NULL
Houston Hot Chicken,org-490e23ce-6f23-4d3d-8544-8728f0965cfc,loc-b2e07e29-8760-48d3-8ccc-764e480cff59,Las Vegas - Ann Road,catlg-172c6b09-a0b1-4b18-8071-caa0956a8309,Las Vegas - Ann Road Catalog,False,2026-04-30 19:56:47.919171,2026-05-27 21:02:06.254055,195843,itm-b5b0a1fb-aef1-4567-8449-f475bbb542ae,Coleslaw Platter,1,NULL,2,Item,,NULL,NULL,NULL,False,NULL,NULL,NULL,True,False,2026-04-30 20:17:54.618317,2026-05-21 13:20:14.358244,27.950,2026-04-30 20:17:56.909285,2026-05-04 10:44:02.324319,2026-05-29 03:11:38.75494,catlg-172c6b09-a0b1-4b18-8071-caa0956a8309,NULL,NULL
Houston Hot Chicken,org-490e23ce-6f23-4d3d-8544-8728f0965cfc,loc-b2e07e29-8760-48d3-8ccc-764e480cff59,Las Vegas - Ann Road,catlg-172c6b09-a0b1-4b18-8071-caa0956a8309,Las Vegas - Ann Road Catalog,False,2026-04-30 19:56:47.919171,2026-05-27 21:02:06.254055,193372,itm-45dd8eb8-0903-40ab-8abd-a140eb20ee10,Tender and Waffle Platter (20 tenders/10 waffles),1,NULL,5,Item,,NULL,NULL,NULL,False,NULL,NULL,NULL,True,False,2026-04-30 20:17:54.618317,2026-05-21 13:20:14.359094,130.000,2026-04-30 20:17:56.913264,2026-05-04 10:44:02.324319,2026-05-29 03:11:38.75494,catlg-172c6b09-a0b1-4b18-8071-caa0956a8309,NULL,NULL
Houston Hot Chicken,org-490e23ce-6f23-4d3d-8544-8728f0965cfc,loc-b2e07e29-8760-48d3-8ccc-764e480cff59,Las Vegas - Ann Road,catlg-172c6b09-a0b1-4b18-8071-caa0956a8309,Las Vegas - Ann Road Catalog,False,2026-04-30 19:56:47.919171,2026-05-27 21:02:06.254055,203615,itm-d6b22bf7-ff42-4539-8bf3-5ec57018528e,Chips Platter,1,NULL,2,Item,,NULL,NULL,NULL,False,NULL,NULL,NULL,True,False,2026-04-30 20:17:54.618317,2026-05-21 13:20:14.335237,20.000,2026-04-30 20:17:56.917382,2026-05-04 10:44:02.324319,2026-05-29 03:11:38.75494,catlg-172c6b09-a0b1-4b18-8071-caa0956a8309,NULL,NULL
Houston Hot Chicken,org-490e23ce-6f23-4d3d-8544-8728f0965cfc,loc-b2e07e29-8760-48d3-8ccc-764e480cff59,Las Vegas - Ann Road,catlg-172c6b09-a0b1-4b18-8071-caa0956a8309,Las Vegas - Ann Road Catalog,False,2026-04-30 19:56:47.919171,2026-05-27 21:02:06.254055,197414,itm-8103ce7f-61ec-4cdc-9be0-827cad07a00a,Large Chips Platter,1,NULL,2,Item,,NULL,NULL,NULL,False,NULL,NULL,NULL,True,False,2026-04-30 20:17:54.618317,2026-05-21 13:20:14.336223,30.000,2026-04-30 20:17:56.922381,2026-05-04 10:44:02.324319,2026-05-29 03:11:38.75494,catlg-172c6b09-a0b1-4b18-8071-caa0956a8309,NULL,NULL
Houston Hot Chicken,org-490e23ce-6f23-4d3d-8544-8728f0965cfc,loc-b2e07e29-8760-48d3-8ccc-764e480cff59,Las Vegas - Ann Road,catlg-172c6b09-a0b1-4b18-8071-caa0956a8309,Las Vegas - Ann Road Catalog,False,2026-04-30 19:56:47.919171,2026-05-27 21:02:06.254055,204788,itm-e054222d-6a7e-4f10-bf37-1fef8a9da9a1,Aquafina,1,NULL,3,Item,,NULL,NULL,NULL,False,NULL,NULL,NULL,True,False,2026-04-30 20:17:54.618317,2026-05-21 13:20:14.303551,1.990,2026-04-30 20:17:56.644086,2026-05-04 10:44:02.324319,2026-05-29 03:11:38.75494,catlg-172c6b09-a0b1-4b18-8071-caa0956a8309,NULL,NULL
Houston Hot Chicken,org-490e23ce-6f23-4d3d-8544-8728f0965cfc,loc-9e2322e6-f9b0-4f73-80c9-140e04b6812f,Las Vegas - Main St.,catlg-0c7c419a-478c-4390-98eb-ed5a7927bf1c,Las Vegas - Main St. Catalog,False,2026-04-30 20:20:54.156657,2026-05-27 21:02:05.89759,192860,itm-626b8d12-3999-404a-929a-76bae8159eba,Large Ranch (8oz),1,NULL,7,Item,,NULL,NULL,NULL,False,NULL,NULL,NULL,True,False,2026-04-30 20:22:06.005203,2026-05-21 13:21:07.756883,4.000,2026-04-30 20:22:08.06363,2026-05-04 10:44:02.324319,2026-05-29 03:11:38.75494,catlg-0c7c419a-478c-4390-98eb-ed5a7927bf1c,NULL,NULL
Houston Hot Chicken,org-490e23ce-6f23-4d3d-8544-8728f0965cfc,loc-9e2322e6-f9b0-4f73-80c9-140e04b6812f,Las Vegas - Main St.,catlg-0c7c419a-478c-4390-98eb-ed5a7927bf1c,Las Vegas - Main St. Catalog,False,2026-04-30 20:20:54.156657,2026-05-27 21:02:05.89759,193001,itm-9d7f0a49-0337-4f17-9d4a-d01b29b813e1,Texas Caesar Salad,1,NULL,2,Item,,NULL,NULL,NULL,False,NULL,NULL,NULL,True,False,2026-04-30 20:22:06.005203,2026-05-21 13:21:07.701268,12.990,2026-04-30 20:22:07.863337,2026-05-04 10:44:02.324319,2026-05-29 03:11:38.75494,catlg-0c7c419a-478c-4390-98eb-ed5a7927bf1c,NULL,NULL
Houston Hot Chicken,org-490e23ce-6f23-4d3d-8544-8728f0965cfc,loc-9e2322e6-f9b0-4f73-80c9-140e04b6812f,Las Vegas - Main St.,catlg-0c7c419a-478c-4390-98eb-ed5a7927bf1c,Las Vegas - Main St. Catalog,False,2026-04-30 20:20:54.156657,2026-05-27 21:02:05.89759,206240,itm-07be381d-957f-4fcc-a17b-b4a0d8d7c1be,Cheesy Sandwich (a la carte),1,NULL,1,Item,,NULL,NULL,NULL,False,NULL,NULL,NULL,True,False,2026-04-30 20:22:06.005203,2026-05-21 13:21:07.746042,10.990,2026-04-30 20:22:07.905404,2026-05-04 10:44:02.324319,2026-05-29 03:11:38.75494,catlg-0c7c419a-478c-4390-98eb-ed5a7927bf1c,NULL,NULL
Houston Hot Chicken,org-490e23ce-6f23-4d3d-8544-8728f0965cfc,loc-9e2322e6-f9b0-4f73-80c9-140e04b6812f,Las Vegas - Main St.,catlg-0c7c419a-478c-4390-98eb-ed5a7927bf1c,Las Vegas - Main St. Catalog,False,2026-04-30 20:20:54.156657,2026-05-27 21:02:05.89759,202851,itm-d75d067f-32f2-46b9-b55c-97471555a60a,Coleslaw (side),1,NULL,2,Item,,NULL,NULL,NULL,False,NULL,NULL,NULL,True,False,2026-04-30 20:22:06.005203,2026-05-21 13:21:07.746842,2.500,2026-04-30 20:22:07.909849,2026-05-04 10:44:02.324319,2026-05-29 03:11:38.75494,catlg-0c7c419a-478c-4390-98eb-ed5a7927bf1c,NULL,NULL
Houston Hot Chicken,org-490e23ce-6f23-4d3d-8544-8728f0965cfc,loc-9e2322e6-f9b0-4f73-80c9-140e04b6812f,Las Vegas - Main St.,catlg-0c7c419a-478c-4390-98eb-ed5a7927bf1c,Las Vegas - Main St. Catalog,False,2026-04-30 20:20:54.156657,2026-05-27 21:02:05.89759,192489,itm-ac4fcfbf-692f-4738-b5f7-eec1bc34e685,Classic Sandwich (a la carte),1,NULL,1,Item,,NULL,NULL,NULL,False,NULL,NULL,NULL,True,False,2026-04-30 20:22:06.005203,2026-05-21 13:21:07.705648,9.000,2026-04-30 20:22:07.918339,2026-05-04 10:44:02.324319,2026-05-29 03:11:38.75494,catlg-0c7c419a-478c-4390-98eb-ed5a7927bf1c,NULL,NULL
Houston Hot Chicken,org-490e23ce-6f23-4d3d-8544-8728f0965cfc,loc-9e2322e6-f9b0-4f73-80c9-140e04b6812f,Las Vegas - Main St.,catlg-0c7c419a-478c-4390-98eb-ed5a7927bf1c,Las Vegas - Main St. Catalog,False,2026-04-30 20:20:54.156657,2026-05-27 21:02:05.89759,198882,itm-3a50c837-9358-4008-ab97-e929fb4b13f2,Original Sandwich (a la carte),1,NULL,1,Item,,NULL,NULL,NULL,False,NULL,NULL,NULL,True,False,2026-04-30 20:22:06.005203,2026-05-21 13:21:07.706464,10.000,2026-04-30 20:22:07.923103,2026-05-04 10:44:02.324319,2026-05-29 03:11:38.75494,catlg-0c7c419a-478c-4390-98eb-ed5a7927bf1c,NULL,NULL
Houston Hot Chicken,org-490e23ce-6f23-4d3d-8544-8728f0965cfc,loc-9e2322e6-f9b0-4f73-80c9-140e04b6812f,Las Vegas - Main St.,catlg-0c7c419a-478c-4390-98eb-ed5a7927bf1c,Las Vegas - Main St. Catalog,False,2026-04-30 20:20:54.156657,2026-05-27 21:02:05.89759,193382,itm-665d8793-6532-412e-a05d-54d1e6df0134,Tender (a la carte),1,NULL,1,Item,,NULL,NULL,NULL,False,NULL,NULL,NULL,True,False,2026-04-30 20:22:06.005203,2026-05-21 13:21:07.707299,4.000,2026-04-30 20:22:07.928418,2026-05-04 10:44:02.324319,2026-05-29 03:11:38.75494,catlg-0c7c419a-478c-4390-98eb-ed5a7927bf1c,NULL,NULL
Houston Hot Chicken,org-490e23ce-6f23-4d3d-8544-8728f0965cfc,loc-9e2322e6-f9b0-4f73-80c9-140e04b6812f,Las Vegas - Main St.,catlg-0c7c419a-478c-4390-98eb-ed5a7927bf1c,Las Vegas - Main St. Catalog,False,2026-04-30 20:20:54.156657,2026-05-27 21:02:05.89759,201342,itm-58d97323-4a1c-4341-b921-a52704b9ca04,Small Fountain Drink,1,NULL,3,Item,,NULL,NULL,NULL,False,NULL,NULL,NULL,True,False,2026-04-30 20:22:06.005203,2026-05-21 13:21:07.708074,2.290,2026-04-30 20:22:07.93344,2026-05-04 10:44:02.324319,2026-05-29 03:11:38.75494,catlg-0c7c419a-478c-4390-98eb-ed5a7927bf1c,NULL,NULL
Houston Hot Chicken,org-490e23ce-6f23-4d3d-8544-8728f0965cfc,loc-9e2322e6-f9b0-4f73-80c9-140e04b6812f,Las Vegas - Main St.,catlg-0c7c419a-478c-4390-98eb-ed5a7927bf1c,Las Vegas - Main St. Catalog,False,2026-04-30 20:20:54.156657,2026-05-27 21:02:05.89759,192169,itm-500c2899-2c68-4cc4-aba5-04af2ca99577,Regular Fountain Drink,1,NULL,3,Item,,NULL,NULL,NULL,False,NULL,NULL,NULL,True,False,2026-04-30 20:22:06.005203,2026-05-21 13:21:07.777739,2.990,2026-04-30 20:22:07.938461,2026-05-04 10:44:02.324319,2026-05-29 03:11:38.75494,catlg-0c7c419a-478c-4390-98eb-ed5a7927bf1c,NULL,NULL
Houston Hot Chicken,org-490e23ce-6f23-4d3d-8544-8728f0965cfc,loc-9e2322e6-f9b0-4f73-80c9-140e04b6812f,Las Vegas - Main St.,catlg-0c7c419a-478c-4390-98eb-ed5a7927bf1c,Las Vegas - Main St. Catalog,False,2026-04-30 20:20:54.156657,2026-05-27 21:02:05.89759,199378,itm-77edfae0-aceb-4dca-b167-afcc6e3384f1,Chilled Blueberry Lavender Lemonade,1,NULL,3,Item,,NULL,NULL,NULL,False,NULL,NULL,NULL,True,False,2026-04-30 20:22:06.005203,2026-05-21 13:21:07.708881,4.990,2026-04-30 20:22:07.94312,2026-05-04 10:44:02.324319,2026-05-29 03:11:38.75494,catlg-0c7c419a-478c-4390-98eb-ed5a7927bf1c,NULL,NULL
Houston Hot Chicken,org-490e23ce-6f23-4d3d-8544-8728f0965cfc,loc-9e2322e6-f9b0-4f73-80c9-140e04b6812f,Las Vegas - Main St.,catlg-0c7c419a-478c-4390-98eb-ed5a7927bf1c,Las Vegas - Main St. Catalog,False,2026-04-30 20:20:54.156657,2026-05-27 21:02:05.89759,193402,itm-a963f27c-8361-4820-854f-598beb1b6deb,Chilled Strawberry Hibiscus Lemonade,1,NULL,3,Item,,NULL,NULL,NULL,False,NULL,NULL,NULL,True,False,2026-04-30 20:22:06.005203,2026-05-21 13:21:07.710505,4.990,2026-04-30 20:22:07.95188,2026-05-04 10:44:02.324319,2026-05-29 03:11:38.75494,catlg-0c7c419a-478c-4390-98eb-ed5a7927bf1c,NULL,NULL
Houston Hot Chicken,org-490e23ce-6f23-4d3d-8544-8728f0965cfc,loc-9e2322e6-f9b0-4f73-80c9-140e04b6812f,Las Vegas - Main St.,catlg-0c7c419a-478c-4390-98eb-ed5a7927bf1c,Las Vegas - Main St. Catalog,False,2026-04-30 20:20:54.156657,2026-05-27 21:02:05.89759,204642,itm-2773cff5-4554-4abe-bfe1-54e853a0bc5f,Frozen Blueberry Lavender Lemonade,1,NULL,3,Item,,NULL,NULL,NULL,False,NULL,NULL,NULL,True,False,2026-04-30 20:22:06.005203,2026-05-21 13:21:07.778513,5.990,2026-04-30 20:22:07.957439,2026-05-04 10:44:02.324319,2026-05-29 03:11:38.75494,catlg-0c7c419a-478c-4390-98eb-ed5a7927bf1c,NULL,NULL
Houston Hot Chicken,org-490e23ce-6f23-4d3d-8544-8728f0965cfc,loc-9e2322e6-f9b0-4f73-80c9-140e04b6812f,Las Vegas - Main St.,catlg-0c7c419a-478c-4390-98eb-ed5a7927bf1c,Las Vegas - Main St. Catalog,False,2026-04-30 20:20:54.156657,2026-05-27 21:02:05.89759,200003,itm-c2104a41-3d6e-44be-9a63-55d04dd9559e,Frozen Cucumber Watermelon Lemonade,1,NULL,3,Item,,NULL,NULL,NULL,False,NULL,NULL,NULL,True,False,2026-04-30 20:22:06.005203,2026-05-21 13:21:07.748429,5.990,2026-04-30 20:22:07.96172,2026-05-04 10:44:02.324319,2026-05-29 03:11:38.75494,catlg-0c7c419a-478c-4390-98eb-ed5a7927bf1c,NULL,NULL
Houston Hot Chicken,org-490e23ce-6f23-4d3d-8544-8728f0965cfc,loc-9e2322e6-f9b0-4f73-80c9-140e04b6812f,Las Vegas - Main St.,catlg-0c7c419a-478c-4390-98eb-ed5a7927bf1c,Las Vegas - Main St. Catalog,False,2026-04-30 20:20:54.156657,2026-05-27 21:02:05.89759,194011,itm-0136ab93-ffb5-4c35-84d5-9a4fe47b7125,Frozen Strawberry Hibiscus Lemonade,1,NULL,3,Item,,NULL,NULL,NULL,False,NULL,NULL,NULL,True,False,2026-04-30 20:22:06.005203,2026-05-21 13:21:07.711284,5.990,2026-04-30 20:22:07.965764,2026-05-04 10:44:02.324319,2026-05-29 03:11:38.75494,catlg-0c7c419a-478c-4390-98eb-ed5a7927bf1c,NULL,NULL
Houston Hot Chicken,org-490e23ce-6f23-4d3d-8544-8728f0965cfc,loc-9e2322e6-f9b0-4f73-80c9-140e04b6812f,Las Vegas - Main St.,catlg-0c7c419a-478c-4390-98eb-ed5a7927bf1c,Las Vegas - Main St. Catalog,False,2026-04-30 20:20:54.156657,2026-05-27 21:02:05.89759,198537,itm-88d3186f-b0e1-4667-a7ff-ad61be68017b,Frozen Regular Lemonade,1,NULL,3,Item,,NULL,NULL,NULL,False,NULL,NULL,NULL,True,False,2026-04-30 20:22:06.005203,2026-05-21 13:21:07.712035,5.990,2026-04-30 20:22:07.970019,2026-05-04 10:44:02.324319,2026-05-29 03:11:38.75494,catlg-0c7c419a-478c-4390-98eb-ed5a7927bf1c,NULL,NULL
Houston Hot Chicken,org-490e23ce-6f23-4d3d-8544-8728f0965cfc,loc-9e2322e6-f9b0-4f73-80c9-140e04b6812f,Las Vegas - Main St.,catlg-0c7c419a-478c-4390-98eb-ed5a7927bf1c,Las Vegas - Main St. Catalog,False,2026-04-30 20:20:54.156657,2026-05-27 21:02:05.89759,200217,itm-a7613d32-3add-4d9e-8e12-b3d7c4b9bcdc,Aquafina,1,NULL,3,Item,,NULL,NULL,NULL,False,NULL,NULL,NULL,True,False,2026-04-30 20:22:06.005203,2026-05-21 13:21:07.712915,1.990,2026-04-30 20:22:07.974638,2026-05-04 10:44:02.324319,2026-05-29 03:11:38.75494,catlg-0c7c419a-478c-4390-98eb-ed5a7927bf1c,NULL,NULL
Houston Hot Chicken,org-490e23ce-6f23-4d3d-8544-8728f0965cfc,loc-9e2322e6-f9b0-4f73-80c9-140e04b6812f,Las Vegas - Main St.,catlg-0c7c419a-478c-4390-98eb-ed5a7927bf1c,Las Vegas - Main St. Catalog,False,2026-04-30 20:20:54.156657,2026-05-27 21:02:05.89759,196282,itm-9ef7c2a8-09f5-40ff-b15a-4556cc743966,Pellegrino Sparkling,1,NULL,3,Item,,NULL,NULL,NULL,False,NULL,NULL,NULL,True,False,2026-04-30 20:22:06.005203,2026-05-21 13:21:07.779266,2.500,2026-04-30 20:22:07.979721,2026-05-04 10:44:02.324319,2026-05-29 03:11:38.75494,catlg-0c7c419a-478c-4390-98eb-ed5a7927bf1c,NULL,NULL
Houston Hot Chicken,org-490e23ce-6f23-4d3d-8544-8728f0965cfc,loc-9e2322e6-f9b0-4f73-80c9-140e04b6812f,Las Vegas - Main St.,catlg-0c7c419a-478c-4390-98eb-ed5a7927bf1c,Las Vegas - Main St. Catalog,False,2026-04-30 20:20:54.156657,2026-05-27 21:02:05.89759,192705,itm-92ce0ee4-dde2-41c7-9741-e7dd4823cfd7,Kids Honest Juice,1,NULL,3,Item,,NULL,NULL,NULL,False,NULL,NULL,NULL,True,False,2026-04-30 20:22:06.005203,2026-05-21 13:21:07.779969,1.500,2026-04-30 20:22:07.984231,2026-05-04 10:44:02.324319,2026-05-29 03:11:38.75494,catlg-0c7c419a-478c-4390-98eb-ed5a7927bf1c,NULL,NULL
Houston Hot Chicken,org-490e23ce-6f23-4d3d-8544-8728f0965cfc,loc-9e2322e6-f9b0-4f73-80c9-140e04b6812f,Las Vegas - Main St.,catlg-0c7c419a-478c-4390-98eb-ed5a7927bf1c,Las Vegas - Main St. Catalog,False,2026-04-30 20:20:54.156657,2026-05-27 21:02:05.89759,194974,itm-3608e05b-6226-4f42-901b-91b76dac9712,Lemonade Refill,1,NULL,3,Item,,NULL,NULL,NULL,False,NULL,NULL,NULL,False,False,2026-04-30 20:22:06.005203,2026-05-21 13:21:07.780719,2.000,2026-04-30 20:22:07.988814,2026-05-04 10:44:02.324319,2026-05-29 03:11:38.75494,catlg-0c7c419a-478c-4390-98eb-ed5a7927bf1c,NULL,NULL
Houston Hot Chicken,org-490e23ce-6f23-4d3d-8544-8728f0965cfc,loc-9e2322e6-f9b0-4f73-80c9-140e04b6812f,Las Vegas - Main St.,catlg-0c7c419a-478c-4390-98eb-ed5a7927bf1c,Las Vegas - Main St. Catalog,False,2026-04-30 20:20:54.156657,2026-05-27 21:02:05.89759,199057,itm-7d76597e-9a29-446c-803d-138f5b44b7b8,Milkshake Vanilla,1,NULL,3,Item,,NULL,NULL,NULL,False,NULL,NULL,NULL,True,False,2026-04-30 20:22:06.005203,2026-05-21 13:21:07.713718,4.990,2026-04-30 20:22:07.993397,2026-05-04 10:44:02.324319,2026-05-29 03:11:38.75494,catlg-0c7c419a-478c-4390-98eb-ed5a7927bf1c,NULL,NULL
Houston Hot Chicken,org-490e23ce-6f23-4d3d-8544-8728f0965cfc,loc-9e2322e6-f9b0-4f73-80c9-140e04b6812f,Las Vegas - Main St.,catlg-0c7c419a-478c-4390-98eb-ed5a7927bf1c,Las Vegas - Main St. Catalog,False,2026-04-30 20:20:54.156657,2026-05-27 21:02:05.89759,191595,itm-ba6bb79a-c1c2-421a-b4ae-ecd3a57b23e5,Milkshake Chocolate,1,NULL,3,Item,,NULL,NULL,NULL,False,NULL,NULL,NULL,True,False,2026-04-30 20:22:06.005203,2026-05-21 13:21:07.769928,4.990,2026-04-30 20:22:07.997941,2026-05-04 10:44:02.324319,2026-05-29 03:11:38.75494,catlg-0c7c419a-478c-4390-98eb-ed5a7927bf1c,NULL,NULL
Houston Hot Chicken,org-490e23ce-6f23-4d3d-8544-8728f0965cfc,loc-9e2322e6-f9b0-4f73-80c9-140e04b6812f,Las Vegas - Main St.,catlg-0c7c419a-478c-4390-98eb-ed5a7927bf1c,Las Vegas - Main St. Catalog,False,2026-04-30 20:20:54.156657,2026-05-27 21:02:05.89759,202402,itm-f5a00325-ac1d-4a5d-ae77-a4de23699da1,Milkshake Strawberry,1,NULL,3,Item,,NULL,NULL,NULL,False,NULL,NULL,NULL,True,False,2026-04-30 20:22:06.005203,2026-05-21 13:21:07.770678,4.990,2026-04-30 20:22:08.002511,2026-05-04 10:44:02.324319,2026-05-29 03:11:38.75494,catlg-0c7c419a-478c-4390-98eb-ed5a7927bf1c,NULL,NULL
Houston Hot Chicken,org-490e23ce-6f23-4d3d-8544-8728f0965cfc,loc-9e2322e6-f9b0-4f73-80c9-140e04b6812f,Las Vegas - Main St.,catlg-0c7c419a-478c-4390-98eb-ed5a7927bf1c,Las Vegas - Main St. Catalog,False,2026-04-30 20:20:54.156657,2026-05-27 21:02:05.89759,198146,itm-7a2c3f49-2023-4b6b-8348-6427f46cf603,Shake N' Waffle,1,NULL,4,Item,,NULL,NULL,NULL,False,NULL,NULL,NULL,True,False,2026-04-30 20:22:06.005203,2026-05-21 13:21:07.771515,6.500,2026-04-30 20:22:08.007227,2026-05-04 10:44:02.324319,2026-05-29 03:11:38.75494,catlg-0c7c419a-478c-4390-98eb-ed5a7927bf1c,NULL,NULL
Houston Hot Chicken,org-490e23ce-6f23-4d3d-8544-8728f0965cfc,loc-9e2322e6-f9b0-4f73-80c9-140e04b6812f,Las Vegas - Main St.,catlg-0c7c419a-478c-4390-98eb-ed5a7927bf1c,Las Vegas - Main St. Catalog,False,2026-04-30 20:20:54.156657,2026-05-27 21:02:05.89759,199337,itm-cc062fb9-b7dd-449e-9e24-a472e1c226f7,Chocolate Chip Wheely,1,NULL,4,Item,,NULL,NULL,NULL,False,NULL,NULL,NULL,True,False,2026-04-30 20:22:06.005203,2026-05-21 13:21:07.749253,3.950,2026-04-30 20:22:08.011658,2026-05-04 10:44:02.324319,2026-05-29 03:11:38.75494,catlg-0c7c419a-478c-4390-98eb-ed5a7927bf1c,NULL,NULL
Houston Hot Chicken,org-490e23ce-6f23-4d3d-8544-8728f0965cfc,loc-9e2322e6-f9b0-4f73-80c9-140e04b6812f,Las Vegas - Main St.,catlg-0c7c419a-478c-4390-98eb-ed5a7927bf1c,Las Vegas - Main St. Catalog,False,2026-04-30 20:20:54.156657,2026-05-27 21:02:05.89759,206250,itm-337e3afc-97d8-4db2-aa74-6d73335c10aa,Cookie Monster Wheely,1,NULL,4,Item,,NULL,NULL,NULL,False,NULL,NULL,NULL,True,False,2026-04-30 20:22:06.005203,2026-05-21 13:21:07.714458,3.950,2026-04-30 20:22:08.015674,2026-05-04 10:44:02.324319,2026-05-29 03:11:38.75494,catlg-0c7c419a-478c-4390-98eb-ed5a7927bf1c,NULL,NULL
Houston Hot Chicken,org-490e23ce-6f23-4d3d-8544-8728f0965cfc,loc-9e2322e6-f9b0-4f73-80c9-140e04b6812f,Las Vegas - Main St.,catlg-0c7c419a-478c-4390-98eb-ed5a7927bf1c,Las Vegas - Main St. Catalog,False,2026-04-30 20:20:54.156657,2026-05-27 21:02:05.89759,191667,itm-d533f7db-9e99-4e0c-984f-eafe332a9c66,Red Velvet Wheely,1,NULL,4,Item,,NULL,NULL,NULL,False,NULL,NULL,NULL,True,False,2026-04-30 20:22:06.005203,2026-05-21 13:21:07.715238,3.950,2026-04-30 20:22:08.020121,2026-05-04 10:44:02.324319,2026-05-29 03:11:38.75494,catlg-0c7c419a-478c-4390-98eb-ed5a7927bf1c,NULL,NULL
Houston Hot Chicken,org-490e23ce-6f23-4d3d-8544-8728f0965cfc,loc-9e2322e6-f9b0-4f73-80c9-140e04b6812f,Las Vegas - Main St.,catlg-0c7c419a-478c-4390-98eb-ed5a7927bf1c,Las Vegas - Main St. Catalog,False,2026-04-30 20:20:54.156657,2026-05-27 21:02:05.89759,191633,itm-3fb6d4d4-e101-4cf0-a0f1-49bbdf03f7c0,House Sauce (2 oz),1,NULL,2,Item,,NULL,NULL,NULL,False,NULL,NULL,NULL,True,False,2026-04-30 20:22:06.005203,2026-05-21 13:21:07.716016,1.000,2026-04-30 20:22:08.024533,2026-05-04 10:44:02.324319,2026-05-29 03:11:38.75494,catlg-0c7c419a-478c-4390-98eb-ed5a7927bf1c,NULL,NULL
Houston Hot Chicken,org-490e23ce-6f23-4d3d-8544-8728f0965cfc,loc-9e2322e6-f9b0-4f73-80c9-140e04b6812f,Las Vegas - Main St.,catlg-0c7c419a-478c-4390-98eb-ed5a7927bf1c,Las Vegas - Main St. Catalog,False,2026-04-30 20:20:54.156657,2026-05-27 21:02:05.89759,203635,itm-1134431f-37ad-4b1f-ba93-14f70c4ef052,Ranch (2 oz),1,NULL,7,Item,,NULL,NULL,NULL,False,NULL,NULL,NULL,True,False,2026-04-30 20:22:06.005203,2026-05-21 13:21:07.750125,1.000,2026-04-30 20:22:08.029158,2026-05-04 10:44:02.324319,2026-05-29 03:11:38.75494,catlg-0c7c419a-478c-4390-98eb-ed5a7927bf1c,NULL,NULL
Houston Hot Chicken,org-490e23ce-6f23-4d3d-8544-8728f0965cfc,loc-9e2322e6-f9b0-4f73-80c9-140e04b6812f,Las Vegas - Main St.,catlg-0c7c419a-478c-4390-98eb-ed5a7927bf1c,Las Vegas - Main St. Catalog,False,2026-04-30 20:20:54.156657,2026-05-27 21:02:05.89759,191708,itm-48646f87-4bae-4972-9932-a53ba715331e,Cheese Sauce (2 oz),1,NULL,7,Item,,NULL,NULL,NULL,False,NULL,NULL,NULL,True,False,2026-04-30 20:22:06.005203,2026-05-21 13:21:07.71673,1.500,2026-04-30 20:22:08.033809,2026-05-04 10:44:02.324319,2026-05-29 03:11:38.75494,catlg-0c7c419a-478c-4390-98eb-ed5a7927bf1c,NULL,NULL
Houston Hot Chicken,org-490e23ce-6f23-4d3d-8544-8728f0965cfc,loc-9e2322e6-f9b0-4f73-80c9-140e04b6812f,Las Vegas - Main St.,catlg-0c7c419a-478c-4390-98eb-ed5a7927bf1c,Las Vegas - Main St. Catalog,False,2026-04-30 20:20:54.156657,2026-05-27 21:02:05.89759,205987,itm-2a2105a3-89fe-4a66-b9bc-b36dbe09a1ef,BBQ Sauce (2 oz),1,NULL,7,Item,,NULL,NULL,NULL,False,NULL,NULL,NULL,True,False,2026-04-30 20:22:06.005203,2026-05-21 13:21:07.7175,1.000,2026-04-30 20:22:08.038631,2026-05-04 10:44:02.324319,2026-05-29 03:11:38.75494,catlg-0c7c419a-478c-4390-98eb-ed5a7927bf1c,NULL,NULL
Houston Hot Chicken,org-490e23ce-6f23-4d3d-8544-8728f0965cfc,loc-9e2322e6-f9b0-4f73-80c9-140e04b6812f,Las Vegas - Main St.,catlg-0c7c419a-478c-4390-98eb-ed5a7927bf1c,Las Vegas - Main St. Catalog,False,2026-04-30 20:20:54.156657,2026-05-27 21:02:05.89759,201605,itm-1c3570ca-d6b1-4fa7-9f8f-e85546e5e5f5,Caesar Dressing (2 oz),1,NULL,7,Item,,NULL,NULL,NULL,False,NULL,NULL,NULL,True,False,2026-04-30 20:22:06.005203,2026-05-21 13:21:07.718313,1.000,2026-04-30 20:22:08.044584,2026-05-04 10:44:02.324319,2026-05-29 03:11:38.75494,catlg-0c7c419a-478c-4390-98eb-ed5a7927bf1c,NULL,NULL
Houston Hot Chicken,org-490e23ce-6f23-4d3d-8544-8728f0965cfc,loc-9e2322e6-f9b0-4f73-80c9-140e04b6812f,Las Vegas - Main St.,catlg-0c7c419a-478c-4390-98eb-ed5a7927bf1c,Las Vegas - Main St. Catalog,False,2026-04-30 20:20:54.156657,2026-05-27 21:02:05.89759,206502,itm-b153146b-21ff-41fa-8f40-754d05d910c3,Cilantro Ranch (2 oz),1,NULL,7,Item,,NULL,NULL,NULL,False,NULL,NULL,NULL,True,False,2026-04-30 20:22:06.005203,2026-05-21 13:21:07.719097,1.000,2026-04-30 20:22:08.054979,2026-05-04 10:44:02.324319,2026-05-29 03:11:38.75494,catlg-0c7c419a-478c-4390-98eb-ed5a7927bf1c,NULL,NULL
Houston Hot Chicken,org-490e23ce-6f23-4d3d-8544-8728f0965cfc,loc-9e2322e6-f9b0-4f73-80c9-140e04b6812f,Las Vegas - Main St.,catlg-0c7c419a-478c-4390-98eb-ed5a7927bf1c,Las Vegas - Main St. Catalog,False,2026-04-30 20:20:54.156657,2026-05-27 21:02:05.89759,205926,itm-75e23ef2-7c94-4e6f-88d9-3f79e0c3229c,Large Cheese Sauce (8oz),1,NULL,7,Item,,NULL,NULL,NULL,False,NULL,NULL,NULL,True,False,2026-04-30 20:22:06.005203,2026-05-21 13:21:07.755628,4.000,2026-04-30 20:22:08.05947,2026-05-04 10:44:02.324319,2026-05-29 03:11:38.75494,catlg-0c7c419a-478c-4390-98eb-ed5a7927bf1c,NULL,NULL
Houston Hot Chicken,org-490e23ce-6f23-4d3d-8544-8728f0965cfc,loc-9e2322e6-f9b0-4f73-80c9-140e04b6812f,Las Vegas - Main St.,catlg-0c7c419a-478c-4390-98eb-ed5a7927bf1c,Las Vegas - Main St. Catalog,False,2026-04-30 20:20:54.156657,2026-05-27 21:02:05.89759,206573,itm-9d1d46b2-e6d0-4f36-81b4-f56a3e119d22,Large House Sauce (8oz),1,NULL,7,Item,,NULL,NULL,NULL,False,NULL,NULL,NULL,True,False,2026-04-30 20:22:06.005203,2026-05-21 13:21:07.757665,4.000,2026-04-30 20:22:08.073499,2026-05-04 10:44:02.324319,2026-05-29 03:11:38.75494,catlg-0c7c419a-478c-4390-98eb-ed5a7927bf1c,NULL,NULL
Houston Hot Chicken,org-490e23ce-6f23-4d3d-8544-8728f0965cfc,loc-9e2322e6-f9b0-4f73-80c9-140e04b6812f,Las Vegas - Main St.,catlg-0c7c419a-478c-4390-98eb-ed5a7927bf1c,Las Vegas - Main St. Catalog,False,2026-04-30 20:20:54.156657,2026-05-27 21:02:05.89759,196121,itm-b6fb5398-67af-4867-9bb5-98280684ee02,Honey (1 oz),1,NULL,7,Item,,NULL,NULL,NULL,False,NULL,NULL,NULL,True,False,2026-04-30 20:22:06.005203,2026-05-21 13:21:07.758359,0.500,2026-04-30 20:22:08.077635,2026-05-04 10:44:02.324319,2026-05-29 03:11:38.75494,catlg-0c7c419a-478c-4390-98eb-ed5a7927bf1c,NULL,NULL
Houston Hot Chicken,org-490e23ce-6f23-4d3d-8544-8728f0965cfc,loc-9e2322e6-f9b0-4f73-80c9-140e04b6812f,Las Vegas - Main St.,catlg-0c7c419a-478c-4390-98eb-ed5a7927bf1c,Las Vegas - Main St. Catalog,False,2026-04-30 20:20:54.156657,2026-05-27 21:02:05.89759,199652,itm-28ecc119-9799-4d19-9818-5fa4f0a5fa4f,Maple Syrup (2 oz),1,NULL,7,Item,,NULL,NULL,NULL,False,NULL,NULL,NULL,True,False,2026-04-30 20:22:06.005203,2026-05-21 13:21:07.77234,0.500,2026-04-30 20:22:08.083764,2026-05-04 10:44:02.324319,2026-05-29 03:11:38.75494,catlg-0c7c419a-478c-4390-98eb-ed5a7927bf1c,NULL,NULL
Houston Hot Chicken,org-490e23ce-6f23-4d3d-8544-8728f0965cfc,loc-9e2322e6-f9b0-4f73-80c9-140e04b6812f,Las Vegas - Main St.,catlg-0c7c419a-478c-4390-98eb-ed5a7927bf1c,Las Vegas - Main St. Catalog,False,2026-04-30 20:20:54.156657,2026-05-27 21:02:05.89759,206537,itm-39c0aa36-44b2-4205-90a9-fb7b14399ec7,Buffalo Sauce (2oz),1,NULL,7,Item,,NULL,NULL,NULL,False,NULL,NULL,NULL,True,False,2026-04-30 20:22:06.005203,2026-05-21 13:21:07.719825,1.000,2026-04-30 20:22:08.088572,2026-05-04 10:44:02.324319,2026-05-29 03:11:38.75494,catlg-0c7c419a-478c-4390-98eb-ed5a7927bf1c,NULL,NULL
Houston Hot Chicken,org-490e23ce-6f23-4d3d-8544-8728f0965cfc,loc-9e2322e6-f9b0-4f73-80c9-140e04b6812f,Las Vegas - Main St.,catlg-0c7c419a-478c-4390-98eb-ed5a7927bf1c,Las Vegas - Main St. Catalog,False,2026-04-30 20:20:54.156657,2026-05-27 21:02:05.89759,197725,itm-1a08838c-d77f-4980-bbb9-9864027179d8,HWHAP Original Hot Chicken Sandwich Meal,1,NULL,5,Item,,NULL,NULL,NULL,False,NULL,NULL,NULL,True,False,2026-04-30 20:22:06.005203,2026-05-21 13:21:07.720578,14.990,2026-04-30 20:22:08.093555,2026-05-04 10:44:02.324319,2026-05-29 03:11:38.75494,catlg-0c7c419a-478c-4390-98eb-ed5a7927bf1c,NULL,NULL
Houston Hot Chicken,org-490e23ce-6f23-4d3d-8544-8728f0965cfc,loc-9e2322e6-f9b0-4f73-80c9-140e04b6812f,Las Vegas - Main St.,catlg-0c7c419a-478c-4390-98eb-ed5a7927bf1c,Las Vegas - Main St. Catalog,False,2026-04-30 20:20:54.156657,2026-05-27 21:02:05.89759,197357,itm-d32a8b98-87cc-4481-911f-9def6c303dd1,HWHAP Cheesy Hot Chicken Sandwich Meal,1,NULL,5,Item,,NULL,NULL,NULL,False,NULL,NULL,NULL,True,False,2026-04-30 20:22:06.005203,2026-05-21 13:21:07.773207,15.990,2026-04-30 20:22:08.097722,2026-05-04 10:44:02.324319,2026-05-29 03:11:38.75494,catlg-0c7c419a-478c-4390-98eb-ed5a7927bf1c,NULL,NULL
Houston Hot Chicken,org-490e23ce-6f23-4d3d-8544-8728f0965cfc,loc-9e2322e6-f9b0-4f73-80c9-140e04b6812f,Las Vegas - Main St.,catlg-0c7c419a-478c-4390-98eb-ed5a7927bf1c,Las Vegas - Main St. Catalog,False,2026-04-30 20:20:54.156657,2026-05-27 21:02:05.89759,195237,itm-abb0bfb9-9bbf-491b-8ed5-ecb38fa2c81f,HWHAP Classic Chicken Sandwich Meal,1,NULL,5,Item,,NULL,NULL,NULL,False,NULL,NULL,NULL,True,False,2026-04-30 20:22:06.005203,2026-05-21 13:21:07.773969,13.990,2026-04-30 20:22:08.103009,2026-05-04 10:44:02.324319,2026-05-29 03:11:38.75494,catlg-0c7c419a-478c-4390-98eb-ed5a7927bf1c,NULL,NULL
Houston Hot Chicken,org-490e23ce-6f23-4d3d-8544-8728f0965cfc,loc-9e2322e6-f9b0-4f73-80c9-140e04b6812f,Las Vegas - Main St.,catlg-0c7c419a-478c-4390-98eb-ed5a7927bf1c,Las Vegas - Main St. Catalog,False,2026-04-30 20:20:54.156657,2026-05-27 21:02:05.89759,195294,itm-55593958-f2ef-4008-b6cd-db2da1619683,HWHAP Sandwich & Tender Meal,1,NULL,5,Item,,NULL,NULL,NULL,False,NULL,NULL,NULL,True,False,2026-04-30 20:22:06.005203,2026-05-21 13:21:07.721744,16.990,2026-04-30 20:22:08.107645,2026-05-04 10:44:02.324319,2026-05-29 03:11:38.75494,catlg-0c7c419a-478c-4390-98eb-ed5a7927bf1c,NULL,NULL
Houston Hot Chicken,org-490e23ce-6f23-4d3d-8544-8728f0965cfc,loc-9e2322e6-f9b0-4f73-80c9-140e04b6812f,Las Vegas - Main St.,catlg-0c7c419a-478c-4390-98eb-ed5a7927bf1c,Las Vegas - Main St. Catalog,False,2026-04-30 20:20:54.156657,2026-05-27 21:02:05.89759,194234,itm-91a5af40-5e61-404e-80a1-b5da58fe5641,HWHAP 2 Tender Meal,1,NULL,5,Item,,NULL,NULL,NULL,False,NULL,NULL,NULL,True,False,2026-04-30 20:22:06.005203,2026-05-21 13:21:07.72343,12.990,2026-04-30 20:22:08.113298,2026-05-04 10:44:02.324319,2026-05-29 03:11:38.75494,catlg-0c7c419a-478c-4390-98eb-ed5a7927bf1c,NULL,NULL
Houston Hot Chicken,org-490e23ce-6f23-4d3d-8544-8728f0965cfc,loc-9e2322e6-f9b0-4f73-80c9-140e04b6812f,Las Vegas - Main St.,catlg-0c7c419a-478c-4390-98eb-ed5a7927bf1c,Las Vegas - Main St. Catalog,False,2026-04-30 20:20:54.156657,2026-05-27 21:02:05.89759,206564,itm-894c4092-308d-4f02-93b7-377d876c1aba,HWHAP 3 Tenders and Fries Meal,1,NULL,5,Item,,NULL,NULL,NULL,False,NULL,NULL,NULL,True,False,2026-04-30 20:22:06.005203,2026-05-21 13:21:07.724356,15.990,2026-04-30 20:22:08.118432,2026-05-04 10:44:02.324319,2026-05-29 03:11:38.75494,catlg-0c7c419a-478c-4390-98eb-ed5a7927bf1c,NULL,NULL
Houston Hot Chicken,org-490e23ce-6f23-4d3d-8544-8728f0965cfc,loc-9e2322e6-f9b0-4f73-80c9-140e04b6812f,Las Vegas - Main St.,catlg-0c7c419a-478c-4390-98eb-ed5a7927bf1c,Las Vegas - Main St. Catalog,False,2026-04-30 20:20:54.156657,2026-05-27 21:02:05.89759,194443,itm-2859065f-37a2-4706-af33-d0918d414076,Tenders and Waffle,1,NULL,5,Item,,NULL,NULL,NULL,False,NULL,NULL,NULL,True,False,2026-04-30 20:22:06.005203,2026-05-21 13:21:07.774807,14.990,2026-04-30 20:22:08.122561,2026-05-04 10:44:02.324319,2026-05-29 03:11:38.75494,catlg-0c7c419a-478c-4390-98eb-ed5a7927bf1c,NULL,NULL
Houston Hot Chicken,org-490e23ce-6f23-4d3d-8544-8728f0965cfc,loc-9e2322e6-f9b0-4f73-80c9-140e04b6812f,Las Vegas - Main St.,catlg-0c7c419a-478c-4390-98eb-ed5a7927bf1c,Las Vegas - Main St. Catalog,False,2026-04-30 20:20:54.156657,2026-05-27 21:02:05.89759,205745,itm-dc46bbea-5acc-4ee2-80b7-cd181254a143,HWHAP Tenders and Slaw,1,NULL,5,Item,,NULL,NULL,NULL,False,NULL,NULL,NULL,True,False,2026-04-30 20:22:06.005203,2026-05-21 13:21:07.75114,13.990,2026-04-30 20:22:08.126471,2026-05-04 10:44:02.324319,2026-05-29 03:11:38.75494,catlg-0c7c419a-478c-4390-98eb-ed5a7927bf1c,NULL,NULL
Houston Hot Chicken,org-490e23ce-6f23-4d3d-8544-8728f0965cfc,loc-9e2322e6-f9b0-4f73-80c9-140e04b6812f,Las Vegas - Main St.,catlg-0c7c419a-478c-4390-98eb-ed5a7927bf1c,Las Vegas - Main St. Catalog,False,2026-04-30 20:20:54.156657,2026-05-27 21:02:05.89759,192108,itm-7edf7518-30e5-4988-850b-be6241d37cda,HWHAP Texas Caesar Salad,1,NULL,1,Item,,NULL,NULL,NULL,False,NULL,NULL,NULL,True,False,2026-04-30 20:22:06.005203,2026-05-21 13:21:07.759155,15.990,2026-04-30 20:22:08.130587,2026-05-04 10:44:02.324319,2026-05-29 03:11:38.75494,catlg-0c7c419a-478c-4390-98eb-ed5a7927bf1c,NULL,NULL
Houston Hot Chicken,org-490e23ce-6f23-4d3d-8544-8728f0965cfc,loc-9e2322e6-f9b0-4f73-80c9-140e04b6812f,Las Vegas - Main St.,catlg-0c7c419a-478c-4390-98eb-ed5a7927bf1c,Las Vegas - Main St. Catalog,False,2026-04-30 20:20:54.156657,2026-05-27 21:02:05.89759,204844,itm-9c817739-7e35-4916-943f-dae548c2bebd,HWHAP Southwest Salad,1,NULL,1,Item,,NULL,NULL,NULL,False,NULL,NULL,NULL,True,False,2026-04-30 20:22:06.005203,2026-05-21 13:21:07.725594,15.990,2026-04-30 20:22:08.135028,2026-05-04 10:44:02.324319,2026-05-29 03:11:38.75494,catlg-0c7c419a-478c-4390-98eb-ed5a7927bf1c,NULL,NULL
Houston Hot Chicken,org-490e23ce-6f23-4d3d-8544-8728f0965cfc,loc-9e2322e6-f9b0-4f73-80c9-140e04b6812f,Las Vegas - Main St.,catlg-0c7c419a-478c-4390-98eb-ed5a7927bf1c,Las Vegas - Main St. Catalog,False,2026-04-30 20:20:54.156657,2026-05-27 21:02:05.89759,203653,itm-362c2097-bbd5-472c-b5c7-87f603317f45,HWHAP Loaded Fries,1,NULL,2,Item,,NULL,NULL,NULL,False,NULL,NULL,NULL,True,False,2026-04-30 20:22:06.005203,2026-05-21 13:21:07.72643,14.990,2026-04-30 20:22:08.138723,2026-05-04 10:44:02.324319,2026-05-29 03:11:38.75494,catlg-0c7c419a-478c-4390-98eb-ed5a7927bf1c,NULL,NULL
Houston Hot Chicken,org-490e23ce-6f23-4d3d-8544-8728f0965cfc,loc-9e2322e6-f9b0-4f73-80c9-140e04b6812f,Las Vegas - Main St.,catlg-0c7c419a-478c-4390-98eb-ed5a7927bf1c,Las Vegas - Main St. Catalog,False,2026-04-30 20:20:54.156657,2026-05-27 21:02:05.89759,195759,itm-6aee0a12-1f7b-4fa1-9c7c-65230bad5cfc,HWHAP Fusion Fries,1,NULL,2,Item,,NULL,NULL,NULL,False,NULL,NULL,NULL,True,False,2026-04-30 20:22:06.005203,2026-05-21 13:21:07.72731,16.990,2026-04-30 20:22:08.142744,2026-05-04 10:44:02.324319,2026-05-29 03:11:38.75494,catlg-0c7c419a-478c-4390-98eb-ed5a7927bf1c,NULL,NULL
Houston Hot Chicken,org-490e23ce-6f23-4d3d-8544-8728f0965cfc,loc-9e2322e6-f9b0-4f73-80c9-140e04b6812f,Las Vegas - Main St.,catlg-0c7c419a-478c-4390-98eb-ed5a7927bf1c,Las Vegas - Main St. Catalog,False,2026-04-30 20:20:54.156657,2026-05-27 21:02:05.89759,192480,itm-8ecc0795-320d-4807-8beb-3a5dadcd111b,HWHAP 10 pc Nugget Meal,1,NULL,5,Item,,NULL,NULL,NULL,False,NULL,NULL,NULL,True,False,2026-04-30 20:22:06.005203,2026-05-21 13:21:07.7281,13.990,2026-04-30 20:22:08.147794,2026-05-04 10:44:02.324319,2026-05-29 03:11:38.75494,catlg-0c7c419a-478c-4390-98eb-ed5a7927bf1c,NULL,NULL
Houston Hot Chicken,org-490e23ce-6f23-4d3d-8544-8728f0965cfc,loc-9e2322e6-f9b0-4f73-80c9-140e04b6812f,Las Vegas - Main St.,catlg-0c7c419a-478c-4390-98eb-ed5a7927bf1c,Las Vegas - Main St. Catalog,False,2026-04-30 20:20:54.156657,2026-05-27 21:02:05.89759,191879,itm-712c745a-d404-4b53-b40a-f7d93667b2e8,HWHAP 15 pc Nugget Meal,1,NULL,5,Item,,NULL,NULL,NULL,False,NULL,NULL,NULL,True,False,2026-04-30 20:22:06.005203,2026-05-21 13:21:07.728872,15.990,2026-04-30 20:22:08.152054,2026-05-04 10:44:02.324319,2026-05-29 03:11:38.75494,catlg-0c7c419a-478c-4390-98eb-ed5a7927bf1c,NULL,NULL
Houston Hot Chicken,org-490e23ce-6f23-4d3d-8544-8728f0965cfc,loc-9e2322e6-f9b0-4f73-80c9-140e04b6812f,Las Vegas - Main St.,catlg-0c7c419a-478c-4390-98eb-ed5a7927bf1c,Las Vegas - Main St. Catalog,False,2026-04-30 20:20:54.156657,2026-05-27 21:02:05.89759,196828,itm-d265902a-b1df-4ef9-be71-40fcd1e7970c,HWHAP SPICE CHALLENGE,1,NULL,5,Item,,NULL,NULL,NULL,False,NULL,NULL,NULL,True,False,2026-04-30 20:22:06.005203,2026-05-21 13:21:07.729691,12.000,2026-04-30 20:22:08.156179,2026-05-04 10:44:02.324319,2026-05-29 03:11:38.75494,catlg-0c7c419a-478c-4390-98eb-ed5a7927bf1c,NULL,NULL
Houston Hot Chicken,org-490e23ce-6f23-4d3d-8544-8728f0965cfc,loc-9e2322e6-f9b0-4f73-80c9-140e04b6812f,Las Vegas - Main St.,catlg-0c7c419a-478c-4390-98eb-ed5a7927bf1c,Las Vegas - Main St. Catalog,False,2026-04-30 20:20:54.156657,2026-05-27 21:02:05.89759,204951,itm-5d81a5db-94f5-441c-8dbe-84657ccf8126,HWHAP Cheesy Sandwich (a la carte),1,NULL,1,Item,,NULL,NULL,NULL,False,NULL,NULL,NULL,True,False,2026-04-30 20:22:06.005203,2026-05-21 13:21:07.730485,12.990,2026-04-30 20:22:08.161103,2026-05-04 10:44:02.324319,2026-05-29 03:11:38.75494,catlg-0c7c419a-478c-4390-98eb-ed5a7927bf1c,NULL,NULL
Houston Hot Chicken,org-490e23ce-6f23-4d3d-8544-8728f0965cfc,loc-9e2322e6-f9b0-4f73-80c9-140e04b6812f,Las Vegas - Main St.,catlg-0c7c419a-478c-4390-98eb-ed5a7927bf1c,Las Vegas - Main St. Catalog,False,2026-04-30 20:20:54.156657,2026-05-27 21:02:05.89759,199342,itm-e705cbf8-15f9-45f3-b57c-ac3c46a49733,HWHAP Tender (a la carte),1,NULL,1,Item,,NULL,NULL,NULL,False,NULL,NULL,NULL,True,False,2026-04-30 20:22:06.005203,2026-05-21 13:21:07.731357,5.990,2026-04-30 20:22:08.165141,2026-05-04 10:44:02.324319,2026-05-29 03:11:38.75494,catlg-0c7c419a-478c-4390-98eb-ed5a7927bf1c,NULL,NULL
Houston Hot Chicken,org-490e23ce-6f23-4d3d-8544-8728f0965cfc,loc-9e2322e6-f9b0-4f73-80c9-140e04b6812f,Las Vegas - Main St.,catlg-0c7c419a-478c-4390-98eb-ed5a7927bf1c,Las Vegas - Main St. Catalog,False,2026-04-30 20:20:54.156657,2026-05-27 21:02:05.89759,204274,itm-05c5b8c6-1c0f-4068-97b0-84e45f1fd208,HWHAP Original Sandwich (a la carte),1,NULL,1,Item,,NULL,NULL,NULL,False,NULL,NULL,NULL,True,False,2026-04-30 20:22:06.005203,2026-05-21 13:21:07.751982,11.990,2026-04-30 20:22:08.169127,2026-05-04 10:44:02.324319,2026-05-29 03:11:38.75494,catlg-0c7c419a-478c-4390-98eb-ed5a7927bf1c,NULL,NULL
Houston Hot Chicken,org-490e23ce-6f23-4d3d-8544-8728f0965cfc,loc-9e2322e6-f9b0-4f73-80c9-140e04b6812f,Las Vegas - Main St.,catlg-0c7c419a-478c-4390-98eb-ed5a7927bf1c,Las Vegas - Main St. Catalog,False,2026-04-30 20:20:54.156657,2026-05-27 21:02:05.89759,204643,itm-288dfb17-1b6a-40e9-a705-cc25a022fe40,HWHAP Classic Sandwich (a la carte),1,NULL,1,Item,,NULL,NULL,NULL,False,NULL,NULL,NULL,True,False,2026-04-30 20:22:06.005203,2026-05-21 13:21:07.752835,10.990,2026-04-30 20:22:08.172865,2026-05-04 10:44:02.324319,2026-05-29 03:11:38.75494,catlg-0c7c419a-478c-4390-98eb-ed5a7927bf1c,NULL,NULL
Houston Hot Chicken,org-490e23ce-6f23-4d3d-8544-8728f0965cfc,loc-9e2322e6-f9b0-4f73-80c9-140e04b6812f,Las Vegas - Main St.,catlg-0c7c419a-478c-4390-98eb-ed5a7927bf1c,Las Vegas - Main St. Catalog,False,2026-04-30 20:20:54.156657,2026-05-27 21:02:05.89759,200127,itm-59e8cc93-77e7-4d0e-9f52-8f7ba072f7ae,HWHAP 15 pc Nuggets (a la carte),1,NULL,1,Item,,NULL,NULL,NULL,False,NULL,NULL,NULL,True,False,2026-04-30 20:22:06.005203,2026-05-21 13:21:07.732138,13.990,2026-04-30 20:22:08.184461,2026-05-04 10:44:02.324319,2026-05-29 03:11:38.75494,catlg-0c7c419a-478c-4390-98eb-ed5a7927bf1c,NULL,NULL
Houston Hot Chicken,org-490e23ce-6f23-4d3d-8544-8728f0965cfc,loc-9e2322e6-f9b0-4f73-80c9-140e04b6812f,Las Vegas - Main St.,catlg-0c7c419a-478c-4390-98eb-ed5a7927bf1c,Las Vegas - Main St. Catalog,False,2026-04-30 20:20:54.156657,2026-05-27 21:02:05.89759,202995,itm-9efb6631-5af0-44a8-ab01-47b722132e7a,HWHAP 10 pc Nuggets (a la carte),1,NULL,1,Item,,NULL,NULL,NULL,False,NULL,NULL,NULL,True,False,2026-04-30 20:22:06.005203,2026-05-21 13:21:07.732881,9.990,2026-04-30 20:22:08.188486,2026-05-04 10:44:02.324319,2026-05-29 03:11:38.75494,catlg-0c7c419a-478c-4390-98eb-ed5a7927bf1c,NULL,NULL
Houston Hot Chicken,org-490e23ce-6f23-4d3d-8544-8728f0965cfc,loc-9e2322e6-f9b0-4f73-80c9-140e04b6812f,Las Vegas - Main St.,catlg-0c7c419a-478c-4390-98eb-ed5a7927bf1c,Las Vegas - Main St. Catalog,False,2026-04-30 20:20:54.156657,2026-05-27 21:02:05.89759,198118,itm-20af79d8-a24b-4403-981f-9a8ea9aaa92d,HWHAP 5 pc Nuggets (a la carte),1,NULL,1,Item,,NULL,NULL,NULL,False,NULL,NULL,NULL,True,False,2026-04-30 20:22:06.005203,2026-05-21 13:21:07.73368,5.990,2026-04-30 20:22:08.192265,2026-05-04 10:44:02.324319,2026-05-29 03:11:38.75494,catlg-0c7c419a-478c-4390-98eb-ed5a7927bf1c,NULL,NULL
Houston Hot Chicken,org-490e23ce-6f23-4d3d-8544-8728f0965cfc,loc-9e2322e6-f9b0-4f73-80c9-140e04b6812f,Las Vegas - Main St.,catlg-0c7c419a-478c-4390-98eb-ed5a7927bf1c,Las Vegas - Main St. Catalog,False,2026-04-30 20:20:54.156657,2026-05-27 21:02:05.89759,204054,itm-36810fb9-f0bb-461d-b448-7ceab370874d,HWHAP Chicken Tortilla Soup,1,NULL,1,Item,,NULL,NULL,NULL,False,NULL,NULL,NULL,True,False,2026-04-30 20:22:06.005203,2026-05-21 13:21:07.775506,4.990,2026-04-30 20:22:08.197054,2026-05-04 10:44:02.324319,2026-05-29 03:11:38.75494,catlg-0c7c419a-478c-4390-98eb-ed5a7927bf1c,NULL,NULL
Houston Hot Chicken,org-490e23ce-6f23-4d3d-8544-8728f0965cfc,loc-9e2322e6-f9b0-4f73-80c9-140e04b6812f,Las Vegas - Main St.,catlg-0c7c419a-478c-4390-98eb-ed5a7927bf1c,Las Vegas - Main St. Catalog,False,2026-04-30 20:20:54.156657,2026-05-27 21:02:05.89759,204219,itm-90d9843b-b3db-4dfc-b9ae-e1dea2ece348,Waffle Sandwich,1,NULL,1,Item,,NULL,NULL,NULL,False,NULL,NULL,NULL,True,False,2026-04-30 20:22:06.005203,2026-05-21 13:21:07.735157,14.990,2026-04-30 20:22:08.205212,2026-05-04 10:44:02.324319,2026-05-29 03:11:38.75494,catlg-0c7c419a-478c-4390-98eb-ed5a7927bf1c,NULL,NULL
Houston Hot Chicken,org-490e23ce-6f23-4d3d-8544-8728f0965cfc,loc-9e2322e6-f9b0-4f73-80c9-140e04b6812f,Las Vegas - Main St.,catlg-0c7c419a-478c-4390-98eb-ed5a7927bf1c,Las Vegas - Main St. Catalog,False,2026-04-30 20:20:54.156657,2026-05-27 21:02:05.89759,197064,itm-ea8146f9-5417-49be-a882-641dce220867,Shake N' Fries,1,NULL,5,Item,,NULL,NULL,NULL,False,NULL,NULL,NULL,True,False,2026-04-30 20:22:06.005203,2026-05-21 13:21:07.735884,7.990,2026-04-30 20:22:08.209528,2026-05-04 10:44:02.324319,2026-05-29 03:11:38.75494,catlg-0c7c419a-478c-4390-98eb-ed5a7927bf1c,NULL,NULL
Houston Hot Chicken,org-490e23ce-6f23-4d3d-8544-8728f0965cfc,loc-9e2322e6-f9b0-4f73-80c9-140e04b6812f,Las Vegas - Main St.,catlg-0c7c419a-478c-4390-98eb-ed5a7927bf1c,Las Vegas - Main St. Catalog,False,2026-04-30 20:20:54.156657,2026-05-27 21:02:05.89759,199973,itm-515a5b2d-abd8-4458-97ba-865173382239,The Mondi,1,NULL,1,Item,,NULL,NULL,NULL,False,NULL,NULL,NULL,True,False,2026-04-30 20:22:06.005203,2026-05-21 13:21:07.690901,5.990,2026-04-30 20:22:08.214181,2026-05-04 10:44:02.324319,2026-05-29 03:11:38.75494,catlg-0c7c419a-478c-4390-98eb-ed5a7927bf1c,NULL,NULL
Houston Hot Chicken,org-490e23ce-6f23-4d3d-8544-8728f0965cfc,loc-9e2322e6-f9b0-4f73-80c9-140e04b6812f,Las Vegas - Main St.,catlg-0c7c419a-478c-4390-98eb-ed5a7927bf1c,Las Vegas - Main St. Catalog,False,2026-04-30 20:20:54.156657,2026-05-27 21:02:05.89759,196496,itm-158abe5e-4d8c-449c-aa96-ff916eb2948b,Red Bull,1,NULL,3,Item,,NULL,NULL,NULL,False,NULL,NULL,NULL,True,False,2026-04-30 20:22:06.005203,2026-05-21 13:21:07.762683,3.990,2026-04-30 20:22:08.22257,2026-05-04 10:44:02.324319,2026-05-29 03:11:38.75494,catlg-0c7c419a-478c-4390-98eb-ed5a7927bf1c,NULL,NULL
Houston Hot Chicken,org-490e23ce-6f23-4d3d-8544-8728f0965cfc,loc-9e2322e6-f9b0-4f73-80c9-140e04b6812f,Las Vegas - Main St.,catlg-0c7c419a-478c-4390-98eb-ed5a7927bf1c,Las Vegas - Main St. Catalog,False,2026-04-30 20:20:54.156657,2026-05-27 21:02:05.89759,194657,itm-ca184d07-d85e-4ed9-b7a5-9760d864e3af,Original Party Package,1,NULL,5,Item,,NULL,NULL,NULL,False,NULL,NULL,NULL,True,False,2026-04-30 20:22:06.005203,2026-05-21 13:21:07.763453,150.000,2026-04-30 20:22:08.226823,2026-05-04 10:44:02.324319,2026-05-29 03:11:38.75494,catlg-0c7c419a-478c-4390-98eb-ed5a7927bf1c,NULL,NULL
Houston Hot Chicken,org-490e23ce-6f23-4d3d-8544-8728f0965cfc,loc-9e2322e6-f9b0-4f73-80c9-140e04b6812f,Las Vegas - Main St.,catlg-0c7c419a-478c-4390-98eb-ed5a7927bf1c,Las Vegas - Main St. Catalog,False,2026-04-30 20:20:54.156657,2026-05-27 21:02:05.89759,199285,itm-31208176-c83d-4cac-b7b7-2128d16ec37d,Original Sandwich Platter (10),1,NULL,5,Item,,NULL,NULL,NULL,False,NULL,NULL,NULL,True,False,2026-04-30 20:22:06.005203,2026-05-21 13:21:07.736612,100.000,2026-04-30 20:22:08.231112,2026-05-04 10:44:02.324319,2026-05-29 03:11:38.75494,catlg-0c7c419a-478c-4390-98eb-ed5a7927bf1c,NULL,NULL
Houston Hot Chicken,org-490e23ce-6f23-4d3d-8544-8728f0965cfc,loc-9e2322e6-f9b0-4f73-80c9-140e04b6812f,Las Vegas - Main St.,catlg-0c7c419a-478c-4390-98eb-ed5a7927bf1c,Las Vegas - Main St. Catalog,False,2026-04-30 20:20:54.156657,2026-05-27 21:02:05.89759,202709,itm-fc63368b-035f-4520-b8a3-256f821e5bdf,Classic Sandwich Platter,1,NULL,1,Item,,NULL,NULL,NULL,False,NULL,NULL,NULL,True,False,2026-04-30 20:22:06.005203,2026-05-21 13:21:07.737376,90.000,2026-04-30 20:22:08.235169,2026-05-04 10:44:02.324319,2026-05-29 03:11:38.75494,catlg-0c7c419a-478c-4390-98eb-ed5a7927bf1c,NULL,NULL
Houston Hot Chicken,org-490e23ce-6f23-4d3d-8544-8728f0965cfc,loc-9e2322e6-f9b0-4f73-80c9-140e04b6812f,Las Vegas - Main St.,catlg-0c7c419a-478c-4390-98eb-ed5a7927bf1c,Las Vegas - Main St. Catalog,False,2026-04-30 20:20:54.156657,2026-05-27 21:02:05.89759,204330,itm-96171525-03a4-46a9-a07f-ac7176af5b33,10 Tender Tray,1,NULL,5,Item,,NULL,NULL,NULL,False,NULL,NULL,NULL,True,False,2026-04-30 20:22:06.005203,2026-05-21 13:21:07.738121,40.000,2026-04-30 20:22:08.239601,2026-05-04 10:44:02.324319,2026-05-29 03:11:38.75494,catlg-0c7c419a-478c-4390-98eb-ed5a7927bf1c,NULL,NULL
Houston Hot Chicken,org-490e23ce-6f23-4d3d-8544-8728f0965cfc,loc-9e2322e6-f9b0-4f73-80c9-140e04b6812f,Las Vegas - Main St.,catlg-0c7c419a-478c-4390-98eb-ed5a7927bf1c,Las Vegas - Main St. Catalog,False,2026-04-30 20:20:54.156657,2026-05-27 21:02:05.89759,196111,itm-8afdb0c0-9d02-4c11-bbaf-9b30770204f1,20 Tender Platter,1,NULL,5,Item,,NULL,NULL,NULL,False,NULL,NULL,NULL,True,False,2026-04-30 20:22:06.005203,2026-05-21 13:21:07.776275,80.000,2026-04-30 20:22:08.24395,2026-05-04 10:44:02.324319,2026-05-29 03:11:38.75494,catlg-0c7c419a-478c-4390-98eb-ed5a7927bf1c,NULL,NULL
Houston Hot Chicken,org-490e23ce-6f23-4d3d-8544-8728f0965cfc,loc-9e2322e6-f9b0-4f73-80c9-140e04b6812f,Las Vegas - Main St.,catlg-0c7c419a-478c-4390-98eb-ed5a7927bf1c,Las Vegas - Main St. Catalog,False,2026-04-30 20:20:54.156657,2026-05-27 21:02:05.89759,206273,itm-8d368f8c-f228-4ded-b1ba-f41e74209484,50 Nugget Platter,1,NULL,5,Item,,NULL,NULL,NULL,False,NULL,NULL,NULL,True,False,2026-04-30 20:22:06.005203,2026-05-27 19:51:35.466849,35.000,2026-04-30 20:22:08.248282,2026-05-04 10:44:02.324319,2026-05-29 03:11:38.75494,catlg-0c7c419a-478c-4390-98eb-ed5a7927bf1c,NULL,NULL
Houston Hot Chicken,org-490e23ce-6f23-4d3d-8544-8728f0965cfc,loc-9e2322e6-f9b0-4f73-80c9-140e04b6812f,Las Vegas - Main St.,catlg-0c7c419a-478c-4390-98eb-ed5a7927bf1c,Las Vegas - Main St. Catalog,False,2026-04-30 20:20:54.156657,2026-05-27 21:02:05.89759,200877,itm-3ac8c5a4-06c3-4db4-8a74-8ae388049ccd,Coleslaw Platter,1,NULL,2,Item,,NULL,NULL,NULL,False,NULL,NULL,NULL,True,False,2026-04-30 20:22:06.005203,2026-05-21 13:21:07.740348,27.950,2026-04-30 20:22:08.257114,2026-05-04 10:44:02.324319,2026-05-29 03:11:38.75494,catlg-0c7c419a-478c-4390-98eb-ed5a7927bf1c,NULL,NULL
Houston Hot Chicken,org-490e23ce-6f23-4d3d-8544-8728f0965cfc,loc-9e2322e6-f9b0-4f73-80c9-140e04b6812f,Las Vegas - Main St.,catlg-0c7c419a-478c-4390-98eb-ed5a7927bf1c,Las Vegas - Main St. Catalog,False,2026-04-30 20:20:54.156657,2026-05-27 21:02:05.89759,203023,itm-f946ca97-8b69-4a22-8c29-c60f83b6bc5f,Tender and Waffle Platter (20 tenders/10 waffles),1,NULL,5,Item,,NULL,NULL,NULL,False,NULL,NULL,NULL,True,False,2026-04-30 20:22:06.005203,2026-05-21 13:21:07.776995,130.000,2026-04-30 20:22:08.261293,2026-05-04 10:44:02.324319,2026-05-29 03:11:38.75494,catlg-0c7c419a-478c-4390-98eb-ed5a7927bf1c,NULL,NULL
Houston Hot Chicken,org-490e23ce-6f23-4d3d-8544-8728f0965cfc,loc-9e2322e6-f9b0-4f73-80c9-140e04b6812f,Las Vegas - Main St.,catlg-0c7c419a-478c-4390-98eb-ed5a7927bf1c,Las Vegas - Main St. Catalog,False,2026-04-30 20:20:54.156657,2026-05-27 21:02:05.89759,198799,itm-1104baad-ec80-4928-9169-0ef49a517b16,Chips Platter,1,NULL,2,Item,,NULL,NULL,NULL,False,NULL,NULL,NULL,True,False,2026-04-30 20:22:06.005203,2026-05-21 13:21:07.781601,20.000,2026-04-30 20:22:08.265959,2026-05-04 10:44:02.324319,2026-05-29 03:11:38.75494,catlg-0c7c419a-478c-4390-98eb-ed5a7927bf1c,NULL,NULL
Houston Hot Chicken,org-490e23ce-6f23-4d3d-8544-8728f0965cfc,loc-9e2322e6-f9b0-4f73-80c9-140e04b6812f,Las Vegas - Main St.,catlg-0c7c419a-478c-4390-98eb-ed5a7927bf1c,Las Vegas - Main St. Catalog,False,2026-04-30 20:20:54.156657,2026-05-27 21:02:05.89759,196565,itm-d74731aa-1219-4145-8a13-e142cfeb8ed3,Large Chips Platter,1,NULL,2,Item,,NULL,NULL,NULL,False,NULL,NULL,NULL,True,False,2026-04-30 20:22:06.005203,2026-05-21 13:21:07.782342,30.000,2026-04-30 20:22:08.271329,2026-05-04 10:44:02.324319,2026-05-29 03:11:38.75494,catlg-0c7c419a-478c-4390-98eb-ed5a7927bf1c,NULL,NULL
Houston Hot Chicken,org-490e23ce-6f23-4d3d-8544-8728f0965cfc,loc-9e2322e6-f9b0-4f73-80c9-140e04b6812f,Las Vegas - Main St.,catlg-0c7c419a-478c-4390-98eb-ed5a7927bf1c,Las Vegas - Main St. Catalog,False,2026-04-30 20:20:54.156657,2026-05-27 21:02:05.89759,198883,itm-3bfe8c04-1596-4dac-a359-c9cafdc4e5b6,Small Fry Platter,1,NULL,2,Item,,NULL,NULL,NULL,False,NULL,NULL,NULL,True,False,2026-04-30 20:22:06.005203,2026-05-21 13:21:07.741109,28.000,2026-04-30 20:22:08.275515,2026-05-04 10:44:02.324319,2026-05-29 03:11:38.75494,catlg-0c7c419a-478c-4390-98eb-ed5a7927bf1c,NULL,NULL
Houston Hot Chicken,org-490e23ce-6f23-4d3d-8544-8728f0965cfc,loc-9e2322e6-f9b0-4f73-80c9-140e04b6812f,Las Vegas - Main St.,catlg-0c7c419a-478c-4390-98eb-ed5a7927bf1c,Las Vegas - Main St. Catalog,False,2026-04-30 20:20:54.156657,2026-05-27 21:02:05.89759,193543,itm-6da9f0d6-a31a-4cc9-9e99-0651c73df656,Large Fry Platter,1,NULL,2,Item,,NULL,NULL,NULL,False,NULL,NULL,NULL,True,False,2026-04-30 20:22:06.005203,2026-05-21 13:21:07.741962,56.000,2026-04-30 20:22:08.279372,2026-05-04 10:44:02.324319,2026-05-29 03:11:38.75494,catlg-0c7c419a-478c-4390-98eb-ed5a7927bf1c,NULL,NULL
Houston Hot Chicken,org-490e23ce-6f23-4d3d-8544-8728f0965cfc,loc-9e2322e6-f9b0-4f73-80c9-140e04b6812f,Las Vegas - Main St.,catlg-0c7c419a-478c-4390-98eb-ed5a7927bf1c,Las Vegas - Main St. Catalog,False,2026-04-30 20:20:54.156657,2026-05-27 21:02:05.89759,198928,itm-dc53ebf7-f1e8-4f70-9e92-7783f64b464b,Shareable Caesar Salad,1,NULL,2,Item,,NULL,NULL,NULL,False,NULL,NULL,NULL,True,False,2026-04-30 20:22:06.005203,2026-05-21 13:21:07.742694,40.000,2026-04-30 20:22:08.284471,2026-05-04 10:44:02.324319,2026-05-29 03:11:38.75494,catlg-0c7c419a-478c-4390-98eb-ed5a7927bf1c,NULL,NULL
Houston Hot Chicken,org-490e23ce-6f23-4d3d-8544-8728f0965cfc,loc-9e2322e6-f9b0-4f73-80c9-140e04b6812f,Las Vegas - Main St.,catlg-0c7c419a-478c-4390-98eb-ed5a7927bf1c,Las Vegas - Main St. Catalog,False,2026-04-30 20:20:54.156657,2026-05-27 21:02:05.89759,201178,itm-faa3ebe8-4dd7-4407-82f2-dc165fff2ed5,Shareable Southwest Salad,1,NULL,1,Item,,NULL,NULL,NULL,False,NULL,NULL,NULL,True,False,2026-04-30 20:22:06.005203,2026-05-21 13:21:07.743457,40.000,2026-04-30 20:22:08.288751,2026-05-04 10:44:02.324319,2026-05-29 03:11:38.75494,catlg-0c7c419a-478c-4390-98eb-ed5a7927bf1c,NULL,NULL
Houston Hot Chicken,org-490e23ce-6f23-4d3d-8544-8728f0965cfc,loc-9e2322e6-f9b0-4f73-80c9-140e04b6812f,Las Vegas - Main St.,catlg-0c7c419a-478c-4390-98eb-ed5a7927bf1c,Las Vegas - Main St. Catalog,False,2026-04-30 20:20:54.156657,2026-05-27 21:02:05.89759,202807,itm-3c272c64-a8ad-44e8-8786-1acf1a40d936,Shareable Mac & Cheese,1,NULL,2,Item,,NULL,NULL,NULL,False,NULL,NULL,NULL,True,False,2026-04-30 20:22:06.005203,2026-05-21 13:21:07.764193,55.000,2026-04-30 20:22:08.293813,2026-05-04 10:44:02.324319,2026-05-29 03:11:38.75494,catlg-0c7c419a-478c-4390-98eb-ed5a7927bf1c,NULL,NULL
Houston Hot Chicken,org-490e23ce-6f23-4d3d-8544-8728f0965cfc,loc-9e2322e6-f9b0-4f73-80c9-140e04b6812f,Las Vegas - Main St.,catlg-0c7c419a-478c-4390-98eb-ed5a7927bf1c,Las Vegas - Main St. Catalog,False,2026-04-30 20:20:54.156657,2026-05-27 21:02:05.89759,202337,itm-02fa5e43-2848-4268-bc69-cd8436f88cc8,Cookie Crumble,1,NULL,4,Item,,NULL,NULL,NULL,False,NULL,NULL,NULL,True,False,2026-04-30 20:22:06.005203,2026-05-21 13:21:07.761481,8.990,2026-04-30 20:22:08.218461,2026-05-04 10:44:02.324319,2026-05-29 03:11:38.75494,catlg-0c7c419a-478c-4390-98eb-ed5a7927bf1c,NULL,NULL
Houston Hot Chicken,org-490e23ce-6f23-4d3d-8544-8728f0965cfc,loc-9e2322e6-f9b0-4f73-80c9-140e04b6812f,Las Vegas - Main St.,catlg-0c7c419a-478c-4390-98eb-ed5a7927bf1c,Las Vegas - Main St. Catalog,False,2026-04-30 20:20:54.156657,2026-05-27 21:02:05.89759,198406,itm-dd38f049-b7ce-40f4-bad4-23203b4a6ed9,Sandwich & Tender,1,NULL,1,Item,,NULL,NULL,NULL,False,NULL,NULL,NULL,True,False,2026-04-30 20:22:06.005203,2026-05-21 13:21:07.764906,14.990,2026-04-30 20:22:07.793792,2026-05-04 10:44:02.324319,2026-05-29 03:11:38.75494,catlg-0c7c419a-478c-4390-98eb-ed5a7927bf1c,NULL,NULL
Houston Hot Chicken,org-490e23ce-6f23-4d3d-8544-8728f0965cfc,loc-9e2322e6-f9b0-4f73-80c9-140e04b6812f,Las Vegas - Main St.,catlg-0c7c419a-478c-4390-98eb-ed5a7927bf1c,Las Vegas - Main St. Catalog,False,2026-04-30 20:20:54.156657,2026-05-27 21:02:05.89759,204459,itm-0dfb04e7-fc77-46aa-be83-30e688c72331,Classic Chicken Sandwich,1,NULL,1,Item,,NULL,NULL,NULL,False,NULL,NULL,NULL,True,False,2026-04-30 20:22:06.005203,2026-05-21 13:21:07.744182,11.990,2026-04-30 20:22:07.803042,2026-05-04 10:44:02.324319,2026-05-29 03:11:38.75494,catlg-0c7c419a-478c-4390-98eb-ed5a7927bf1c,NULL,NULL
Houston Hot Chicken,org-490e23ce-6f23-4d3d-8544-8728f0965cfc,loc-9e2322e6-f9b0-4f73-80c9-140e04b6812f,Las Vegas - Main St.,catlg-0c7c419a-478c-4390-98eb-ed5a7927bf1c,Las Vegas - Main St. Catalog,False,2026-04-30 20:20:54.156657,2026-05-27 21:02:05.89759,195322,itm-9540d264-6efb-453d-9d37-902c33c98926,Cheesy Hot Chicken Sandwich,1,NULL,1,Item,,NULL,NULL,NULL,False,NULL,NULL,NULL,True,False,2026-04-30 20:22:06.005203,2026-05-21 13:21:07.693867,13.990,2026-04-30 20:22:07.812108,2026-05-04 10:44:02.324319,2026-05-29 03:11:38.75494,catlg-0c7c419a-478c-4390-98eb-ed5a7927bf1c,NULL,NULL
Houston Hot Chicken,org-490e23ce-6f23-4d3d-8544-8728f0965cfc,loc-9e2322e6-f9b0-4f73-80c9-140e04b6812f,Las Vegas - Main St.,catlg-0c7c419a-478c-4390-98eb-ed5a7927bf1c,Las Vegas - Main St. Catalog,False,2026-04-30 20:20:54.156657,2026-05-27 21:02:05.89759,197667,itm-8a8cfa5c-a9ad-45ca-b3d0-37749a923d83,2 Tenders Meal,1,NULL,5,Item,,NULL,NULL,NULL,False,NULL,NULL,NULL,True,False,2026-04-30 20:22:06.005203,2026-05-21 13:21:07.694719,10.990,2026-04-30 20:22:07.817122,2026-05-04 10:44:02.324319,2026-05-29 03:11:38.75494,catlg-0c7c419a-478c-4390-98eb-ed5a7927bf1c,NULL,NULL
Houston Hot Chicken,org-490e23ce-6f23-4d3d-8544-8728f0965cfc,loc-9e2322e6-f9b0-4f73-80c9-140e04b6812f,Las Vegas - Main St.,catlg-0c7c419a-478c-4390-98eb-ed5a7927bf1c,Las Vegas - Main St. Catalog,False,2026-04-30 20:20:54.156657,2026-05-27 21:02:05.89759,205817,itm-bfe38618-84a7-4b14-92cd-46ba588472fd,Tenders & Waffle,1,NULL,5,Item,,NULL,NULL,NULL,False,NULL,NULL,NULL,True,False,2026-04-30 20:22:06.005203,2026-05-21 13:21:07.765711,12.990,2026-04-30 20:22:07.821674,2026-05-04 10:44:02.324319,2026-05-29 03:11:38.75494,catlg-0c7c419a-478c-4390-98eb-ed5a7927bf1c,NULL,NULL
Houston Hot Chicken,org-490e23ce-6f23-4d3d-8544-8728f0965cfc,loc-9e2322e6-f9b0-4f73-80c9-140e04b6812f,Las Vegas - Main St.,catlg-0c7c419a-478c-4390-98eb-ed5a7927bf1c,Las Vegas - Main St. Catalog,False,2026-04-30 20:20:54.156657,2026-05-27 21:02:05.89759,192006,itm-1ff96907-cfa8-468c-ad9d-31800f610e0f,3 Tenders & Fries,1,NULL,5,Item,,NULL,NULL,NULL,False,NULL,NULL,NULL,True,False,2026-04-30 20:22:06.005203,2026-05-21 13:21:07.766502,13.990,2026-04-30 20:22:07.825739,2026-05-04 10:44:02.324319,2026-05-29 03:11:38.75494,catlg-0c7c419a-478c-4390-98eb-ed5a7927bf1c,NULL,NULL
Houston Hot Chicken,org-490e23ce-6f23-4d3d-8544-8728f0965cfc,loc-9e2322e6-f9b0-4f73-80c9-140e04b6812f,Las Vegas - Main St.,catlg-0c7c419a-478c-4390-98eb-ed5a7927bf1c,Las Vegas - Main St. Catalog,False,2026-04-30 20:20:54.156657,2026-05-27 21:02:05.89759,193992,itm-ba76c3d1-9239-44a5-a532-bb27a8562b4e,Kids Meal,1,NULL,5,Item,,NULL,NULL,NULL,False,NULL,NULL,NULL,True,False,2026-04-30 20:22:06.005203,2026-05-21 13:21:07.695653,6.990,2026-04-30 20:22:07.83021,2026-05-04 10:44:02.324319,2026-05-29 03:11:38.75494,catlg-0c7c419a-478c-4390-98eb-ed5a7927bf1c,NULL,NULL
Houston Hot Chicken,org-490e23ce-6f23-4d3d-8544-8728f0965cfc,loc-9e2322e6-f9b0-4f73-80c9-140e04b6812f,Las Vegas - Main St.,catlg-0c7c419a-478c-4390-98eb-ed5a7927bf1c,Las Vegas - Main St. Catalog,False,2026-04-30 20:20:54.156657,2026-05-27 21:02:05.89759,200698,itm-b1d5ce8b-b0d6-4853-b9f1-33dce4ce9b54,10 pc Nugget Meal,1,NULL,5,Item,,NULL,NULL,NULL,False,NULL,NULL,NULL,True,False,2026-04-30 20:22:06.005203,2026-05-21 13:21:07.696544,11.990,2026-04-30 20:22:07.834878,2026-05-04 10:44:02.324319,2026-05-29 03:11:38.75494,catlg-0c7c419a-478c-4390-98eb-ed5a7927bf1c,NULL,NULL
Houston Hot Chicken,org-490e23ce-6f23-4d3d-8544-8728f0965cfc,loc-9e2322e6-f9b0-4f73-80c9-140e04b6812f,Las Vegas - Main St.,catlg-0c7c419a-478c-4390-98eb-ed5a7927bf1c,Las Vegas - Main St. Catalog,False,2026-04-30 20:20:54.156657,2026-05-27 21:02:05.89759,195950,itm-29b7c9ce-d829-494e-b072-7c31ad91ea61,15 pc Nugget Meal,1,NULL,5,Item,,NULL,NULL,NULL,False,NULL,NULL,NULL,True,False,2026-04-30 20:22:06.005203,2026-05-21 13:21:07.697556,13.990,2026-04-30 20:22:07.83916,2026-05-04 10:44:02.324319,2026-05-29 03:11:38.75494,catlg-0c7c419a-478c-4390-98eb-ed5a7927bf1c,NULL,NULL
Houston Hot Chicken,org-490e23ce-6f23-4d3d-8544-8728f0965cfc,loc-9e2322e6-f9b0-4f73-80c9-140e04b6812f,Las Vegas - Main St.,catlg-0c7c419a-478c-4390-98eb-ed5a7927bf1c,Las Vegas - Main St. Catalog,False,2026-04-30 20:20:54.156657,2026-05-27 21:02:05.89759,202828,itm-8de5d275-6b3d-4f69-bf70-fafb8f903c47,Cheese Fries,1,NULL,2,Item,,NULL,NULL,NULL,False,NULL,NULL,NULL,True,False,2026-04-30 20:22:06.005203,2026-05-21 13:21:07.698559,5.990,2026-04-30 20:22:07.846526,2026-05-04 10:44:02.324319,2026-05-29 03:11:38.75494,catlg-0c7c419a-478c-4390-98eb-ed5a7927bf1c,NULL,NULL
Houston Hot Chicken,org-490e23ce-6f23-4d3d-8544-8728f0965cfc,loc-9e2322e6-f9b0-4f73-80c9-140e04b6812f,Las Vegas - Main St.,catlg-0c7c419a-478c-4390-98eb-ed5a7927bf1c,Las Vegas - Main St. Catalog,False,2026-04-30 20:20:54.156657,2026-05-27 21:02:05.89759,193122,itm-233b7d8e-1f08-4fa8-be26-a954ba1656a4,Loaded Fries,1,NULL,2,Item,,NULL,NULL,NULL,False,NULL,NULL,NULL,True,False,2026-04-30 20:22:06.005203,2026-05-21 13:21:07.69954,12.990,2026-04-30 20:22:07.850885,2026-05-04 10:44:02.324319,2026-05-29 03:11:38.75494,catlg-0c7c419a-478c-4390-98eb-ed5a7927bf1c,NULL,NULL
Houston Hot Chicken,org-490e23ce-6f23-4d3d-8544-8728f0965cfc,loc-9e2322e6-f9b0-4f73-80c9-140e04b6812f,Las Vegas - Main St.,catlg-0c7c419a-478c-4390-98eb-ed5a7927bf1c,Las Vegas - Main St. Catalog,False,2026-04-30 20:20:54.156657,2026-05-27 21:02:05.89759,194821,itm-f753061b-ff5b-481e-ab42-77b345245d1b,Fusion Fries,1,NULL,2,Item,,NULL,NULL,NULL,False,NULL,NULL,NULL,True,False,2026-04-30 20:22:06.005203,2026-05-21 13:21:07.700392,14.990,2026-04-30 20:22:07.85519,2026-05-04 10:44:02.324319,2026-05-29 03:11:38.75494,catlg-0c7c419a-478c-4390-98eb-ed5a7927bf1c,NULL,NULL
Houston Hot Chicken,org-490e23ce-6f23-4d3d-8544-8728f0965cfc,loc-9e2322e6-f9b0-4f73-80c9-140e04b6812f,Las Vegas - Main St.,catlg-0c7c419a-478c-4390-98eb-ed5a7927bf1c,Las Vegas - Main St. Catalog,False,2026-04-30 20:20:54.156657,2026-05-27 21:02:05.89759,194185,itm-166fac39-e862-4166-83c1-0cedc6f3d670,Southwest Salad,1,NULL,2,Item,,NULL,NULL,NULL,False,NULL,NULL,NULL,True,False,2026-04-30 20:22:06.005203,2026-05-21 13:21:07.754786,13.990,2026-04-30 20:22:07.859076,2026-05-04 10:44:02.324319,2026-05-29 03:11:38.75494,catlg-0c7c419a-478c-4390-98eb-ed5a7927bf1c,NULL,NULL
Houston Hot Chicken,org-490e23ce-6f23-4d3d-8544-8728f0965cfc,loc-9e2322e6-f9b0-4f73-80c9-140e04b6812f,Las Vegas - Main St.,catlg-0c7c419a-478c-4390-98eb-ed5a7927bf1c,Las Vegas - Main St. Catalog,False,2026-04-30 20:20:54.156657,2026-05-27 21:02:05.89759,205667,itm-d48941d7-bafb-447b-af29-417bc4973f1f,Mac & Cheese,1,NULL,2,Item,,NULL,NULL,NULL,False,NULL,NULL,NULL,True,False,2026-04-30 20:22:06.005203,2026-05-21 13:21:07.702146,4.990,2026-04-30 20:22:07.8671,2026-05-04 10:44:02.324319,2026-05-29 03:11:38.75494,catlg-0c7c419a-478c-4390-98eb-ed5a7927bf1c,NULL,NULL
Houston Hot Chicken,org-490e23ce-6f23-4d3d-8544-8728f0965cfc,loc-9e2322e6-f9b0-4f73-80c9-140e04b6812f,Las Vegas - Main St.,catlg-0c7c419a-478c-4390-98eb-ed5a7927bf1c,Las Vegas - Main St. Catalog,False,2026-04-30 20:20:54.156657,2026-05-27 21:02:05.89759,198706,itm-e4746fb2-a6e3-4b16-a56d-846d5b14063a,Chicken Tortilla Soup,1,NULL,1,Item,,NULL,NULL,NULL,False,NULL,NULL,NULL,True,False,2026-04-30 20:22:06.005203,2026-05-21 13:21:07.703019,4.990,2026-04-30 20:22:07.870985,2026-05-04 10:44:02.324319,2026-05-29 03:11:38.75494,catlg-0c7c419a-478c-4390-98eb-ed5a7927bf1c,NULL,NULL
Houston Hot Chicken,org-490e23ce-6f23-4d3d-8544-8728f0965cfc,loc-9e2322e6-f9b0-4f73-80c9-140e04b6812f,Las Vegas - Main St.,catlg-0c7c419a-478c-4390-98eb-ed5a7927bf1c,Las Vegas - Main St. Catalog,False,2026-04-30 20:20:54.156657,2026-05-27 21:02:05.89759,192159,itm-316cf927-23dd-4956-97a4-4642c181da9a,5 pc Nuggets (a la carte),1,NULL,1,Item,,NULL,NULL,NULL,False,NULL,NULL,NULL,True,False,2026-04-30 20:22:06.005203,2026-05-21 13:21:07.768218,3.990,2026-04-30 20:22:07.879854,2026-05-04 10:44:02.324319,2026-05-29 03:11:38.75494,catlg-0c7c419a-478c-4390-98eb-ed5a7927bf1c,NULL,NULL
Houston Hot Chicken,org-490e23ce-6f23-4d3d-8544-8728f0965cfc,loc-9e2322e6-f9b0-4f73-80c9-140e04b6812f,Las Vegas - Main St.,catlg-0c7c419a-478c-4390-98eb-ed5a7927bf1c,Las Vegas - Main St. Catalog,False,2026-04-30 20:20:54.156657,2026-05-27 21:02:05.89759,202573,itm-5e2eaa45-dc67-4a93-9488-7c561ccb3458,10 pc Nuggets (a la carte),1,NULL,1,Item,,NULL,NULL,NULL,False,NULL,NULL,NULL,True,False,2026-04-30 20:22:06.005203,2026-05-21 13:21:07.703866,7.990,2026-04-30 20:22:07.884225,2026-05-04 10:44:02.324319,2026-05-29 03:11:38.75494,catlg-0c7c419a-478c-4390-98eb-ed5a7927bf1c,NULL,NULL
Houston Hot Chicken,org-490e23ce-6f23-4d3d-8544-8728f0965cfc,loc-9e2322e6-f9b0-4f73-80c9-140e04b6812f,Las Vegas - Main St.,catlg-0c7c419a-478c-4390-98eb-ed5a7927bf1c,Las Vegas - Main St. Catalog,False,2026-04-30 20:20:54.156657,2026-05-27 21:02:05.89759,202643,itm-33bc5c87-7d37-41b5-99e8-051f70a85946,15 pc Nuggets (a la carte),1,NULL,1,Item,,NULL,NULL,NULL,False,NULL,NULL,NULL,True,False,2026-04-30 20:22:06.005203,2026-05-21 13:21:07.704756,11.990,2026-04-30 20:22:07.888337,2026-05-04 10:44:02.324319,2026-05-29 03:11:38.75494,catlg-0c7c419a-478c-4390-98eb-ed5a7927bf1c,NULL,NULL
Houston Hot Chicken,org-490e23ce-6f23-4d3d-8544-8728f0965cfc,loc-9e2322e6-f9b0-4f73-80c9-140e04b6812f,Las Vegas - Main St.,catlg-0c7c419a-478c-4390-98eb-ed5a7927bf1c,Las Vegas - Main St. Catalog,False,2026-04-30 20:20:54.156657,2026-05-27 21:02:05.89759,204591,itm-a6a7e58f-5edf-4c25-901c-a64d72a430ce,Waffle (a la carte),1,NULL,2,Item,,NULL,NULL,NULL,False,NULL,NULL,NULL,True,False,2026-04-30 20:22:06.005203,2026-05-21 13:21:07.769102,3.990,2026-04-30 20:22:07.892368,2026-05-04 10:44:02.324319,2026-05-29 03:11:38.75494,catlg-0c7c419a-478c-4390-98eb-ed5a7927bf1c,NULL,NULL
Houston Hot Chicken,org-490e23ce-6f23-4d3d-8544-8728f0965cfc,loc-9e2322e6-f9b0-4f73-80c9-140e04b6812f,Las Vegas - Main St.,catlg-0c7c419a-478c-4390-98eb-ed5a7927bf1c,Las Vegas - Main St. Catalog,False,2026-04-30 20:20:54.156657,2026-05-27 21:02:05.89759,193642,itm-fba6c620-c81b-4e84-af59-2dd6753a5eb8,Breast (a la carte),1,NULL,1,Item,,NULL,NULL,NULL,False,NULL,NULL,NULL,True,False,2026-04-30 20:22:06.005203,2026-05-21 13:21:07.745173,5.990,2026-04-30 20:22:07.896962,2026-05-04 10:44:02.324319,2026-05-29 03:11:38.75494,catlg-0c7c419a-478c-4390-98eb-ed5a7927bf1c,NULL,NULL
Houston Hot Chicken,org-490e23ce-6f23-4d3d-8544-8728f0965cfc,loc-9e2322e6-f9b0-4f73-80c9-140e04b6812f,Las Vegas - Main St.,catlg-0c7c419a-478c-4390-98eb-ed5a7927bf1c,Las Vegas - Main St. Catalog,False,2026-04-30 20:20:54.156657,2026-05-27 21:02:05.89759,203104,itm-1e4b7417-c1e0-48bb-83da-b44eb236a2fc,Buns (a la carte),1,NULL,2,Item,,NULL,NULL,NULL,False,NULL,NULL,NULL,True,False,2026-04-30 20:22:06.005203,2026-05-21 13:21:07.753789,2.500,2026-04-30 20:22:07.901681,2026-05-04 10:44:02.324319,2026-05-29 03:11:38.75494,catlg-0c7c419a-478c-4390-98eb-ed5a7927bf1c,NULL,NULL
Houston Hot Chicken,org-490e23ce-6f23-4d3d-8544-8728f0965cfc,loc-9e2322e6-f9b0-4f73-80c9-140e04b6812f,Las Vegas - Main St.,catlg-0c7c419a-478c-4390-98eb-ed5a7927bf1c,Las Vegas - Main St. Catalog,False,2026-04-30 20:20:54.156657,2026-05-27 21:02:05.89759,198953,itm-3b4150fd-6f35-441b-bec9-90f8964f25bf,Pickles (side),1,NULL,2,Item,,NULL,NULL,NULL,False,NULL,NULL,NULL,True,False,2026-04-30 20:22:06.005203,2026-05-21 13:21:07.747665,2.500,2026-04-30 20:22:07.914218,2026-05-04 10:44:02.324319,2026-05-29 03:11:38.75494,catlg-0c7c419a-478c-4390-98eb-ed5a7927bf1c,NULL,NULL
Houston Hot Chicken,org-490e23ce-6f23-4d3d-8544-8728f0965cfc,loc-9e2322e6-f9b0-4f73-80c9-140e04b6812f,Las Vegas - Main St.,catlg-0c7c419a-478c-4390-98eb-ed5a7927bf1c,Las Vegas - Main St. Catalog,False,2026-04-30 20:20:54.156657,2026-05-27 21:02:05.89759,196936,itm-6eeebf0f-ce6a-4b66-a05b-862d4a19cefb,Chilled Cucumber Watermelon Lemonade,1,NULL,3,Item,,NULL,NULL,NULL,False,NULL,NULL,NULL,True,False,2026-04-30 20:22:06.005203,2026-05-21 13:21:07.709745,4.990,2026-04-30 20:22:07.947455,2026-05-04 10:44:02.324319,2026-05-29 03:11:38.75494,catlg-0c7c419a-478c-4390-98eb-ed5a7927bf1c,NULL,NULL
Houston Hot Chicken,org-490e23ce-6f23-4d3d-8544-8728f0965cfc,loc-9e2322e6-f9b0-4f73-80c9-140e04b6812f,Las Vegas - Main St.,catlg-0c7c419a-478c-4390-98eb-ed5a7927bf1c,Las Vegas - Main St. Catalog,False,2026-04-30 20:20:54.156657,2026-05-27 21:02:05.89759,204573,itm-6489fc51-2ee8-4132-9a9e-4fdd026713e3,Original Hot Chicken Sandwich,1,NULL,1,Item,,NULL,NULL,NULL,False,NULL,NULL,NULL,True,False,2026-04-30 20:22:06.005203,2026-05-21 13:21:07.69289,12.990,2026-04-30 20:22:07.807765,2026-05-04 10:44:02.324319,2026-05-29 03:11:38.75494,catlg-0c7c419a-478c-4390-98eb-ed5a7927bf1c,NULL,NULL
Houston Hot Chicken,org-490e23ce-6f23-4d3d-8544-8728f0965cfc,loc-9e2322e6-f9b0-4f73-80c9-140e04b6812f,Las Vegas - Main St.,catlg-0c7c419a-478c-4390-98eb-ed5a7927bf1c,Las Vegas - Main St. Catalog,False,2026-04-30 20:20:54.156657,2026-05-27 21:02:05.89759,196563,itm-d26dfa3e-2cf4-46f3-be61-7e84d082814c,Double Double,1,NULL,1,Item,,NULL,NULL,NULL,False,NULL,NULL,NULL,True,False,2026-04-30 20:22:06.005203,2026-05-21 13:21:07.734397,14.990,2026-04-30 20:22:08.201211,2026-05-04 10:44:02.324319,2026-05-29 03:11:38.75494,catlg-0c7c419a-478c-4390-98eb-ed5a7927bf1c,NULL,NULL
Houston Hot Chicken,org-490e23ce-6f23-4d3d-8544-8728f0965cfc,loc-9e2322e6-f9b0-4f73-80c9-140e04b6812f,Las Vegas - Main St.,catlg-0c7c419a-478c-4390-98eb-ed5a7927bf1c,Las Vegas - Main St. Catalog,False,2026-04-30 20:20:54.156657,2026-05-27 21:02:05.89759,196150,itm-04c7e5a4-a704-4a81-b9d0-6cc412b3153e,Fries (side),1,NULL,2,Item,,NULL,NULL,NULL,False,NULL,NULL,NULL,True,False,2026-04-30 20:22:06.005203,2026-05-21 13:21:07.767342,4.990,2026-04-30 20:22:07.875479,2026-05-04 10:44:02.324319,2026-05-29 03:11:38.75494,catlg-0c7c419a-478c-4390-98eb-ed5a7927bf1c,NULL,NULL
Houston Hot Chicken,org-490e23ce-6f23-4d3d-8544-8728f0965cfc,loc-9e2322e6-f9b0-4f73-80c9-140e04b6812f,Las Vegas - Main St.,catlg-0c7c419a-478c-4390-98eb-ed5a7927bf1c,Las Vegas - Main St. Catalog,False,2026-04-30 20:20:54.156657,2026-05-27 21:02:05.89759,201182,itm-005119c8-e67f-40d2-bc43-738c93baa117,Waffle Platter (10),1,NULL,2,Item,,NULL,NULL,NULL,False,NULL,NULL,NULL,True,False,2026-04-30 20:22:06.005203,2026-05-21 13:21:07.7396,50.000,2026-04-30 20:22:08.252691,2026-05-04 10:44:02.324319,2026-05-29 03:11:38.75494,catlg-0c7c419a-478c-4390-98eb-ed5a7927bf1c,NULL,NULL
Houston Hot Chicken,org-490e23ce-6f23-4d3d-8544-8728f0965cfc,loc-247f5b1b-bacd-46f6-b416-e32a90d81acd,Las Vegas - Sahara Ave,catlg-38ca6ecd-a83c-4062-ba1d-493aaed389e0,Las Vegas - Sahara Ave Catalog,False,2026-04-30 21:02:49.973035,2026-05-27 21:02:05.762993,197187,itm-962886b4-cafd-47d2-9560-7c7ccbb72025,Sandwich & Tender,1,NULL,1,Item,,NULL,NULL,NULL,False,NULL,NULL,NULL,True,False,2026-04-30 21:03:47.149022,2026-05-21 13:21:57.292301,14.990,2026-04-30 21:03:48.831677,2026-05-04 10:44:02.324319,2026-05-29 03:11:38.75494,catlg-38ca6ecd-a83c-4062-ba1d-493aaed389e0,NULL,NULL
Houston Hot Chicken,org-490e23ce-6f23-4d3d-8544-8728f0965cfc,loc-247f5b1b-bacd-46f6-b416-e32a90d81acd,Las Vegas - Sahara Ave,catlg-38ca6ecd-a83c-4062-ba1d-493aaed389e0,Las Vegas - Sahara Ave Catalog,False,2026-04-30 21:02:49.973035,2026-05-27 21:02:05.762993,206585,itm-c1db7b07-6fc2-4936-8e94-c21137ac26d9,Classic Chicken Sandwich,1,NULL,1,Item,,NULL,NULL,NULL,False,NULL,NULL,NULL,True,False,2026-04-30 21:03:47.149022,2026-05-21 13:21:57.380763,11.990,2026-04-30 21:03:48.84104,2026-05-04 10:44:02.324319,2026-05-29 03:11:38.75494,catlg-38ca6ecd-a83c-4062-ba1d-493aaed389e0,NULL,NULL
Houston Hot Chicken,org-490e23ce-6f23-4d3d-8544-8728f0965cfc,loc-247f5b1b-bacd-46f6-b416-e32a90d81acd,Las Vegas - Sahara Ave,catlg-38ca6ecd-a83c-4062-ba1d-493aaed389e0,Las Vegas - Sahara Ave Catalog,False,2026-04-30 21:02:49.973035,2026-05-27 21:02:05.762993,205486,itm-8a07edf3-bc97-4be6-b0d3-c7d07fe119bf,Original Hot Chicken Sandwich,1,NULL,1,Item,,NULL,NULL,NULL,False,NULL,NULL,NULL,True,False,2026-04-30 21:03:47.149022,2026-05-21 13:21:57.25295,12.990,2026-04-30 21:03:48.845306,2026-05-04 10:44:02.324319,2026-05-29 03:11:38.75494,catlg-38ca6ecd-a83c-4062-ba1d-493aaed389e0,NULL,NULL
Houston Hot Chicken,org-490e23ce-6f23-4d3d-8544-8728f0965cfc,loc-247f5b1b-bacd-46f6-b416-e32a90d81acd,Las Vegas - Sahara Ave,catlg-38ca6ecd-a83c-4062-ba1d-493aaed389e0,Las Vegas - Sahara Ave Catalog,False,2026-04-30 21:02:49.973035,2026-05-27 21:02:05.762993,199516,itm-5c486e71-8444-49b7-8fd7-522c67df82b3,Cheesy Hot Chicken Sandwich,1,NULL,1,Item,,NULL,NULL,NULL,False,NULL,NULL,NULL,True,False,2026-04-30 21:03:47.149022,2026-05-21 13:21:57.296822,13.990,2026-04-30 21:03:48.849959,2026-05-04 10:44:02.324319,2026-05-29 03:11:38.75494,catlg-38ca6ecd-a83c-4062-ba1d-493aaed389e0,NULL,NULL
Houston Hot Chicken,org-490e23ce-6f23-4d3d-8544-8728f0965cfc,loc-247f5b1b-bacd-46f6-b416-e32a90d81acd,Las Vegas - Sahara Ave,catlg-38ca6ecd-a83c-4062-ba1d-493aaed389e0,Las Vegas - Sahara Ave Catalog,False,2026-04-30 21:02:49.973035,2026-05-27 21:02:05.762993,194319,itm-5fdd840b-0f29-4f9f-9703-b5ec865c7876,Tenders & Waffle,1,NULL,5,Item,,NULL,NULL,NULL,False,NULL,NULL,NULL,True,False,2026-04-30 21:03:47.149022,2026-05-21 13:21:57.300053,12.990,2026-04-30 21:03:48.859335,2026-05-04 10:44:02.324319,2026-05-29 03:11:38.75494,catlg-38ca6ecd-a83c-4062-ba1d-493aaed389e0,NULL,NULL
Houston Hot Chicken,org-490e23ce-6f23-4d3d-8544-8728f0965cfc,loc-247f5b1b-bacd-46f6-b416-e32a90d81acd,Las Vegas - Sahara Ave,catlg-38ca6ecd-a83c-4062-ba1d-493aaed389e0,Las Vegas - Sahara Ave Catalog,False,2026-04-30 21:02:49.973035,2026-05-27 21:02:05.762993,206190,itm-8a5b2594-ec5b-4644-8484-8eae316e2747,3 Tenders & Fries,1,NULL,5,Item,,NULL,NULL,NULL,False,NULL,NULL,NULL,True,False,2026-04-30 21:03:47.149022,2026-05-21 13:21:57.301504,13.990,2026-04-30 21:03:48.863712,2026-05-04 10:44:02.324319,2026-05-29 03:11:38.75494,catlg-38ca6ecd-a83c-4062-ba1d-493aaed389e0,NULL,NULL
Houston Hot Chicken,org-490e23ce-6f23-4d3d-8544-8728f0965cfc,loc-247f5b1b-bacd-46f6-b416-e32a90d81acd,Las Vegas - Sahara Ave,catlg-38ca6ecd-a83c-4062-ba1d-493aaed389e0,Las Vegas - Sahara Ave Catalog,False,2026-04-30 21:02:49.973035,2026-05-27 21:02:05.762993,202213,itm-6bd75731-ee69-4ecb-a34d-06e3fd942a64,Kids Meal,1,NULL,5,Item,,NULL,NULL,NULL,False,NULL,NULL,NULL,True,False,2026-04-30 21:03:47.149022,2026-05-21 13:21:57.302796,6.990,2026-04-30 21:03:48.867561,2026-05-04 10:44:02.324319,2026-05-29 03:11:38.75494,catlg-38ca6ecd-a83c-4062-ba1d-493aaed389e0,NULL,NULL
Houston Hot Chicken,org-490e23ce-6f23-4d3d-8544-8728f0965cfc,loc-247f5b1b-bacd-46f6-b416-e32a90d81acd,Las Vegas - Sahara Ave,catlg-38ca6ecd-a83c-4062-ba1d-493aaed389e0,Las Vegas - Sahara Ave Catalog,False,2026-04-30 21:02:49.973035,2026-05-27 21:02:05.762993,204224,itm-975151fb-32d4-418b-9e57-be82fe2a5ced,15 pc Nugget Meal,1,NULL,5,Item,,NULL,NULL,NULL,False,NULL,NULL,NULL,True,False,2026-04-30 21:03:47.149022,2026-05-21 13:21:57.255499,13.990,2026-04-30 21:03:48.875555,2026-05-04 10:44:02.324319,2026-05-29 03:11:38.75494,catlg-38ca6ecd-a83c-4062-ba1d-493aaed389e0,NULL,NULL
Houston Hot Chicken,org-490e23ce-6f23-4d3d-8544-8728f0965cfc,loc-247f5b1b-bacd-46f6-b416-e32a90d81acd,Las Vegas - Sahara Ave,catlg-38ca6ecd-a83c-4062-ba1d-493aaed389e0,Las Vegas - Sahara Ave Catalog,False,2026-04-30 21:02:49.973035,2026-05-27 21:02:05.762993,205077,itm-b7d4da16-f9ea-4038-985e-718a5c08b0d1,Cheese Fries,1,NULL,2,Item,,NULL,NULL,NULL,False,NULL,NULL,NULL,True,False,2026-04-30 21:03:47.149022,2026-05-21 13:21:57.304315,5.990,2026-04-30 21:03:48.87952,2026-05-04 10:44:02.324319,2026-05-29 03:11:38.75494,catlg-38ca6ecd-a83c-4062-ba1d-493aaed389e0,NULL,NULL
Houston Hot Chicken,org-490e23ce-6f23-4d3d-8544-8728f0965cfc,loc-247f5b1b-bacd-46f6-b416-e32a90d81acd,Las Vegas - Sahara Ave,catlg-38ca6ecd-a83c-4062-ba1d-493aaed389e0,Las Vegas - Sahara Ave Catalog,False,2026-04-30 21:02:49.973035,2026-05-27 21:02:05.762993,205642,itm-86e0b0e8-7216-40b0-813f-80689daa30dd,Loaded Fries,1,NULL,2,Item,,NULL,NULL,NULL,False,NULL,NULL,NULL,True,False,2026-04-30 21:03:47.149022,2026-05-21 13:21:57.305665,12.990,2026-04-30 21:03:48.884251,2026-05-04 10:44:02.324319,2026-05-29 03:11:38.75494,catlg-38ca6ecd-a83c-4062-ba1d-493aaed389e0,NULL,NULL
Houston Hot Chicken,org-490e23ce-6f23-4d3d-8544-8728f0965cfc,loc-247f5b1b-bacd-46f6-b416-e32a90d81acd,Las Vegas - Sahara Ave,catlg-38ca6ecd-a83c-4062-ba1d-493aaed389e0,Las Vegas - Sahara Ave Catalog,False,2026-04-30 21:02:49.973035,2026-05-27 21:02:05.762993,198923,itm-cdde0d1a-41ae-4a02-826f-494ae56c8583,Fusion Fries,1,NULL,2,Item,,NULL,NULL,NULL,False,NULL,NULL,NULL,True,False,2026-04-30 21:03:47.149022,2026-05-21 13:21:57.383544,14.990,2026-04-30 21:03:48.888482,2026-05-04 10:44:02.324319,2026-05-29 03:11:38.75494,catlg-38ca6ecd-a83c-4062-ba1d-493aaed389e0,NULL,NULL
Houston Hot Chicken,org-490e23ce-6f23-4d3d-8544-8728f0965cfc,loc-247f5b1b-bacd-46f6-b416-e32a90d81acd,Las Vegas - Sahara Ave,catlg-38ca6ecd-a83c-4062-ba1d-493aaed389e0,Las Vegas - Sahara Ave Catalog,False,2026-04-30 21:02:49.973035,2026-05-27 21:02:05.762993,203726,itm-09d98c3d-a721-40e5-aa8d-c9f0e6e82233,Southwest Salad,1,NULL,2,Item,,NULL,NULL,NULL,False,NULL,NULL,NULL,True,False,2026-04-30 21:03:47.149022,2026-05-21 13:21:57.307867,13.990,2026-04-30 21:03:48.892802,2026-05-04 10:44:02.324319,2026-05-29 03:11:38.75494,catlg-38ca6ecd-a83c-4062-ba1d-493aaed389e0,NULL,NULL
Houston Hot Chicken,org-490e23ce-6f23-4d3d-8544-8728f0965cfc,loc-247f5b1b-bacd-46f6-b416-e32a90d81acd,Las Vegas - Sahara Ave,catlg-38ca6ecd-a83c-4062-ba1d-493aaed389e0,Las Vegas - Sahara Ave Catalog,False,2026-04-30 21:02:49.973035,2026-05-27 21:02:05.762993,205731,itm-aa3eca6a-059b-4265-b1c6-dd1f4f0acddb,Chicken Tortilla Soup,1,NULL,1,Item,,NULL,NULL,NULL,False,NULL,NULL,NULL,True,False,2026-04-30 21:03:47.149022,2026-05-21 13:21:57.311898,4.990,2026-04-30 21:03:48.9063,2026-05-04 10:44:02.324319,2026-05-29 03:11:38.75494,catlg-38ca6ecd-a83c-4062-ba1d-493aaed389e0,NULL,NULL
Houston Hot Chicken,org-490e23ce-6f23-4d3d-8544-8728f0965cfc,loc-247f5b1b-bacd-46f6-b416-e32a90d81acd,Las Vegas - Sahara Ave,catlg-38ca6ecd-a83c-4062-ba1d-493aaed389e0,Las Vegas - Sahara Ave Catalog,False,2026-04-30 21:02:49.973035,2026-05-27 21:02:05.762993,202731,itm-2f1403fb-72f4-4cbd-838d-5dc03d6d888c,Fries (side),1,NULL,2,Item,,NULL,NULL,NULL,False,NULL,NULL,NULL,True,False,2026-04-30 21:03:47.149022,2026-05-21 13:21:57.256984,4.990,2026-04-30 21:03:48.910595,2026-05-04 10:44:02.324319,2026-05-29 03:11:38.75494,catlg-38ca6ecd-a83c-4062-ba1d-493aaed389e0,NULL,NULL
Houston Hot Chicken,org-490e23ce-6f23-4d3d-8544-8728f0965cfc,loc-247f5b1b-bacd-46f6-b416-e32a90d81acd,Las Vegas - Sahara Ave,catlg-38ca6ecd-a83c-4062-ba1d-493aaed389e0,Las Vegas - Sahara Ave Catalog,False,2026-04-30 21:02:49.973035,2026-05-27 21:02:05.762993,203332,itm-fb78741a-fbbb-485c-9df7-0835216027ad,5 pc Nuggets (a la carte),1,NULL,1,Item,,NULL,NULL,NULL,False,NULL,NULL,NULL,True,False,2026-04-30 21:03:47.149022,2026-05-21 13:21:57.25838,3.990,2026-04-30 21:03:48.915115,2026-05-04 10:44:02.324319,2026-05-29 03:11:38.75494,catlg-38ca6ecd-a83c-4062-ba1d-493aaed389e0,NULL,NULL
Houston Hot Chicken,org-490e23ce-6f23-4d3d-8544-8728f0965cfc,loc-247f5b1b-bacd-46f6-b416-e32a90d81acd,Las Vegas - Sahara Ave,catlg-38ca6ecd-a83c-4062-ba1d-493aaed389e0,Las Vegas - Sahara Ave Catalog,False,2026-04-30 21:02:49.973035,2026-05-27 21:02:05.762993,194645,itm-b62847b0-0357-4a5a-915c-2750df11ab30,10 pc Nuggets (a la carte),1,NULL,1,Item,,NULL,NULL,NULL,False,NULL,NULL,NULL,True,False,2026-04-30 21:03:47.149022,2026-05-21 13:21:57.293669,7.990,2026-04-30 21:03:48.919596,2026-05-04 10:44:02.324319,2026-05-29 03:11:38.75494,catlg-38ca6ecd-a83c-4062-ba1d-493aaed389e0,NULL,NULL
Houston Hot Chicken,org-490e23ce-6f23-4d3d-8544-8728f0965cfc,loc-247f5b1b-bacd-46f6-b416-e32a90d81acd,Las Vegas - Sahara Ave,catlg-38ca6ecd-a83c-4062-ba1d-493aaed389e0,Las Vegas - Sahara Ave Catalog,False,2026-04-30 21:02:49.973035,2026-05-27 21:02:05.762993,202605,itm-b96eb1d1-abec-40dc-96ca-0476b53f8ab3,15 pc Nuggets (a la carte),1,NULL,1,Item,,NULL,NULL,NULL,False,NULL,NULL,NULL,True,False,2026-04-30 21:03:47.149022,2026-05-21 13:21:57.367667,11.990,2026-04-30 21:03:48.923798,2026-05-04 10:44:02.324319,2026-05-29 03:11:38.75494,catlg-38ca6ecd-a83c-4062-ba1d-493aaed389e0,NULL,NULL
Houston Hot Chicken,org-490e23ce-6f23-4d3d-8544-8728f0965cfc,loc-247f5b1b-bacd-46f6-b416-e32a90d81acd,Las Vegas - Sahara Ave,catlg-38ca6ecd-a83c-4062-ba1d-493aaed389e0,Las Vegas - Sahara Ave Catalog,False,2026-04-30 21:02:49.973035,2026-05-27 21:02:05.762993,206301,itm-e0f880e0-27ca-4262-af71-d1398cfe008a,Waffle (a la carte),1,NULL,2,Item,,NULL,NULL,NULL,False,NULL,NULL,NULL,True,False,2026-04-30 21:03:47.149022,2026-05-21 13:21:57.385278,3.990,2026-04-30 21:03:48.927856,2026-05-04 10:44:02.324319,2026-05-29 03:11:38.75494,catlg-38ca6ecd-a83c-4062-ba1d-493aaed389e0,NULL,NULL
Houston Hot Chicken,org-490e23ce-6f23-4d3d-8544-8728f0965cfc,loc-247f5b1b-bacd-46f6-b416-e32a90d81acd,Las Vegas - Sahara Ave,catlg-38ca6ecd-a83c-4062-ba1d-493aaed389e0,Las Vegas - Sahara Ave Catalog,False,2026-04-30 21:02:49.973035,2026-05-27 21:02:05.762993,197911,itm-7d0f6aa9-a1d5-4ddb-ba1c-fd22ba4c01cd,Breast (a la carte),1,NULL,1,Item,,NULL,NULL,NULL,False,NULL,NULL,NULL,True,False,2026-04-30 21:03:47.149022,2026-05-21 13:21:57.259725,5.990,2026-04-30 21:03:48.932769,2026-05-04 10:44:02.324319,2026-05-29 03:11:38.75494,catlg-38ca6ecd-a83c-4062-ba1d-493aaed389e0,NULL,NULL
Houston Hot Chicken,org-490e23ce-6f23-4d3d-8544-8728f0965cfc,loc-247f5b1b-bacd-46f6-b416-e32a90d81acd,Las Vegas - Sahara Ave,catlg-38ca6ecd-a83c-4062-ba1d-493aaed389e0,Las Vegas - Sahara Ave Catalog,False,2026-04-30 21:02:49.973035,2026-05-27 21:02:05.762993,200716,itm-fa8d30b4-da90-4868-9bb5-71c73cd14232,Buns (a la carte),1,NULL,2,Item,,NULL,NULL,NULL,False,NULL,NULL,NULL,True,False,2026-04-30 21:03:47.149022,2026-05-21 13:21:57.369053,2.500,2026-04-30 21:03:48.937078,2026-05-04 10:44:02.324319,2026-05-29 03:11:38.75494,catlg-38ca6ecd-a83c-4062-ba1d-493aaed389e0,NULL,NULL
Houston Hot Chicken,org-490e23ce-6f23-4d3d-8544-8728f0965cfc,loc-247f5b1b-bacd-46f6-b416-e32a90d81acd,Las Vegas - Sahara Ave,catlg-38ca6ecd-a83c-4062-ba1d-493aaed389e0,Las Vegas - Sahara Ave Catalog,False,2026-04-30 21:02:49.973035,2026-05-27 21:02:05.762993,195571,itm-f5834eab-86df-401a-8202-9658d275a886,Cheesy Sandwich (a la carte),1,NULL,1,Item,,NULL,NULL,NULL,False,NULL,NULL,NULL,True,False,2026-04-30 21:03:47.149022,2026-05-21 13:21:57.386575,10.990,2026-04-30 21:03:48.941438,2026-05-04 10:44:02.324319,2026-05-29 03:11:38.75494,catlg-38ca6ecd-a83c-4062-ba1d-493aaed389e0,NULL,NULL
Houston Hot Chicken,org-490e23ce-6f23-4d3d-8544-8728f0965cfc,loc-247f5b1b-bacd-46f6-b416-e32a90d81acd,Las Vegas - Sahara Ave,catlg-38ca6ecd-a83c-4062-ba1d-493aaed389e0,Las Vegas - Sahara Ave Catalog,False,2026-04-30 21:02:49.973035,2026-05-27 21:02:05.762993,192386,itm-7399d120-57f8-4b6f-af49-1e1860c89721,Coleslaw (side),1,NULL,2,Item,,NULL,NULL,NULL,False,NULL,NULL,NULL,True,False,2026-04-30 21:03:47.149022,2026-05-21 13:21:57.387854,2.500,2026-04-30 21:03:48.945394,2026-05-04 10:44:02.324319,2026-05-29 03:11:38.75494,catlg-38ca6ecd-a83c-4062-ba1d-493aaed389e0,NULL,NULL
Houston Hot Chicken,org-490e23ce-6f23-4d3d-8544-8728f0965cfc,loc-247f5b1b-bacd-46f6-b416-e32a90d81acd,Las Vegas - Sahara Ave,catlg-38ca6ecd-a83c-4062-ba1d-493aaed389e0,Las Vegas - Sahara Ave Catalog,False,2026-04-30 21:02:49.973035,2026-05-27 21:02:05.762993,206379,itm-023e955a-7126-4df8-8a4d-113f524c109a,Pickles (side),1,NULL,2,Item,,NULL,NULL,NULL,False,NULL,NULL,NULL,True,False,2026-04-30 21:03:47.149022,2026-05-21 13:21:57.261082,2.500,2026-04-30 21:03:48.949635,2026-05-04 10:44:02.324319,2026-05-29 03:11:38.75494,catlg-38ca6ecd-a83c-4062-ba1d-493aaed389e0,NULL,NULL
Houston Hot Chicken,org-490e23ce-6f23-4d3d-8544-8728f0965cfc,loc-247f5b1b-bacd-46f6-b416-e32a90d81acd,Las Vegas - Sahara Ave,catlg-38ca6ecd-a83c-4062-ba1d-493aaed389e0,Las Vegas - Sahara Ave Catalog,False,2026-04-30 21:02:49.973035,2026-05-27 21:02:05.762993,196351,itm-55a64528-e91c-43c0-9578-819b1f3993fb,Classic Sandwich (a la carte),1,NULL,1,Item,,NULL,NULL,NULL,False,NULL,NULL,NULL,True,False,2026-04-30 21:03:47.149022,2026-05-21 13:21:57.370326,9.000,2026-04-30 21:03:48.954232,2026-05-04 10:44:02.324319,2026-05-29 03:11:38.75494,catlg-38ca6ecd-a83c-4062-ba1d-493aaed389e0,NULL,NULL
Houston Hot Chicken,org-490e23ce-6f23-4d3d-8544-8728f0965cfc,loc-247f5b1b-bacd-46f6-b416-e32a90d81acd,Las Vegas - Sahara Ave,catlg-38ca6ecd-a83c-4062-ba1d-493aaed389e0,Las Vegas - Sahara Ave Catalog,False,2026-04-30 21:02:49.973035,2026-05-27 21:02:05.762993,191830,itm-dc02be93-b85c-4857-9b9f-07aabaafd916,Original Sandwich (a la carte),1,NULL,1,Item,,NULL,NULL,NULL,False,NULL,NULL,NULL,True,False,2026-04-30 21:03:47.149022,2026-05-21 13:21:57.389151,10.000,2026-04-30 21:03:48.958385,2026-05-04 10:44:02.324319,2026-05-29 03:11:38.75494,catlg-38ca6ecd-a83c-4062-ba1d-493aaed389e0,NULL,NULL
Houston Hot Chicken,org-490e23ce-6f23-4d3d-8544-8728f0965cfc,loc-247f5b1b-bacd-46f6-b416-e32a90d81acd,Las Vegas - Sahara Ave,catlg-38ca6ecd-a83c-4062-ba1d-493aaed389e0,Las Vegas - Sahara Ave Catalog,False,2026-04-30 21:02:49.973035,2026-05-27 21:02:05.762993,194887,itm-09f1b8d9-c884-43c6-be37-722eb1acbbf9,Tender (a la carte),1,NULL,1,Item,,NULL,NULL,NULL,False,NULL,NULL,NULL,True,False,2026-04-30 21:03:47.149022,2026-05-21 13:21:57.390428,4.000,2026-04-30 21:03:48.962638,2026-05-04 10:44:02.324319,2026-05-29 03:11:38.75494,catlg-38ca6ecd-a83c-4062-ba1d-493aaed389e0,NULL,NULL
Houston Hot Chicken,org-490e23ce-6f23-4d3d-8544-8728f0965cfc,loc-247f5b1b-bacd-46f6-b416-e32a90d81acd,Las Vegas - Sahara Ave,catlg-38ca6ecd-a83c-4062-ba1d-493aaed389e0,Las Vegas - Sahara Ave Catalog,False,2026-04-30 21:02:49.973035,2026-05-27 21:02:05.762993,199733,itm-5e0ff2cc-a0b4-48d9-9c5d-27acf5002cbb,Small Fountain Drink,1,NULL,3,Item,,NULL,NULL,NULL,False,NULL,NULL,NULL,True,False,2026-04-30 21:03:47.149022,2026-05-21 13:21:57.313295,2.290,2026-04-30 21:03:48.966835,2026-05-04 10:44:02.324319,2026-05-29 03:11:38.75494,catlg-38ca6ecd-a83c-4062-ba1d-493aaed389e0,NULL,NULL
Houston Hot Chicken,org-490e23ce-6f23-4d3d-8544-8728f0965cfc,loc-247f5b1b-bacd-46f6-b416-e32a90d81acd,Las Vegas - Sahara Ave,catlg-38ca6ecd-a83c-4062-ba1d-493aaed389e0,Las Vegas - Sahara Ave Catalog,False,2026-04-30 21:02:49.973035,2026-05-27 21:02:05.762993,201380,itm-cf766216-9a78-43ff-b038-f8f6083a1f34,Regular Fountain Drink,1,NULL,3,Item,,NULL,NULL,NULL,False,NULL,NULL,NULL,True,False,2026-04-30 21:03:47.149022,2026-05-21 13:21:57.314619,2.990,2026-04-30 21:03:48.971652,2026-05-04 10:44:02.324319,2026-05-29 03:11:38.75494,catlg-38ca6ecd-a83c-4062-ba1d-493aaed389e0,NULL,NULL
Houston Hot Chicken,org-490e23ce-6f23-4d3d-8544-8728f0965cfc,loc-247f5b1b-bacd-46f6-b416-e32a90d81acd,Las Vegas - Sahara Ave,catlg-38ca6ecd-a83c-4062-ba1d-493aaed389e0,Las Vegas - Sahara Ave Catalog,False,2026-04-30 21:02:49.973035,2026-05-27 21:02:05.762993,201690,itm-64b4a6b7-00bc-4e7e-ab22-b2539f71d569,Chilled Cucumber Watermelon Lemonade,1,NULL,3,Item,,NULL,NULL,NULL,False,NULL,NULL,NULL,True,False,2026-04-30 21:03:47.149022,2026-05-21 13:21:57.28323,4.990,2026-04-30 21:03:48.98042,2026-05-04 10:44:02.324319,2026-05-29 03:11:38.75494,catlg-38ca6ecd-a83c-4062-ba1d-493aaed389e0,NULL,NULL
Houston Hot Chicken,org-490e23ce-6f23-4d3d-8544-8728f0965cfc,loc-247f5b1b-bacd-46f6-b416-e32a90d81acd,Las Vegas - Sahara Ave,catlg-38ca6ecd-a83c-4062-ba1d-493aaed389e0,Las Vegas - Sahara Ave Catalog,False,2026-04-30 21:02:49.973035,2026-05-27 21:02:05.762993,202085,itm-abac2174-666d-4765-bc0e-578be9c3e9ec,Chilled Strawberry Hibiscus Lemonade,1,NULL,3,Item,,NULL,NULL,NULL,False,NULL,NULL,NULL,True,False,2026-04-30 21:03:47.149022,2026-05-21 13:21:57.315874,4.990,2026-04-30 21:03:48.985556,2026-05-04 10:44:02.324319,2026-05-29 03:11:38.75494,catlg-38ca6ecd-a83c-4062-ba1d-493aaed389e0,NULL,NULL
Houston Hot Chicken,org-490e23ce-6f23-4d3d-8544-8728f0965cfc,loc-247f5b1b-bacd-46f6-b416-e32a90d81acd,Las Vegas - Sahara Ave,catlg-38ca6ecd-a83c-4062-ba1d-493aaed389e0,Las Vegas - Sahara Ave Catalog,False,2026-04-30 21:02:49.973035,2026-05-27 21:02:05.762993,200754,itm-742027cd-30e2-4266-845d-76b4f612f1f1,Frozen Blueberry Lavender Lemonade,1,NULL,3,Item,,NULL,NULL,NULL,False,NULL,NULL,NULL,True,False,2026-04-30 21:03:47.149022,2026-05-21 13:21:57.317179,5.990,2026-04-30 21:03:48.989911,2026-05-04 10:44:02.324319,2026-05-29 03:11:38.75494,catlg-38ca6ecd-a83c-4062-ba1d-493aaed389e0,NULL,NULL
Houston Hot Chicken,org-490e23ce-6f23-4d3d-8544-8728f0965cfc,loc-247f5b1b-bacd-46f6-b416-e32a90d81acd,Las Vegas - Sahara Ave,catlg-38ca6ecd-a83c-4062-ba1d-493aaed389e0,Las Vegas - Sahara Ave Catalog,False,2026-04-30 21:02:49.973035,2026-05-27 21:02:05.762993,203412,itm-265a0c1e-1c67-45b1-ade4-1df8ea9adae9,Frozen Cucumber Watermelon Lemonade,1,NULL,3,Item,,NULL,NULL,NULL,False,NULL,NULL,NULL,True,False,2026-04-30 21:03:47.149022,2026-05-21 13:21:57.371531,5.990,2026-04-30 21:03:48.993825,2026-05-04 10:44:02.324319,2026-05-29 03:11:38.75494,catlg-38ca6ecd-a83c-4062-ba1d-493aaed389e0,NULL,NULL
Houston Hot Chicken,org-490e23ce-6f23-4d3d-8544-8728f0965cfc,loc-247f5b1b-bacd-46f6-b416-e32a90d81acd,Las Vegas - Sahara Ave,catlg-38ca6ecd-a83c-4062-ba1d-493aaed389e0,Las Vegas - Sahara Ave Catalog,False,2026-04-30 21:02:49.973035,2026-05-27 21:02:05.762993,197355,itm-d0e4e5b0-9335-4cfa-9294-ddaf4abd4fbc,Frozen Strawberry Hibiscus Lemonade,1,NULL,3,Item,,NULL,NULL,NULL,False,NULL,NULL,NULL,True,False,2026-04-30 21:03:47.149022,2026-05-21 13:21:57.284512,5.990,2026-04-30 21:03:48.998102,2026-05-04 10:44:02.324319,2026-05-29 03:11:38.75494,catlg-38ca6ecd-a83c-4062-ba1d-493aaed389e0,NULL,NULL
Houston Hot Chicken,org-490e23ce-6f23-4d3d-8544-8728f0965cfc,loc-247f5b1b-bacd-46f6-b416-e32a90d81acd,Las Vegas - Sahara Ave,catlg-38ca6ecd-a83c-4062-ba1d-493aaed389e0,Las Vegas - Sahara Ave Catalog,False,2026-04-30 21:02:49.973035,2026-05-27 21:02:05.762993,194702,itm-67dd0dab-9210-4290-8bde-3f3396c92488,Frozen Regular Lemonade,1,NULL,3,Item,,NULL,NULL,NULL,False,NULL,NULL,NULL,True,False,2026-04-30 21:03:47.149022,2026-05-21 13:21:57.262412,5.990,2026-04-30 21:03:49.002191,2026-05-04 10:44:02.324319,2026-05-29 03:11:38.75494,catlg-38ca6ecd-a83c-4062-ba1d-493aaed389e0,NULL,NULL
Houston Hot Chicken,org-490e23ce-6f23-4d3d-8544-8728f0965cfc,loc-247f5b1b-bacd-46f6-b416-e32a90d81acd,Las Vegas - Sahara Ave,catlg-38ca6ecd-a83c-4062-ba1d-493aaed389e0,Las Vegas - Sahara Ave Catalog,False,2026-04-30 21:02:49.973035,2026-05-27 21:02:05.762993,204215,itm-8ac0dd00-153c-464d-a179-bfea2a599751,Pellegrino Sparkling,1,NULL,3,Item,,NULL,NULL,NULL,False,NULL,NULL,NULL,True,False,2026-04-30 21:03:47.149022,2026-05-21 13:21:57.374052,2.500,2026-04-30 21:03:49.010973,2026-05-04 10:44:02.324319,2026-05-29 03:11:38.75494,catlg-38ca6ecd-a83c-4062-ba1d-493aaed389e0,NULL,NULL
Houston Hot Chicken,org-490e23ce-6f23-4d3d-8544-8728f0965cfc,loc-247f5b1b-bacd-46f6-b416-e32a90d81acd,Las Vegas - Sahara Ave,catlg-38ca6ecd-a83c-4062-ba1d-493aaed389e0,Las Vegas - Sahara Ave Catalog,False,2026-04-30 21:02:49.973035,2026-05-27 21:02:05.762993,193182,itm-b8d2849c-4494-40ea-99d9-cca998ccd460,Kids Honest Juice,1,NULL,3,Item,,NULL,NULL,NULL,False,NULL,NULL,NULL,True,False,2026-04-30 21:03:47.149022,2026-05-21 13:21:57.375353,1.500,2026-04-30 21:03:49.015514,2026-05-04 10:44:02.324319,2026-05-29 03:11:38.75494,catlg-38ca6ecd-a83c-4062-ba1d-493aaed389e0,NULL,NULL
Houston Hot Chicken,org-490e23ce-6f23-4d3d-8544-8728f0965cfc,loc-247f5b1b-bacd-46f6-b416-e32a90d81acd,Las Vegas - Sahara Ave,catlg-38ca6ecd-a83c-4062-ba1d-493aaed389e0,Las Vegas - Sahara Ave Catalog,False,2026-04-30 21:02:49.973035,2026-05-27 21:02:05.762993,198880,itm-2f61d789-7377-4b45-9465-6d83d31f17e9,Lemonade Refill,1,NULL,3,Item,,NULL,NULL,NULL,False,NULL,NULL,NULL,False,False,2026-04-30 21:03:47.149022,2026-05-21 13:21:57.29497,2.000,2026-04-30 21:03:49.020249,2026-05-04 10:44:02.324319,2026-05-29 03:11:38.75494,catlg-38ca6ecd-a83c-4062-ba1d-493aaed389e0,NULL,NULL
Houston Hot Chicken,org-490e23ce-6f23-4d3d-8544-8728f0965cfc,loc-247f5b1b-bacd-46f6-b416-e32a90d81acd,Las Vegas - Sahara Ave,catlg-38ca6ecd-a83c-4062-ba1d-493aaed389e0,Las Vegas - Sahara Ave Catalog,False,2026-04-30 21:02:49.973035,2026-05-27 21:02:05.762993,206368,itm-d5d92eef-34dd-406e-aa66-d09c9d733264,Milkshake Vanilla,1,NULL,3,Item,,NULL,NULL,NULL,False,NULL,NULL,NULL,True,False,2026-04-30 21:03:47.149022,2026-05-21 13:21:57.263664,4.990,2026-04-30 21:03:49.025068,2026-05-04 10:44:02.324319,2026-05-29 03:11:38.75494,catlg-38ca6ecd-a83c-4062-ba1d-493aaed389e0,NULL,NULL
Houston Hot Chicken,org-490e23ce-6f23-4d3d-8544-8728f0965cfc,loc-247f5b1b-bacd-46f6-b416-e32a90d81acd,Las Vegas - Sahara Ave,catlg-38ca6ecd-a83c-4062-ba1d-493aaed389e0,Las Vegas - Sahara Ave Catalog,False,2026-04-30 21:02:49.973035,2026-05-27 21:02:05.762993,197785,itm-f689500a-838f-40a8-8d2d-4f957ba773ef,Milkshake Chocolate,1,NULL,3,Item,,NULL,NULL,NULL,False,NULL,NULL,NULL,True,False,2026-04-30 21:03:47.149022,2026-05-21 13:21:57.318474,4.990,2026-04-30 21:03:49.030005,2026-05-04 10:44:02.324319,2026-05-29 03:11:38.75494,catlg-38ca6ecd-a83c-4062-ba1d-493aaed389e0,NULL,NULL
Houston Hot Chicken,org-490e23ce-6f23-4d3d-8544-8728f0965cfc,loc-247f5b1b-bacd-46f6-b416-e32a90d81acd,Las Vegas - Sahara Ave,catlg-38ca6ecd-a83c-4062-ba1d-493aaed389e0,Las Vegas - Sahara Ave Catalog,False,2026-04-30 21:02:49.973035,2026-05-27 21:02:05.762993,198290,itm-635f510f-2e40-4970-95eb-73aadc81f134,Milkshake Strawberry,1,NULL,3,Item,,NULL,NULL,NULL,False,NULL,NULL,NULL,True,False,2026-04-30 21:03:47.149022,2026-05-21 13:21:57.376646,4.990,2026-04-30 21:03:49.035652,2026-05-04 10:44:02.324319,2026-05-29 03:11:38.75494,catlg-38ca6ecd-a83c-4062-ba1d-493aaed389e0,NULL,NULL
Houston Hot Chicken,org-490e23ce-6f23-4d3d-8544-8728f0965cfc,loc-247f5b1b-bacd-46f6-b416-e32a90d81acd,Las Vegas - Sahara Ave,catlg-38ca6ecd-a83c-4062-ba1d-493aaed389e0,Las Vegas - Sahara Ave Catalog,False,2026-04-30 21:02:49.973035,2026-05-27 21:02:05.762993,202137,itm-7dc7ab62-9993-493b-8adf-af6b022bcb28,Shake N' Waffle,1,NULL,4,Item,,NULL,NULL,NULL,False,NULL,NULL,NULL,True,False,2026-04-30 21:03:47.149022,2026-05-21 13:21:57.285837,6.500,2026-04-30 21:03:49.04021,2026-05-04 10:44:02.324319,2026-05-29 03:11:38.75494,catlg-38ca6ecd-a83c-4062-ba1d-493aaed389e0,NULL,NULL
Houston Hot Chicken,org-490e23ce-6f23-4d3d-8544-8728f0965cfc,loc-247f5b1b-bacd-46f6-b416-e32a90d81acd,Las Vegas - Sahara Ave,catlg-38ca6ecd-a83c-4062-ba1d-493aaed389e0,Las Vegas - Sahara Ave Catalog,False,2026-04-30 21:02:49.973035,2026-05-27 21:02:05.762993,197622,itm-f17cc306-5399-4285-a597-0f036eb3edd2,Chocolate Chip Wheely,1,NULL,4,Item,,NULL,NULL,NULL,False,NULL,NULL,NULL,True,False,2026-04-30 21:03:47.149022,2026-05-21 13:21:57.340177,3.950,2026-04-30 21:03:49.044301,2026-05-04 10:44:02.324319,2026-05-29 03:11:38.75494,catlg-38ca6ecd-a83c-4062-ba1d-493aaed389e0,NULL,NULL
Houston Hot Chicken,org-490e23ce-6f23-4d3d-8544-8728f0965cfc,loc-247f5b1b-bacd-46f6-b416-e32a90d81acd,Las Vegas - Sahara Ave,catlg-38ca6ecd-a83c-4062-ba1d-493aaed389e0,Las Vegas - Sahara Ave Catalog,False,2026-04-30 21:02:49.973035,2026-05-27 21:02:05.762993,195832,itm-8eb0c359-0b96-4af2-a35b-38f15363f991,Cookie Monster Wheely,1,NULL,4,Item,,NULL,NULL,NULL,False,NULL,NULL,NULL,True,False,2026-04-30 21:03:47.149022,2026-05-21 13:21:57.264936,3.950,2026-04-30 21:03:49.048693,2026-05-04 10:44:02.324319,2026-05-29 03:11:38.75494,catlg-38ca6ecd-a83c-4062-ba1d-493aaed389e0,NULL,NULL
Houston Hot Chicken,org-490e23ce-6f23-4d3d-8544-8728f0965cfc,loc-247f5b1b-bacd-46f6-b416-e32a90d81acd,Las Vegas - Sahara Ave,catlg-38ca6ecd-a83c-4062-ba1d-493aaed389e0,Las Vegas - Sahara Ave Catalog,False,2026-04-30 21:02:49.973035,2026-05-27 21:02:05.762993,206439,itm-cf45b34c-27f8-45ae-95cb-1d118f529844,House Sauce (2 oz),1,NULL,2,Item,,NULL,NULL,NULL,False,NULL,NULL,NULL,True,False,2026-04-30 21:03:47.149022,2026-05-21 13:21:57.341489,1.000,2026-04-30 21:03:49.057732,2026-05-04 10:44:02.324319,2026-05-29 03:11:38.75494,catlg-38ca6ecd-a83c-4062-ba1d-493aaed389e0,NULL,NULL
Houston Hot Chicken,org-490e23ce-6f23-4d3d-8544-8728f0965cfc,loc-247f5b1b-bacd-46f6-b416-e32a90d81acd,Las Vegas - Sahara Ave,catlg-38ca6ecd-a83c-4062-ba1d-493aaed389e0,Las Vegas - Sahara Ave Catalog,False,2026-04-30 21:02:49.973035,2026-05-27 21:02:05.762993,196699,itm-7e8905bb-0ce9-4143-b35e-308249b92d3d,Ranch (2 oz),1,NULL,7,Item,,NULL,NULL,NULL,False,NULL,NULL,NULL,True,False,2026-04-30 21:03:47.149022,2026-05-21 13:21:57.342698,1.000,2026-04-30 21:03:49.062237,2026-05-04 10:44:02.324319,2026-05-29 03:11:38.75494,catlg-38ca6ecd-a83c-4062-ba1d-493aaed389e0,NULL,NULL
Houston Hot Chicken,org-490e23ce-6f23-4d3d-8544-8728f0965cfc,loc-247f5b1b-bacd-46f6-b416-e32a90d81acd,Las Vegas - Sahara Ave,catlg-38ca6ecd-a83c-4062-ba1d-493aaed389e0,Las Vegas - Sahara Ave Catalog,False,2026-04-30 21:02:49.973035,2026-05-27 21:02:05.762993,193442,itm-1b870835-1679-493e-a4b1-72b90bb9e110,Cheese Sauce (2 oz),1,NULL,7,Item,,NULL,NULL,NULL,False,NULL,NULL,NULL,True,False,2026-04-30 21:03:47.149022,2026-05-21 13:21:57.320665,1.500,2026-04-30 21:03:49.066739,2026-05-04 10:44:02.324319,2026-05-29 03:11:38.75494,catlg-38ca6ecd-a83c-4062-ba1d-493aaed389e0,NULL,NULL
Houston Hot Chicken,org-490e23ce-6f23-4d3d-8544-8728f0965cfc,loc-247f5b1b-bacd-46f6-b416-e32a90d81acd,Las Vegas - Sahara Ave,catlg-38ca6ecd-a83c-4062-ba1d-493aaed389e0,Las Vegas - Sahara Ave Catalog,False,2026-04-30 21:02:49.973035,2026-05-27 21:02:05.762993,206349,itm-7755c8a4-f154-4028-bc6d-c96ada39f497,BBQ Sauce (2 oz),1,NULL,7,Item,,NULL,NULL,NULL,False,NULL,NULL,NULL,True,False,2026-04-30 21:03:47.149022,2026-05-21 13:21:57.391781,1.000,2026-04-30 21:03:49.073012,2026-05-04 10:44:02.324319,2026-05-29 03:11:38.75494,catlg-38ca6ecd-a83c-4062-ba1d-493aaed389e0,NULL,NULL
Houston Hot Chicken,org-490e23ce-6f23-4d3d-8544-8728f0965cfc,loc-247f5b1b-bacd-46f6-b416-e32a90d81acd,Las Vegas - Sahara Ave,catlg-38ca6ecd-a83c-4062-ba1d-493aaed389e0,Las Vegas - Sahara Ave Catalog,False,2026-04-30 21:02:49.973035,2026-05-27 21:02:05.762993,203011,itm-d0a43c8a-6ee2-4760-9bdf-944d9d40a7f5,Caesar Dressing (2 oz),1,NULL,7,Item,,NULL,NULL,NULL,False,NULL,NULL,NULL,True,False,2026-04-30 21:03:47.149022,2026-05-21 13:21:57.393,1.000,2026-04-30 21:03:49.077965,2026-05-04 10:44:02.324319,2026-05-29 03:11:38.75494,catlg-38ca6ecd-a83c-4062-ba1d-493aaed389e0,NULL,NULL
Houston Hot Chicken,org-490e23ce-6f23-4d3d-8544-8728f0965cfc,loc-247f5b1b-bacd-46f6-b416-e32a90d81acd,Las Vegas - Sahara Ave,catlg-38ca6ecd-a83c-4062-ba1d-493aaed389e0,Las Vegas - Sahara Ave Catalog,False,2026-04-30 21:02:49.973035,2026-05-27 21:02:05.762993,200612,itm-b7f99392-4c63-40de-ba96-1b880b6949ae,Large Cheese Sauce (8oz),1,NULL,7,Item,,NULL,NULL,NULL,False,NULL,NULL,NULL,True,False,2026-04-30 21:03:47.149022,2026-05-21 13:21:57.267689,4.000,2026-04-30 21:03:49.086073,2026-05-04 10:44:02.324319,2026-05-29 03:11:38.75494,catlg-38ca6ecd-a83c-4062-ba1d-493aaed389e0,NULL,NULL
Houston Hot Chicken,org-490e23ce-6f23-4d3d-8544-8728f0965cfc,loc-247f5b1b-bacd-46f6-b416-e32a90d81acd,Las Vegas - Sahara Ave,catlg-38ca6ecd-a83c-4062-ba1d-493aaed389e0,Las Vegas - Sahara Ave Catalog,False,2026-04-30 21:02:49.973035,2026-05-27 21:02:05.762993,199805,itm-55279e4f-ee48-4401-a668-125e821d526c,Large Ranch (8oz),1,NULL,7,Item,,NULL,NULL,NULL,False,NULL,NULL,NULL,True,False,2026-04-30 21:03:47.149022,2026-05-21 13:21:57.322006,4.000,2026-04-30 21:03:49.090052,2026-05-04 10:44:02.324319,2026-05-29 03:11:38.75494,catlg-38ca6ecd-a83c-4062-ba1d-493aaed389e0,NULL,NULL
Houston Hot Chicken,org-490e23ce-6f23-4d3d-8544-8728f0965cfc,loc-247f5b1b-bacd-46f6-b416-e32a90d81acd,Las Vegas - Sahara Ave,catlg-38ca6ecd-a83c-4062-ba1d-493aaed389e0,Las Vegas - Sahara Ave Catalog,False,2026-04-30 21:02:49.973035,2026-05-27 21:02:05.762993,205535,itm-27714f9e-2c39-41ca-9662-4a447501668d,Large House Sauce (8oz),1,NULL,7,Item,,NULL,NULL,NULL,False,NULL,NULL,NULL,True,False,2026-04-30 21:03:47.149022,2026-05-21 13:21:57.323294,4.000,2026-04-30 21:03:49.0943,2026-05-04 10:44:02.324319,2026-05-29 03:11:38.75494,catlg-38ca6ecd-a83c-4062-ba1d-493aaed389e0,NULL,NULL
Houston Hot Chicken,org-490e23ce-6f23-4d3d-8544-8728f0965cfc,loc-247f5b1b-bacd-46f6-b416-e32a90d81acd,Las Vegas - Sahara Ave,catlg-38ca6ecd-a83c-4062-ba1d-493aaed389e0,Las Vegas - Sahara Ave Catalog,False,2026-04-30 21:02:49.973035,2026-05-27 21:02:05.762993,199245,itm-bbac9095-53cb-4b4e-8e01-356fab72b611,Honey (1 oz),1,NULL,7,Item,,NULL,NULL,NULL,False,NULL,NULL,NULL,True,False,2026-04-30 21:03:47.149022,2026-05-21 13:21:57.287141,0.500,2026-04-30 21:03:49.098358,2026-05-04 10:44:02.324319,2026-05-29 03:11:38.75494,catlg-38ca6ecd-a83c-4062-ba1d-493aaed389e0,NULL,NULL
Houston Hot Chicken,org-490e23ce-6f23-4d3d-8544-8728f0965cfc,loc-247f5b1b-bacd-46f6-b416-e32a90d81acd,Las Vegas - Sahara Ave,catlg-38ca6ecd-a83c-4062-ba1d-493aaed389e0,Las Vegas - Sahara Ave Catalog,False,2026-04-30 21:02:49.973035,2026-05-27 21:02:05.762993,202415,itm-2d89fc90-7566-436c-80f1-147a68cafaff,Buffalo Sauce (2oz),1,NULL,7,Item,,NULL,NULL,NULL,False,NULL,NULL,NULL,True,False,2026-04-30 21:03:47.149022,2026-05-21 13:21:57.268895,1.000,2026-04-30 21:03:49.113148,2026-05-04 10:44:02.324319,2026-05-29 03:11:38.75494,catlg-38ca6ecd-a83c-4062-ba1d-493aaed389e0,NULL,NULL
Houston Hot Chicken,org-490e23ce-6f23-4d3d-8544-8728f0965cfc,loc-247f5b1b-bacd-46f6-b416-e32a90d81acd,Las Vegas - Sahara Ave,catlg-38ca6ecd-a83c-4062-ba1d-493aaed389e0,Las Vegas - Sahara Ave Catalog,False,2026-04-30 21:02:49.973035,2026-05-27 21:02:05.762993,197607,itm-c77875a4-a53d-453d-9415-3486bb64d6c4,HWHAP Original Hot Chicken Sandwich Meal,1,NULL,5,Item,,NULL,NULL,NULL,False,NULL,NULL,NULL,True,False,2026-04-30 21:03:47.149022,2026-05-21 13:21:57.325874,14.990,2026-04-30 21:03:49.117334,2026-05-04 10:44:02.324319,2026-05-29 03:11:38.75494,catlg-38ca6ecd-a83c-4062-ba1d-493aaed389e0,NULL,NULL
Houston Hot Chicken,org-490e23ce-6f23-4d3d-8544-8728f0965cfc,loc-247f5b1b-bacd-46f6-b416-e32a90d81acd,Las Vegas - Sahara Ave,catlg-38ca6ecd-a83c-4062-ba1d-493aaed389e0,Las Vegas - Sahara Ave Catalog,False,2026-04-30 21:02:49.973035,2026-05-27 21:02:05.762993,199052,itm-65d1f339-17f1-4e71-b4e3-466f2d45cc3f,HWHAP Cheesy Hot Chicken Sandwich Meal,1,NULL,5,Item,,NULL,NULL,NULL,False,NULL,NULL,NULL,True,False,2026-04-30 21:03:47.149022,2026-05-21 13:21:57.327147,15.990,2026-04-30 21:03:49.121314,2026-05-04 10:44:02.324319,2026-05-29 03:11:38.75494,catlg-38ca6ecd-a83c-4062-ba1d-493aaed389e0,NULL,NULL
Houston Hot Chicken,org-490e23ce-6f23-4d3d-8544-8728f0965cfc,loc-247f5b1b-bacd-46f6-b416-e32a90d81acd,Las Vegas - Sahara Ave,catlg-38ca6ecd-a83c-4062-ba1d-493aaed389e0,Las Vegas - Sahara Ave Catalog,False,2026-04-30 21:02:49.973035,2026-05-27 21:02:05.762993,192686,itm-529fcf3f-ed47-4a66-8851-a546037ebef7,HWHAP Sandwich & Tender Meal,1,NULL,5,Item,,NULL,NULL,NULL,False,NULL,NULL,NULL,True,False,2026-04-30 21:03:47.149022,2026-05-21 13:21:57.345286,16.990,2026-04-30 21:03:49.131964,2026-05-04 10:44:02.324319,2026-05-29 03:11:38.75494,catlg-38ca6ecd-a83c-4062-ba1d-493aaed389e0,NULL,NULL
Houston Hot Chicken,org-490e23ce-6f23-4d3d-8544-8728f0965cfc,loc-247f5b1b-bacd-46f6-b416-e32a90d81acd,Las Vegas - Sahara Ave,catlg-38ca6ecd-a83c-4062-ba1d-493aaed389e0,Las Vegas - Sahara Ave Catalog,False,2026-04-30 21:02:49.973035,2026-05-27 21:02:05.762993,196000,itm-e6a589af-150a-472c-8389-9acd1b67033d,HWHAP 2 Tender Meal,1,NULL,5,Item,,NULL,NULL,NULL,False,NULL,NULL,NULL,True,False,2026-04-30 21:03:47.149022,2026-05-21 13:21:57.328354,12.990,2026-04-30 21:03:49.135951,2026-05-04 10:44:02.324319,2026-05-29 03:11:38.75494,catlg-38ca6ecd-a83c-4062-ba1d-493aaed389e0,NULL,NULL
Houston Hot Chicken,org-490e23ce-6f23-4d3d-8544-8728f0965cfc,loc-247f5b1b-bacd-46f6-b416-e32a90d81acd,Las Vegas - Sahara Ave,catlg-38ca6ecd-a83c-4062-ba1d-493aaed389e0,Las Vegas - Sahara Ave Catalog,False,2026-04-30 21:02:49.973035,2026-05-27 21:02:05.762993,205704,itm-4267a0b0-1073-4239-bb7f-ed49a8ec52bc,HWHAP 3 Tenders and Fries Meal,1,NULL,5,Item,,NULL,NULL,NULL,False,NULL,NULL,NULL,True,False,2026-04-30 21:03:47.149022,2026-05-21 13:21:57.329823,15.990,2026-04-30 21:03:49.139734,2026-05-04 10:44:02.324319,2026-05-29 03:11:38.75494,catlg-38ca6ecd-a83c-4062-ba1d-493aaed389e0,NULL,NULL
Houston Hot Chicken,org-490e23ce-6f23-4d3d-8544-8728f0965cfc,loc-247f5b1b-bacd-46f6-b416-e32a90d81acd,Las Vegas - Sahara Ave,catlg-38ca6ecd-a83c-4062-ba1d-493aaed389e0,Las Vegas - Sahara Ave Catalog,False,2026-04-30 21:02:49.973035,2026-05-27 21:02:05.762993,195916,itm-b9baf312-9727-44f3-9e6d-1ee3f9f89984,Tenders and Waffle,1,NULL,5,Item,,NULL,NULL,NULL,False,NULL,NULL,NULL,True,False,2026-04-30 21:03:47.149022,2026-05-21 13:21:57.270199,14.990,2026-04-30 21:03:49.145072,2026-05-04 10:44:02.324319,2026-05-29 03:11:38.75494,catlg-38ca6ecd-a83c-4062-ba1d-493aaed389e0,NULL,NULL
Houston Hot Chicken,org-490e23ce-6f23-4d3d-8544-8728f0965cfc,loc-247f5b1b-bacd-46f6-b416-e32a90d81acd,Las Vegas - Sahara Ave,catlg-38ca6ecd-a83c-4062-ba1d-493aaed389e0,Las Vegas - Sahara Ave Catalog,False,2026-04-30 21:02:49.973035,2026-05-27 21:02:05.762993,198556,itm-cf243093-ce28-4592-993c-4d6858a445b3,HWHAP Tenders and Slaw,1,NULL,5,Item,,NULL,NULL,NULL,False,NULL,NULL,NULL,True,False,2026-04-30 21:03:47.149022,2026-05-21 13:21:57.271455,13.990,2026-04-30 21:03:49.149466,2026-05-04 10:44:02.324319,2026-05-29 03:11:38.75494,catlg-38ca6ecd-a83c-4062-ba1d-493aaed389e0,NULL,NULL
Houston Hot Chicken,org-490e23ce-6f23-4d3d-8544-8728f0965cfc,loc-247f5b1b-bacd-46f6-b416-e32a90d81acd,Las Vegas - Sahara Ave,catlg-38ca6ecd-a83c-4062-ba1d-493aaed389e0,Las Vegas - Sahara Ave Catalog,False,2026-04-30 21:02:49.973035,2026-05-27 21:02:05.762993,191820,itm-c86107cf-6643-4a8a-9d27-076ba4cc7805,HWHAP Texas Caesar Salad,1,NULL,1,Item,,NULL,NULL,NULL,False,NULL,NULL,NULL,True,False,2026-04-30 21:03:47.149022,2026-05-21 13:21:57.331125,15.990,2026-04-30 21:03:49.153915,2026-05-04 10:44:02.324319,2026-05-29 03:11:38.75494,catlg-38ca6ecd-a83c-4062-ba1d-493aaed389e0,NULL,NULL
Houston Hot Chicken,org-490e23ce-6f23-4d3d-8544-8728f0965cfc,loc-247f5b1b-bacd-46f6-b416-e32a90d81acd,Las Vegas - Sahara Ave,catlg-38ca6ecd-a83c-4062-ba1d-493aaed389e0,Las Vegas - Sahara Ave Catalog,False,2026-04-30 21:02:49.973035,2026-05-27 21:02:05.762993,196919,itm-2380aab7-2ca4-4100-81c9-d1d2bc2c4426,HWHAP Southwest Salad,1,NULL,1,Item,,NULL,NULL,NULL,False,NULL,NULL,NULL,True,False,2026-04-30 21:03:47.149022,2026-05-21 13:21:57.332405,15.990,2026-04-30 21:03:49.158502,2026-05-04 10:44:02.324319,2026-05-29 03:11:38.75494,catlg-38ca6ecd-a83c-4062-ba1d-493aaed389e0,NULL,NULL
Houston Hot Chicken,org-490e23ce-6f23-4d3d-8544-8728f0965cfc,loc-247f5b1b-bacd-46f6-b416-e32a90d81acd,Las Vegas - Sahara Ave,catlg-38ca6ecd-a83c-4062-ba1d-493aaed389e0,Las Vegas - Sahara Ave Catalog,False,2026-04-30 21:02:49.973035,2026-05-27 21:02:05.762993,198570,itm-fba95a18-dc12-4423-a90d-9459ad0ac01b,HWHAP Loaded Fries,1,NULL,2,Item,,NULL,NULL,NULL,False,NULL,NULL,NULL,True,False,2026-04-30 21:03:47.149022,2026-05-21 13:21:57.347028,14.990,2026-04-30 21:03:49.162295,2026-05-04 10:44:02.324319,2026-05-29 03:11:38.75494,catlg-38ca6ecd-a83c-4062-ba1d-493aaed389e0,NULL,NULL
Houston Hot Chicken,org-490e23ce-6f23-4d3d-8544-8728f0965cfc,loc-247f5b1b-bacd-46f6-b416-e32a90d81acd,Las Vegas - Sahara Ave,catlg-38ca6ecd-a83c-4062-ba1d-493aaed389e0,Las Vegas - Sahara Ave Catalog,False,2026-04-30 21:02:49.973035,2026-05-27 21:02:05.762993,203991,itm-62206fac-14b6-4163-a83e-136aa4e02c6a,HWHAP Fusion Fries,1,NULL,2,Item,,NULL,NULL,NULL,False,NULL,NULL,NULL,True,False,2026-04-30 21:03:47.149022,2026-05-21 13:21:57.272789,16.990,2026-04-30 21:03:49.166854,2026-05-04 10:44:02.324319,2026-05-29 03:11:38.75494,catlg-38ca6ecd-a83c-4062-ba1d-493aaed389e0,NULL,NULL
Houston Hot Chicken,org-490e23ce-6f23-4d3d-8544-8728f0965cfc,loc-247f5b1b-bacd-46f6-b416-e32a90d81acd,Las Vegas - Sahara Ave,catlg-38ca6ecd-a83c-4062-ba1d-493aaed389e0,Las Vegas - Sahara Ave Catalog,False,2026-04-30 21:02:49.973035,2026-05-27 21:02:05.762993,206124,itm-b95bcae7-e2e8-4c7c-95b3-0e8b0b65ffc6,HWHAP 10 pc Nugget Meal,1,NULL,5,Item,,NULL,NULL,NULL,False,NULL,NULL,NULL,True,False,2026-04-30 21:03:47.149022,2026-05-21 13:21:57.333657,13.990,2026-04-30 21:03:49.170968,2026-05-04 10:44:02.324319,2026-05-29 03:11:38.75494,catlg-38ca6ecd-a83c-4062-ba1d-493aaed389e0,NULL,NULL
Houston Hot Chicken,org-490e23ce-6f23-4d3d-8544-8728f0965cfc,loc-247f5b1b-bacd-46f6-b416-e32a90d81acd,Las Vegas - Sahara Ave,catlg-38ca6ecd-a83c-4062-ba1d-493aaed389e0,Las Vegas - Sahara Ave Catalog,False,2026-04-30 21:02:49.973035,2026-05-27 21:02:05.762993,194313,itm-4f698cbf-da77-4dba-bf83-5b80435262aa,HWHAP 15 pc Nugget Meal,1,NULL,5,Item,,NULL,NULL,NULL,False,NULL,NULL,NULL,True,False,2026-04-30 21:03:47.149022,2026-05-21 13:21:57.348234,15.990,2026-04-30 21:03:49.175287,2026-05-04 10:44:02.324319,2026-05-29 03:11:38.75494,catlg-38ca6ecd-a83c-4062-ba1d-493aaed389e0,NULL,NULL
Houston Hot Chicken,org-490e23ce-6f23-4d3d-8544-8728f0965cfc,loc-247f5b1b-bacd-46f6-b416-e32a90d81acd,Las Vegas - Sahara Ave,catlg-38ca6ecd-a83c-4062-ba1d-493aaed389e0,Las Vegas - Sahara Ave Catalog,False,2026-04-30 21:02:49.973035,2026-05-27 21:02:05.762993,204436,itm-cb9013fc-a6fd-46d6-9054-135c2ff9cfe6,HWHAP SPICE CHALLENGE,1,NULL,5,Item,,NULL,NULL,NULL,False,NULL,NULL,NULL,True,False,2026-04-30 21:03:47.149022,2026-05-21 13:21:57.349462,12.000,2026-04-30 21:03:49.18001,2026-05-04 10:44:02.324319,2026-05-29 03:11:38.75494,catlg-38ca6ecd-a83c-4062-ba1d-493aaed389e0,NULL,NULL
Houston Hot Chicken,org-490e23ce-6f23-4d3d-8544-8728f0965cfc,loc-247f5b1b-bacd-46f6-b416-e32a90d81acd,Las Vegas - Sahara Ave,catlg-38ca6ecd-a83c-4062-ba1d-493aaed389e0,Las Vegas - Sahara Ave Catalog,False,2026-04-30 21:02:49.973035,2026-05-27 21:02:05.762993,198780,itm-e03c586b-ba68-4bd8-b968-b440da47d8b9,HWHAP Cheesy Sandwich (a la carte),1,NULL,1,Item,,NULL,NULL,NULL,False,NULL,NULL,NULL,True,False,2026-04-30 21:03:47.149022,2026-05-21 13:21:57.3943,12.990,2026-04-30 21:03:49.186654,2026-05-04 10:44:02.324319,2026-05-29 03:11:38.75494,catlg-38ca6ecd-a83c-4062-ba1d-493aaed389e0,NULL,NULL
Houston Hot Chicken,org-490e23ce-6f23-4d3d-8544-8728f0965cfc,loc-247f5b1b-bacd-46f6-b416-e32a90d81acd,Las Vegas - Sahara Ave,catlg-38ca6ecd-a83c-4062-ba1d-493aaed389e0,Las Vegas - Sahara Ave Catalog,False,2026-04-30 21:02:49.973035,2026-05-27 21:02:05.762993,202380,itm-9e8e960c-f3c8-43ac-bb9a-0af046ce9d1c,HWHAP Tender (a la carte),1,NULL,1,Item,,NULL,NULL,NULL,False,NULL,NULL,NULL,True,False,2026-04-30 21:03:47.149022,2026-05-21 13:21:57.274072,5.990,2026-04-30 21:03:49.191522,2026-05-04 10:44:02.324319,2026-05-29 03:11:38.75494,catlg-38ca6ecd-a83c-4062-ba1d-493aaed389e0,NULL,NULL
Houston Hot Chicken,org-490e23ce-6f23-4d3d-8544-8728f0965cfc,loc-247f5b1b-bacd-46f6-b416-e32a90d81acd,Las Vegas - Sahara Ave,catlg-38ca6ecd-a83c-4062-ba1d-493aaed389e0,Las Vegas - Sahara Ave Catalog,False,2026-04-30 21:02:49.973035,2026-05-27 21:02:05.762993,204738,itm-51ae4688-d915-44af-b3eb-ad435bc0661e,HWHAP Original Sandwich (a la carte),1,NULL,1,Item,,NULL,NULL,NULL,False,NULL,NULL,NULL,True,False,2026-04-30 21:03:47.149022,2026-05-21 13:21:57.334972,11.990,2026-04-30 21:03:49.196207,2026-05-04 10:44:02.324319,2026-05-29 03:11:38.75494,catlg-38ca6ecd-a83c-4062-ba1d-493aaed389e0,NULL,NULL
Houston Hot Chicken,org-490e23ce-6f23-4d3d-8544-8728f0965cfc,loc-247f5b1b-bacd-46f6-b416-e32a90d81acd,Las Vegas - Sahara Ave,catlg-38ca6ecd-a83c-4062-ba1d-493aaed389e0,Las Vegas - Sahara Ave Catalog,False,2026-04-30 21:02:49.973035,2026-05-27 21:02:05.762993,191955,itm-7ffaa033-3d76-4ed8-8e34-15b262f2bebb,HWHAP Classic Sandwich (a la carte),1,NULL,1,Item,,NULL,NULL,NULL,False,NULL,NULL,NULL,True,False,2026-04-30 21:03:47.149022,2026-05-21 13:21:57.379442,10.990,2026-04-30 21:03:49.200923,2026-05-04 10:44:02.324319,2026-05-29 03:11:38.75494,catlg-38ca6ecd-a83c-4062-ba1d-493aaed389e0,NULL,NULL
Houston Hot Chicken,org-490e23ce-6f23-4d3d-8544-8728f0965cfc,loc-247f5b1b-bacd-46f6-b416-e32a90d81acd,Las Vegas - Sahara Ave,catlg-38ca6ecd-a83c-4062-ba1d-493aaed389e0,Las Vegas - Sahara Ave Catalog,False,2026-04-30 21:02:49.973035,2026-05-27 21:02:05.762993,201634,itm-7dee8444-c965-4dfe-936d-dcafd6baf110,HWHAP 15 pc Nuggets (a la carte),1,NULL,1,Item,,NULL,NULL,NULL,False,NULL,NULL,NULL,True,False,2026-04-30 21:03:47.149022,2026-05-21 13:21:57.350816,13.990,2026-04-30 21:03:49.206307,2026-05-04 10:44:02.324319,2026-05-29 03:11:38.75494,catlg-38ca6ecd-a83c-4062-ba1d-493aaed389e0,NULL,NULL
Houston Hot Chicken,org-490e23ce-6f23-4d3d-8544-8728f0965cfc,loc-247f5b1b-bacd-46f6-b416-e32a90d81acd,Las Vegas - Sahara Ave,catlg-38ca6ecd-a83c-4062-ba1d-493aaed389e0,Las Vegas - Sahara Ave Catalog,False,2026-04-30 21:02:49.973035,2026-05-27 21:02:05.762993,193194,itm-d16e7ec5-77a2-46b8-9869-24771433cf0e,HWHAP 10 pc Nuggets (a la carte),1,NULL,1,Item,,NULL,NULL,NULL,False,NULL,NULL,NULL,True,False,2026-04-30 21:03:47.149022,2026-05-21 13:21:57.28851,9.990,2026-04-30 21:03:49.211118,2026-05-04 10:44:02.324319,2026-05-29 03:11:38.75494,catlg-38ca6ecd-a83c-4062-ba1d-493aaed389e0,NULL,NULL
Houston Hot Chicken,org-490e23ce-6f23-4d3d-8544-8728f0965cfc,loc-247f5b1b-bacd-46f6-b416-e32a90d81acd,Las Vegas - Sahara Ave,catlg-38ca6ecd-a83c-4062-ba1d-493aaed389e0,Las Vegas - Sahara Ave Catalog,False,2026-04-30 21:02:49.973035,2026-05-27 21:02:05.762993,200566,itm-33f6eaf8-6706-4600-b13c-618cec4da85c,HWHAP 5 pc Nuggets (a la carte),1,NULL,1,Item,,NULL,NULL,NULL,False,NULL,NULL,NULL,True,False,2026-04-30 21:03:47.149022,2026-05-21 13:21:57.352128,5.990,2026-04-30 21:03:49.215611,2026-05-04 10:44:02.324319,2026-05-29 03:11:38.75494,catlg-38ca6ecd-a83c-4062-ba1d-493aaed389e0,NULL,NULL
Houston Hot Chicken,org-490e23ce-6f23-4d3d-8544-8728f0965cfc,loc-247f5b1b-bacd-46f6-b416-e32a90d81acd,Las Vegas - Sahara Ave,catlg-38ca6ecd-a83c-4062-ba1d-493aaed389e0,Las Vegas - Sahara Ave Catalog,False,2026-04-30 21:02:49.973035,2026-05-27 21:02:05.762993,198417,itm-efd09b59-329c-42dd-b7a2-7065f9bf4a03,HWHAP Chicken Tortilla Soup,1,NULL,1,Item,,NULL,NULL,NULL,False,NULL,NULL,NULL,True,False,2026-04-30 21:03:47.149022,2026-05-21 13:21:57.275364,4.990,2026-04-30 21:03:49.220071,2026-05-04 10:44:02.324319,2026-05-29 03:11:38.75494,catlg-38ca6ecd-a83c-4062-ba1d-493aaed389e0,NULL,NULL
Houston Hot Chicken,org-490e23ce-6f23-4d3d-8544-8728f0965cfc,loc-247f5b1b-bacd-46f6-b416-e32a90d81acd,Las Vegas - Sahara Ave,catlg-38ca6ecd-a83c-4062-ba1d-493aaed389e0,Las Vegas - Sahara Ave Catalog,False,2026-04-30 21:02:49.973035,2026-05-27 21:02:05.762993,206195,itm-9b60e665-77b2-42b3-bd5a-60d8f231767d,Waffle Sandwich,1,NULL,1,Item,,NULL,NULL,NULL,False,NULL,NULL,NULL,True,False,2026-04-30 21:03:47.149022,2026-05-21 13:21:57.353427,14.990,2026-04-30 21:03:49.229055,2026-05-04 10:44:02.324319,2026-05-29 03:11:38.75494,catlg-38ca6ecd-a83c-4062-ba1d-493aaed389e0,NULL,NULL
Houston Hot Chicken,org-490e23ce-6f23-4d3d-8544-8728f0965cfc,loc-247f5b1b-bacd-46f6-b416-e32a90d81acd,Las Vegas - Sahara Ave,catlg-38ca6ecd-a83c-4062-ba1d-493aaed389e0,Las Vegas - Sahara Ave Catalog,False,2026-04-30 21:02:49.973035,2026-05-27 21:02:05.762993,195146,itm-7e809968-d640-47d8-a67e-7c2ad40b17d0,Shake N' Fries,1,NULL,5,Item,,NULL,NULL,NULL,False,NULL,NULL,NULL,True,False,2026-04-30 21:03:47.149022,2026-05-21 13:21:57.354626,7.990,2026-04-30 21:03:49.233264,2026-05-04 10:44:02.324319,2026-05-29 03:11:38.75494,catlg-38ca6ecd-a83c-4062-ba1d-493aaed389e0,NULL,NULL
Houston Hot Chicken,org-490e23ce-6f23-4d3d-8544-8728f0965cfc,loc-247f5b1b-bacd-46f6-b416-e32a90d81acd,Las Vegas - Sahara Ave,catlg-38ca6ecd-a83c-4062-ba1d-493aaed389e0,Las Vegas - Sahara Ave Catalog,False,2026-04-30 21:02:49.973035,2026-05-27 21:02:05.762993,192991,itm-707990fb-2ccd-409b-8721-be248e04aee5,Cookie Crumble,1,NULL,4,Item,,NULL,NULL,NULL,False,NULL,NULL,NULL,True,False,2026-04-30 21:03:47.149022,2026-05-21 13:21:57.357453,8.990,2026-04-30 21:03:49.242821,2026-05-04 10:44:02.324319,2026-05-29 03:11:38.75494,catlg-38ca6ecd-a83c-4062-ba1d-493aaed389e0,NULL,NULL
Houston Hot Chicken,org-490e23ce-6f23-4d3d-8544-8728f0965cfc,loc-247f5b1b-bacd-46f6-b416-e32a90d81acd,Las Vegas - Sahara Ave,catlg-38ca6ecd-a83c-4062-ba1d-493aaed389e0,Las Vegas - Sahara Ave Catalog,False,2026-04-30 21:02:49.973035,2026-05-27 21:02:05.762993,195596,itm-38896681-f011-4190-bc21-293ca5be26ed,Original Party Package,1,NULL,5,Item,,NULL,NULL,NULL,False,NULL,NULL,NULL,True,False,2026-04-30 21:03:47.149022,2026-05-21 13:21:57.358698,150.000,2026-04-30 21:03:49.256815,2026-05-04 10:44:02.324319,2026-05-29 03:11:38.75494,catlg-38ca6ecd-a83c-4062-ba1d-493aaed389e0,NULL,NULL
Houston Hot Chicken,org-490e23ce-6f23-4d3d-8544-8728f0965cfc,loc-247f5b1b-bacd-46f6-b416-e32a90d81acd,Las Vegas - Sahara Ave,catlg-38ca6ecd-a83c-4062-ba1d-493aaed389e0,Las Vegas - Sahara Ave Catalog,False,2026-04-30 21:02:49.973035,2026-05-27 21:02:05.762993,197893,itm-2cda12b9-6873-4e59-a8c3-70193893aa55,Original Sandwich Platter (10),1,NULL,5,Item,,NULL,NULL,NULL,False,NULL,NULL,NULL,True,False,2026-04-30 21:03:47.149022,2026-05-21 13:21:57.289754,100.000,2026-04-30 21:03:49.261854,2026-05-04 10:44:02.324319,2026-05-29 03:11:38.75494,catlg-38ca6ecd-a83c-4062-ba1d-493aaed389e0,NULL,NULL
Houston Hot Chicken,org-490e23ce-6f23-4d3d-8544-8728f0965cfc,loc-247f5b1b-bacd-46f6-b416-e32a90d81acd,Las Vegas - Sahara Ave,catlg-38ca6ecd-a83c-4062-ba1d-493aaed389e0,Las Vegas - Sahara Ave Catalog,False,2026-04-30 21:02:49.973035,2026-05-27 21:02:05.762993,192061,itm-d0c39d46-2fb2-4f92-b02a-98fb00e767d0,Classic Sandwich Platter,1,NULL,1,Item,,NULL,NULL,NULL,False,NULL,NULL,NULL,True,False,2026-04-30 21:03:47.149022,2026-05-21 13:21:57.291038,90.000,2026-04-30 21:03:49.266469,2026-05-04 10:44:02.324319,2026-05-29 03:11:38.75494,catlg-38ca6ecd-a83c-4062-ba1d-493aaed389e0,NULL,NULL
Houston Hot Chicken,org-490e23ce-6f23-4d3d-8544-8728f0965cfc,loc-247f5b1b-bacd-46f6-b416-e32a90d81acd,Las Vegas - Sahara Ave,catlg-38ca6ecd-a83c-4062-ba1d-493aaed389e0,Las Vegas - Sahara Ave Catalog,False,2026-04-30 21:02:49.973035,2026-05-27 21:02:05.762993,198482,itm-c31f829a-b2cf-43fb-94c7-e4f313dcaf2f,10 Tender Tray,1,NULL,5,Item,,NULL,NULL,NULL,False,NULL,NULL,NULL,True,False,2026-04-30 21:03:47.149022,2026-05-21 13:21:57.278472,40.000,2026-04-30 21:03:49.271214,2026-05-04 10:44:02.324319,2026-05-29 03:11:38.75494,catlg-38ca6ecd-a83c-4062-ba1d-493aaed389e0,NULL,NULL
Houston Hot Chicken,org-490e23ce-6f23-4d3d-8544-8728f0965cfc,loc-247f5b1b-bacd-46f6-b416-e32a90d81acd,Las Vegas - Sahara Ave,catlg-38ca6ecd-a83c-4062-ba1d-493aaed389e0,Las Vegas - Sahara Ave Catalog,False,2026-04-30 21:02:49.973035,2026-05-27 21:02:05.762993,201172,itm-eb5f8020-49b2-4695-88dd-fc485ba29281,20 Tender Platter,1,NULL,5,Item,,NULL,NULL,NULL,False,NULL,NULL,NULL,True,False,2026-04-30 21:03:47.149022,2026-05-21 13:21:57.359932,80.000,2026-04-30 21:03:49.276619,2026-05-04 10:44:02.324319,2026-05-29 03:11:38.75494,catlg-38ca6ecd-a83c-4062-ba1d-493aaed389e0,NULL,NULL
Houston Hot Chicken,org-490e23ce-6f23-4d3d-8544-8728f0965cfc,loc-247f5b1b-bacd-46f6-b416-e32a90d81acd,Las Vegas - Sahara Ave,catlg-38ca6ecd-a83c-4062-ba1d-493aaed389e0,Las Vegas - Sahara Ave Catalog,False,2026-04-30 21:02:49.973035,2026-05-27 21:02:05.762993,192944,itm-e0dc2cfa-cde0-4724-9fea-139a17a0d6a9,50 Nugget Platter,1,NULL,5,Item,,NULL,NULL,NULL,False,NULL,NULL,NULL,True,False,2026-04-30 21:03:47.149022,2026-05-27 19:51:35.425909,35.000,2026-04-30 21:03:49.281249,2026-05-04 10:44:02.324319,2026-05-29 03:11:38.75494,catlg-38ca6ecd-a83c-4062-ba1d-493aaed389e0,NULL,NULL
Houston Hot Chicken,org-490e23ce-6f23-4d3d-8544-8728f0965cfc,loc-247f5b1b-bacd-46f6-b416-e32a90d81acd,Las Vegas - Sahara Ave,catlg-38ca6ecd-a83c-4062-ba1d-493aaed389e0,Las Vegas - Sahara Ave Catalog,False,2026-04-30 21:02:49.973035,2026-05-27 21:02:05.762993,201098,itm-099aa698-bbcf-429e-b218-de85b2c8b07f,Waffle Platter (10),1,NULL,2,Item,,NULL,NULL,NULL,False,NULL,NULL,NULL,True,False,2026-04-30 21:03:47.149022,2026-05-21 13:21:57.362442,50.000,2026-04-30 21:03:49.285698,2026-05-04 10:44:02.324319,2026-05-29 03:11:38.75494,catlg-38ca6ecd-a83c-4062-ba1d-493aaed389e0,NULL,NULL
Houston Hot Chicken,org-490e23ce-6f23-4d3d-8544-8728f0965cfc,loc-247f5b1b-bacd-46f6-b416-e32a90d81acd,Las Vegas - Sahara Ave,catlg-38ca6ecd-a83c-4062-ba1d-493aaed389e0,Las Vegas - Sahara Ave Catalog,False,2026-04-30 21:02:49.973035,2026-05-27 21:02:05.762993,205213,itm-da8c4e1b-54c3-4d64-abbe-57fa95e440c0,Coleslaw Platter,1,NULL,2,Item,,NULL,NULL,NULL,False,NULL,NULL,NULL,True,False,2026-04-30 21:03:47.149022,2026-05-21 13:21:57.395513,27.950,2026-04-30 21:03:49.289991,2026-05-04 10:44:02.324319,2026-05-29 03:11:38.75494,catlg-38ca6ecd-a83c-4062-ba1d-493aaed389e0,NULL,NULL
Houston Hot Chicken,org-490e23ce-6f23-4d3d-8544-8728f0965cfc,loc-247f5b1b-bacd-46f6-b416-e32a90d81acd,Las Vegas - Sahara Ave,catlg-38ca6ecd-a83c-4062-ba1d-493aaed389e0,Las Vegas - Sahara Ave Catalog,False,2026-04-30 21:02:49.973035,2026-05-27 21:02:05.762993,201475,itm-f93d25d0-0833-4cc0-a0e0-54602a5544fc,Tender and Waffle Platter (20 tenders/10 waffles),1,NULL,5,Item,,NULL,NULL,NULL,False,NULL,NULL,NULL,True,False,2026-04-30 21:03:47.149022,2026-05-21 13:21:57.33761,130.000,2026-04-30 21:03:49.294867,2026-05-04 10:44:02.324319,2026-05-29 03:11:38.75494,catlg-38ca6ecd-a83c-4062-ba1d-493aaed389e0,NULL,NULL
Houston Hot Chicken,org-490e23ce-6f23-4d3d-8544-8728f0965cfc,loc-247f5b1b-bacd-46f6-b416-e32a90d81acd,Las Vegas - Sahara Ave,catlg-38ca6ecd-a83c-4062-ba1d-493aaed389e0,Las Vegas - Sahara Ave Catalog,False,2026-04-30 21:02:49.973035,2026-05-27 21:02:05.762993,203519,itm-851a7adf-c5af-4826-ae4a-71a8ee3aad93,Chips Platter,1,NULL,2,Item,,NULL,NULL,NULL,False,NULL,NULL,NULL,True,False,2026-04-30 21:03:47.149022,2026-05-21 13:21:57.33891,20.000,2026-04-30 21:03:49.302113,2026-05-04 10:44:02.324319,2026-05-29 03:11:38.75494,catlg-38ca6ecd-a83c-4062-ba1d-493aaed389e0,NULL,NULL
Houston Hot Chicken,org-490e23ce-6f23-4d3d-8544-8728f0965cfc,loc-247f5b1b-bacd-46f6-b416-e32a90d81acd,Las Vegas - Sahara Ave,catlg-38ca6ecd-a83c-4062-ba1d-493aaed389e0,Las Vegas - Sahara Ave Catalog,False,2026-04-30 21:02:49.973035,2026-05-27 21:02:05.762993,201523,itm-c9714a49-77d1-4012-8ae8-50b58ec4a8aa,Large Chips Platter,1,NULL,2,Item,,NULL,NULL,NULL,False,NULL,NULL,NULL,True,False,2026-04-30 21:03:47.149022,2026-05-21 13:21:57.363816,30.000,2026-04-30 21:03:49.306181,2026-05-04 10:44:02.324319,2026-05-29 03:11:38.75494,catlg-38ca6ecd-a83c-4062-ba1d-493aaed389e0,NULL,NULL
Houston Hot Chicken,org-490e23ce-6f23-4d3d-8544-8728f0965cfc,loc-247f5b1b-bacd-46f6-b416-e32a90d81acd,Las Vegas - Sahara Ave,catlg-38ca6ecd-a83c-4062-ba1d-493aaed389e0,Las Vegas - Sahara Ave Catalog,False,2026-04-30 21:02:49.973035,2026-05-27 21:02:05.762993,197455,itm-1422eb84-5571-46f8-835b-7e0956f90abd,Small Fry Platter,1,NULL,2,Item,,NULL,NULL,NULL,False,NULL,NULL,NULL,True,False,2026-04-30 21:03:47.149022,2026-05-21 13:21:57.396974,28.000,2026-04-30 21:03:49.310515,2026-05-04 10:44:02.324319,2026-05-29 03:11:38.75494,catlg-38ca6ecd-a83c-4062-ba1d-493aaed389e0,NULL,NULL
Houston Hot Chicken,org-490e23ce-6f23-4d3d-8544-8728f0965cfc,loc-247f5b1b-bacd-46f6-b416-e32a90d81acd,Las Vegas - Sahara Ave,catlg-38ca6ecd-a83c-4062-ba1d-493aaed389e0,Las Vegas - Sahara Ave Catalog,False,2026-04-30 21:02:49.973035,2026-05-27 21:02:05.762993,204282,itm-1fc29aba-f253-4cba-8cf5-71bdca159edc,Large Fry Platter,1,NULL,2,Item,,NULL,NULL,NULL,False,NULL,NULL,NULL,True,False,2026-04-30 21:03:47.149022,2026-05-21 13:21:57.398189,56.000,2026-04-30 21:03:49.314895,2026-05-04 10:44:02.324319,2026-05-29 03:11:38.75494,catlg-38ca6ecd-a83c-4062-ba1d-493aaed389e0,NULL,NULL
Houston Hot Chicken,org-490e23ce-6f23-4d3d-8544-8728f0965cfc,loc-247f5b1b-bacd-46f6-b416-e32a90d81acd,Las Vegas - Sahara Ave,catlg-38ca6ecd-a83c-4062-ba1d-493aaed389e0,Las Vegas - Sahara Ave Catalog,False,2026-04-30 21:02:49.973035,2026-05-27 21:02:05.762993,196971,itm-d895961a-167e-4aad-bcb9-f94994a8b0ae,Shareable Caesar Salad,1,NULL,2,Item,,NULL,NULL,NULL,False,NULL,NULL,NULL,True,False,2026-04-30 21:03:47.149022,2026-05-21 13:21:57.279747,40.000,2026-04-30 21:03:49.320227,2026-05-04 10:44:02.324319,2026-05-29 03:11:38.75494,catlg-38ca6ecd-a83c-4062-ba1d-493aaed389e0,NULL,NULL
Houston Hot Chicken,org-490e23ce-6f23-4d3d-8544-8728f0965cfc,loc-247f5b1b-bacd-46f6-b416-e32a90d81acd,Las Vegas - Sahara Ave,catlg-38ca6ecd-a83c-4062-ba1d-493aaed389e0,Las Vegas - Sahara Ave Catalog,False,2026-04-30 21:02:49.973035,2026-05-27 21:02:05.762993,192015,itm-474ac3a6-a6e7-4636-8dd2-a962951ef650,Shareable Southwest Salad,1,NULL,1,Item,,NULL,NULL,NULL,False,NULL,NULL,NULL,True,False,2026-04-30 21:03:47.149022,2026-05-21 13:21:57.365098,40.000,2026-04-30 21:03:49.324763,2026-05-04 10:44:02.324319,2026-05-29 03:11:38.75494,catlg-38ca6ecd-a83c-4062-ba1d-493aaed389e0,NULL,NULL
Houston Hot Chicken,org-490e23ce-6f23-4d3d-8544-8728f0965cfc,loc-247f5b1b-bacd-46f6-b416-e32a90d81acd,Las Vegas - Sahara Ave,catlg-38ca6ecd-a83c-4062-ba1d-493aaed389e0,Las Vegas - Sahara Ave Catalog,False,2026-04-30 21:02:49.973035,2026-05-27 21:02:05.762993,202710,itm-feb97e3f-412e-4396-b6c9-fb5673f2e8ef,Shareable Mac & Cheese,1,NULL,2,Item,,NULL,NULL,NULL,False,NULL,NULL,NULL,True,False,2026-04-30 21:03:47.149022,2026-05-21 13:21:57.366385,55.000,2026-04-30 21:03:49.329122,2026-05-04 10:44:02.324319,2026-05-29 03:11:38.75494,catlg-38ca6ecd-a83c-4062-ba1d-493aaed389e0,NULL,NULL
Houston Hot Chicken,org-490e23ce-6f23-4d3d-8544-8728f0965cfc,loc-247f5b1b-bacd-46f6-b416-e32a90d81acd,Las Vegas - Sahara Ave,catlg-38ca6ecd-a83c-4062-ba1d-493aaed389e0,Las Vegas - Sahara Ave Catalog,False,2026-04-30 21:02:49.973035,2026-05-27 21:02:05.762993,203123,itm-6acfbec4-fe3f-496c-a07a-f98b684a3e29,10 pc Nugget Meal,1,NULL,5,Item,,NULL,NULL,NULL,False,NULL,NULL,NULL,True,False,2026-04-30 21:03:47.149022,2026-05-21 13:21:57.382158,11.990,2026-04-30 21:03:48.871526,2026-05-04 10:44:02.324319,2026-05-29 03:11:38.75494,catlg-38ca6ecd-a83c-4062-ba1d-493aaed389e0,NULL,NULL
Houston Hot Chicken,org-490e23ce-6f23-4d3d-8544-8728f0965cfc,loc-247f5b1b-bacd-46f6-b416-e32a90d81acd,Las Vegas - Sahara Ave,catlg-38ca6ecd-a83c-4062-ba1d-493aaed389e0,Las Vegas - Sahara Ave Catalog,False,2026-04-30 21:02:49.973035,2026-05-27 21:02:05.762993,201732,itm-fd3c2235-096f-4515-9eb6-e168c6e9ac29,Maple Syrup (2 oz),1,NULL,7,Item,,NULL,NULL,NULL,False,NULL,NULL,NULL,True,False,2026-04-30 21:03:47.149022,2026-05-21 13:21:57.32462,0.500,2026-04-30 21:03:49.103016,2026-05-04 10:44:02.324319,2026-05-29 03:11:38.75494,catlg-38ca6ecd-a83c-4062-ba1d-493aaed389e0,NULL,NULL
Houston Hot Chicken,org-490e23ce-6f23-4d3d-8544-8728f0965cfc,loc-247f5b1b-bacd-46f6-b416-e32a90d81acd,Las Vegas - Sahara Ave,catlg-38ca6ecd-a83c-4062-ba1d-493aaed389e0,Las Vegas - Sahara Ave Catalog,False,2026-04-30 21:02:49.973035,2026-05-27 21:02:05.762993,194928,itm-9a2c1ce5-472a-4860-83b3-edb9eb15aae4,Double Double,1,NULL,1,Item,,NULL,NULL,NULL,False,NULL,NULL,NULL,True,False,2026-04-30 21:03:47.149022,2026-05-21 13:21:57.276608,14.990,2026-04-30 21:03:49.2243,2026-05-04 10:44:02.324319,2026-05-29 03:11:38.75494,catlg-38ca6ecd-a83c-4062-ba1d-493aaed389e0,NULL,NULL
Houston Hot Chicken,org-490e23ce-6f23-4d3d-8544-8728f0965cfc,loc-247f5b1b-bacd-46f6-b416-e32a90d81acd,Las Vegas - Sahara Ave,catlg-38ca6ecd-a83c-4062-ba1d-493aaed389e0,Las Vegas - Sahara Ave Catalog,False,2026-04-30 21:02:49.973035,2026-05-27 21:02:05.762993,199365,itm-46ab1836-4d9d-422f-837c-2676a2616f23,Red Bull,1,NULL,3,Item,,NULL,NULL,NULL,False,NULL,NULL,NULL,True,False,2026-04-30 21:03:47.149022,2026-05-21 13:21:57.336358,3.990,2026-04-30 21:03:49.249067,2026-05-04 10:44:02.324319,2026-05-29 03:11:38.75494,catlg-38ca6ecd-a83c-4062-ba1d-493aaed389e0,NULL,NULL
Houston Hot Chicken,org-490e23ce-6f23-4d3d-8544-8728f0965cfc,loc-247f5b1b-bacd-46f6-b416-e32a90d81acd,Las Vegas - Sahara Ave,catlg-38ca6ecd-a83c-4062-ba1d-493aaed389e0,Las Vegas - Sahara Ave Catalog,False,2026-04-30 21:02:49.973035,2026-05-27 21:02:05.762993,198992,itm-b2b9df39-d1bd-4df0-8001-d63cfd8fa69a,Texas Caesar Salad,1,NULL,2,Item,,NULL,NULL,NULL,False,NULL,NULL,NULL,True,False,2026-04-30 21:03:47.149022,2026-05-21 13:21:57.30926,12.990,2026-04-30 21:03:48.896923,2026-05-04 10:44:02.324319,2026-05-29 03:11:38.75494,catlg-38ca6ecd-a83c-4062-ba1d-493aaed389e0,NULL,NULL
Houston Hot Chicken,org-490e23ce-6f23-4d3d-8544-8728f0965cfc,loc-247f5b1b-bacd-46f6-b416-e32a90d81acd,Las Vegas - Sahara Ave,catlg-38ca6ecd-a83c-4062-ba1d-493aaed389e0,Las Vegas - Sahara Ave Catalog,False,2026-04-30 21:02:49.973035,2026-05-27 21:02:05.762993,197170,itm-5fbdf17e-859f-4880-aadc-17a9e3ae72d9,Mac & Cheese,1,NULL,2,Item,,NULL,NULL,NULL,False,NULL,NULL,NULL,True,False,2026-04-30 21:03:47.149022,2026-05-21 13:21:57.310575,4.990,2026-04-30 21:03:48.90156,2026-05-04 10:44:02.324319,2026-05-29 03:11:38.75494,catlg-38ca6ecd-a83c-4062-ba1d-493aaed389e0,NULL,NULL
Houston Hot Chicken,org-490e23ce-6f23-4d3d-8544-8728f0965cfc,loc-247f5b1b-bacd-46f6-b416-e32a90d81acd,Las Vegas - Sahara Ave,catlg-38ca6ecd-a83c-4062-ba1d-493aaed389e0,Las Vegas - Sahara Ave Catalog,False,2026-04-30 21:02:49.973035,2026-05-27 21:02:05.762993,203480,itm-090a6f3a-4526-470d-b5b5-af6210227740,Red Velvet Wheely,1,NULL,4,Item,,NULL,NULL,NULL,False,NULL,NULL,NULL,True,False,2026-04-30 21:03:47.149022,2026-05-21 13:21:57.377954,3.950,2026-04-30 21:03:49.05312,2026-05-04 10:44:02.324319,2026-05-29 03:11:38.75494,catlg-38ca6ecd-a83c-4062-ba1d-493aaed389e0,NULL,NULL
Houston Hot Chicken,org-490e23ce-6f23-4d3d-8544-8728f0965cfc,loc-247f5b1b-bacd-46f6-b416-e32a90d81acd,Las Vegas - Sahara Ave,catlg-38ca6ecd-a83c-4062-ba1d-493aaed389e0,Las Vegas - Sahara Ave Catalog,False,2026-04-30 21:02:49.973035,2026-05-27 21:02:05.762993,200881,itm-4774ea46-46f7-480a-b759-c20653ccf52c,2 Tenders Meal,1,NULL,5,Item,,NULL,NULL,NULL,False,NULL,NULL,NULL,True,False,2026-04-30 21:03:47.149022,2026-05-21 13:21:57.298513,10.990,2026-04-30 21:03:48.854878,2026-05-04 10:44:02.324319,2026-05-29 03:11:38.75494,catlg-38ca6ecd-a83c-4062-ba1d-493aaed389e0,NULL,NULL
Houston Hot Chicken,org-490e23ce-6f23-4d3d-8544-8728f0965cfc,loc-247f5b1b-bacd-46f6-b416-e32a90d81acd,Las Vegas - Sahara Ave,catlg-38ca6ecd-a83c-4062-ba1d-493aaed389e0,Las Vegas - Sahara Ave Catalog,False,2026-04-30 21:02:49.973035,2026-05-27 21:02:05.762993,197068,itm-f24efb9f-b5b1-4c29-b5fa-a407797f97f0,The Mondi,1,NULL,1,Item,,NULL,NULL,NULL,False,NULL,NULL,NULL,True,False,2026-04-30 21:03:47.149022,2026-05-21 13:21:57.35612,5.990,2026-04-30 21:03:49.238003,2026-05-04 10:44:02.324319,2026-05-29 03:11:38.75494,catlg-38ca6ecd-a83c-4062-ba1d-493aaed389e0,NULL,NULL
Houston Hot Chicken,org-490e23ce-6f23-4d3d-8544-8728f0965cfc,loc-247f5b1b-bacd-46f6-b416-e32a90d81acd,Las Vegas - Sahara Ave,catlg-38ca6ecd-a83c-4062-ba1d-493aaed389e0,Las Vegas - Sahara Ave Catalog,False,2026-04-30 21:02:49.973035,2026-05-27 21:02:05.762993,200915,itm-b5dd3172-0cfd-4200-a96d-c67f2f7e53f2,Aquafina,1,NULL,3,Item,,NULL,NULL,NULL,False,NULL,NULL,NULL,True,False,2026-04-30 21:03:47.149022,2026-05-21 13:21:57.372838,1.990,2026-04-30 21:03:49.006381,2026-05-04 10:44:02.324319,2026-05-29 03:11:38.75494,catlg-38ca6ecd-a83c-4062-ba1d-493aaed389e0,NULL,NULL
Houston Hot Chicken,org-490e23ce-6f23-4d3d-8544-8728f0965cfc,loc-247f5b1b-bacd-46f6-b416-e32a90d81acd,Las Vegas - Sahara Ave,catlg-38ca6ecd-a83c-4062-ba1d-493aaed389e0,Las Vegas - Sahara Ave Catalog,False,2026-04-30 21:02:49.973035,2026-05-27 21:02:05.762993,191533,itm-00412ae2-7e8a-4bbd-b797-7e8665544d06,Chilled Blueberry Lavender Lemonade,1,NULL,3,Item,,NULL,NULL,NULL,False,NULL,NULL,NULL,True,False,2026-04-30 21:03:47.149022,2026-05-21 13:21:57.281059,4.990,2026-04-30 21:03:48.97616,2026-05-04 10:44:02.324319,2026-05-29 03:11:38.75494,catlg-38ca6ecd-a83c-4062-ba1d-493aaed389e0,NULL,NULL
Houston Hot Chicken,org-490e23ce-6f23-4d3d-8544-8728f0965cfc,loc-247f5b1b-bacd-46f6-b416-e32a90d81acd,Las Vegas - Sahara Ave,catlg-38ca6ecd-a83c-4062-ba1d-493aaed389e0,Las Vegas - Sahara Ave Catalog,False,2026-04-30 21:02:49.973035,2026-05-27 21:02:05.762993,192220,itm-0d3484c4-8bf0-4a60-8e86-12b39608c28c,Cilantro Ranch (2 oz),1,NULL,7,Item,,NULL,NULL,NULL,False,NULL,NULL,NULL,True,False,2026-04-30 21:03:47.149022,2026-05-21 13:21:57.266287,1.000,2026-04-30 21:03:49.082139,2026-05-04 10:44:02.324319,2026-05-29 03:11:38.75494,catlg-38ca6ecd-a83c-4062-ba1d-493aaed389e0,NULL,NULL
Houston Hot Chicken,org-490e23ce-6f23-4d3d-8544-8728f0965cfc,loc-247f5b1b-bacd-46f6-b416-e32a90d81acd,Las Vegas - Sahara Ave,catlg-38ca6ecd-a83c-4062-ba1d-493aaed389e0,Las Vegas - Sahara Ave Catalog,False,2026-04-30 21:02:49.973035,2026-05-27 21:02:05.762993,195268,itm-05228320-125e-4cf2-bd41-2a42cd629e3b,HWHAP Classic Chicken Sandwich Meal,1,NULL,5,Item,,NULL,NULL,NULL,False,NULL,NULL,NULL,True,False,2026-04-30 21:03:47.149022,2026-05-21 13:21:57.343988,13.990,2026-04-30 21:03:49.127665,2026-05-04 10:44:02.324319,2026-05-29 03:11:38.75494,catlg-38ca6ecd-a83c-4062-ba1d-493aaed389e0,NULL,NULL
Houston Hot Chicken,org-490e23ce-6f23-4d3d-8544-8728f0965cfc,loc-e64a2f15-2da8-4683-82d6-1234afdc34aa,Tempe - University Dr.,catlg-f877269b-8833-49d9-9ce3-b1753b4a766a,Tempe - University Dr. Catalog,False,2026-04-30 21:09:43.680583,2026-05-27 21:02:06.500044,206444,itm-dbf99e0a-7e92-4ba7-8205-6c73128c3ab0,Sandwich & Tender,1,NULL,1,Item,,NULL,NULL,NULL,False,NULL,NULL,NULL,True,False,2026-04-30 21:10:30.424779,2026-05-21 13:24:02.438397,14.990,2026-04-30 21:10:32.041652,2026-05-04 10:44:02.324319,2026-05-29 03:11:38.75494,catlg-f877269b-8833-49d9-9ce3-b1753b4a766a,NULL,NULL
Houston Hot Chicken,org-490e23ce-6f23-4d3d-8544-8728f0965cfc,loc-e64a2f15-2da8-4683-82d6-1234afdc34aa,Tempe - University Dr.,catlg-f877269b-8833-49d9-9ce3-b1753b4a766a,Tempe - University Dr. Catalog,False,2026-04-30 21:09:43.680583,2026-05-27 21:02:06.500044,194320,itm-66395af3-f9d3-48af-93d5-51018c84951a,Classic Chicken Sandwich,1,NULL,1,Item,,NULL,NULL,NULL,False,NULL,NULL,NULL,True,False,2026-04-30 21:10:30.424779,2026-05-21 13:22:45.192635,11.990,2026-04-30 21:10:32.049821,2026-05-04 10:44:02.324319,2026-05-29 03:11:38.75494,catlg-f877269b-8833-49d9-9ce3-b1753b4a766a,NULL,NULL
Houston Hot Chicken,org-490e23ce-6f23-4d3d-8544-8728f0965cfc,loc-e64a2f15-2da8-4683-82d6-1234afdc34aa,Tempe - University Dr.,catlg-f877269b-8833-49d9-9ce3-b1753b4a766a,Tempe - University Dr. Catalog,False,2026-04-30 21:09:43.680583,2026-05-27 21:02:06.500044,205194,itm-8f3ab216-1bad-43a0-9d60-a51922588050,Original Hot Chicken Sandwich,1,NULL,1,Item,,NULL,NULL,NULL,False,NULL,NULL,NULL,True,False,2026-04-30 21:10:30.424779,2026-05-21 13:22:45.19356,12.990,2026-04-30 21:10:32.05399,2026-05-04 10:44:02.324319,2026-05-29 03:11:38.75494,catlg-f877269b-8833-49d9-9ce3-b1753b4a766a,NULL,NULL
Houston Hot Chicken,org-490e23ce-6f23-4d3d-8544-8728f0965cfc,loc-e64a2f15-2da8-4683-82d6-1234afdc34aa,Tempe - University Dr.,catlg-f877269b-8833-49d9-9ce3-b1753b4a766a,Tempe - University Dr. Catalog,False,2026-04-30 21:09:43.680583,2026-05-27 21:02:06.500044,201838,itm-4dfb5e6c-0d06-46d1-9ed1-6afadb80c2bc,Cheesy Hot Chicken Sandwich,1,NULL,1,Item,,NULL,NULL,NULL,False,NULL,NULL,NULL,True,False,2026-04-30 21:10:30.424779,2026-05-21 13:24:02.426171,13.990,2026-04-30 21:10:32.058213,2026-05-04 10:44:02.324319,2026-05-29 03:11:38.75494,catlg-f877269b-8833-49d9-9ce3-b1753b4a766a,NULL,NULL
Houston Hot Chicken,org-490e23ce-6f23-4d3d-8544-8728f0965cfc,loc-e64a2f15-2da8-4683-82d6-1234afdc34aa,Tempe - University Dr.,catlg-f877269b-8833-49d9-9ce3-b1753b4a766a,Tempe - University Dr. Catalog,False,2026-04-30 21:09:43.680583,2026-05-27 21:02:06.500044,200138,itm-6ef47d89-379f-42cb-9fd9-eb13624fa88a,2 Tenders Meal,1,NULL,5,Item,,NULL,NULL,NULL,False,NULL,NULL,NULL,True,False,2026-04-30 21:10:30.424779,2026-05-21 13:24:02.427252,10.990,2026-04-30 21:10:32.062487,2026-05-04 10:44:02.324319,2026-05-29 03:11:38.75494,catlg-f877269b-8833-49d9-9ce3-b1753b4a766a,NULL,NULL
Houston Hot Chicken,org-490e23ce-6f23-4d3d-8544-8728f0965cfc,loc-e64a2f15-2da8-4683-82d6-1234afdc34aa,Tempe - University Dr.,catlg-f877269b-8833-49d9-9ce3-b1753b4a766a,Tempe - University Dr. Catalog,False,2026-04-30 21:09:43.680583,2026-05-27 21:02:06.500044,200624,itm-eea64710-93da-4315-88b1-a7611dcc2f9a,Tenders & Waffle,1,NULL,5,Item,,NULL,NULL,NULL,False,NULL,NULL,NULL,True,False,2026-04-30 21:10:30.424779,2026-05-21 13:22:45.195417,12.990,2026-04-30 21:10:32.066459,2026-05-04 10:44:02.324319,2026-05-29 03:11:38.75494,catlg-f877269b-8833-49d9-9ce3-b1753b4a766a,NULL,NULL
Houston Hot Chicken,org-490e23ce-6f23-4d3d-8544-8728f0965cfc,loc-e64a2f15-2da8-4683-82d6-1234afdc34aa,Tempe - University Dr.,catlg-f877269b-8833-49d9-9ce3-b1753b4a766a,Tempe - University Dr. Catalog,False,2026-04-30 21:09:43.680583,2026-05-27 21:02:06.500044,197791,itm-0616c8d2-3f4b-434a-b20f-86688c18aaa6,3 Tenders & Fries,1,NULL,5,Item,,NULL,NULL,NULL,False,NULL,NULL,NULL,True,False,2026-04-30 21:10:30.424779,2026-05-21 13:22:45.173642,13.990,2026-04-30 21:10:32.071024,2026-05-04 10:44:02.324319,2026-05-29 03:11:38.75494,catlg-f877269b-8833-49d9-9ce3-b1753b4a766a,NULL,NULL
Houston Hot Chicken,org-490e23ce-6f23-4d3d-8544-8728f0965cfc,loc-e64a2f15-2da8-4683-82d6-1234afdc34aa,Tempe - University Dr.,catlg-f877269b-8833-49d9-9ce3-b1753b4a766a,Tempe - University Dr. Catalog,False,2026-04-30 21:09:43.680583,2026-05-27 21:02:06.500044,194403,itm-b482b1c3-1e98-4018-8567-895bbc88ff64,Kids Meal,1,NULL,5,Item,,NULL,NULL,NULL,False,NULL,NULL,NULL,True,False,2026-04-30 21:10:30.424779,2026-05-21 13:22:45.174516,6.990,2026-04-30 21:10:32.07502,2026-05-04 10:44:02.324319,2026-05-29 03:11:38.75494,catlg-f877269b-8833-49d9-9ce3-b1753b4a766a,NULL,NULL
Houston Hot Chicken,org-490e23ce-6f23-4d3d-8544-8728f0965cfc,loc-e64a2f15-2da8-4683-82d6-1234afdc34aa,Tempe - University Dr.,catlg-f877269b-8833-49d9-9ce3-b1753b4a766a,Tempe - University Dr. Catalog,False,2026-04-30 21:09:43.680583,2026-05-27 21:02:06.500044,204206,itm-5911774c-fa33-48c8-b9cf-caac98ce6076,10 pc Nugget Meal,1,NULL,5,Item,,NULL,NULL,NULL,False,NULL,NULL,NULL,True,False,2026-04-30 21:10:30.424779,2026-05-21 13:24:02.428147,11.990,2026-04-30 21:10:32.079962,2026-05-04 10:44:02.324319,2026-05-29 03:11:38.75494,catlg-f877269b-8833-49d9-9ce3-b1753b4a766a,NULL,NULL
Houston Hot Chicken,org-490e23ce-6f23-4d3d-8544-8728f0965cfc,loc-e64a2f15-2da8-4683-82d6-1234afdc34aa,Tempe - University Dr.,catlg-f877269b-8833-49d9-9ce3-b1753b4a766a,Tempe - University Dr. Catalog,False,2026-04-30 21:09:43.680583,2026-05-27 21:02:06.500044,202216,itm-6fec8c23-b466-465b-9d19-4aeef2e941ff,15 pc Nugget Meal,1,NULL,5,Item,,NULL,NULL,NULL,False,NULL,NULL,NULL,True,False,2026-04-30 21:10:30.424779,2026-05-21 13:22:45.175451,13.990,2026-04-30 21:10:32.084259,2026-05-04 10:44:02.324319,2026-05-29 03:11:38.75494,catlg-f877269b-8833-49d9-9ce3-b1753b4a766a,NULL,NULL
Houston Hot Chicken,org-490e23ce-6f23-4d3d-8544-8728f0965cfc,loc-e64a2f15-2da8-4683-82d6-1234afdc34aa,Tempe - University Dr.,catlg-f877269b-8833-49d9-9ce3-b1753b4a766a,Tempe - University Dr. Catalog,False,2026-04-30 21:09:43.680583,2026-05-27 21:02:06.500044,203678,itm-7ae98154-3e8c-452d-8338-abbf5a9b72f9,Cheese Fries,1,NULL,2,Item,,NULL,NULL,NULL,False,NULL,NULL,NULL,True,False,2026-04-30 21:10:30.424779,2026-05-21 13:22:45.176382,5.990,2026-04-30 21:10:32.087841,2026-05-04 10:44:02.324319,2026-05-29 03:11:38.75494,catlg-f877269b-8833-49d9-9ce3-b1753b4a766a,NULL,NULL
Houston Hot Chicken,org-490e23ce-6f23-4d3d-8544-8728f0965cfc,loc-e64a2f15-2da8-4683-82d6-1234afdc34aa,Tempe - University Dr.,catlg-f877269b-8833-49d9-9ce3-b1753b4a766a,Tempe - University Dr. Catalog,False,2026-04-30 21:09:43.680583,2026-05-27 21:02:06.500044,202024,itm-deb4e484-6f9c-49f1-b2a1-dd03c4a35d0a,Loaded Fries,1,NULL,2,Item,,NULL,NULL,NULL,False,NULL,NULL,NULL,True,False,2026-04-30 21:10:30.424779,2026-05-21 13:24:02.439229,12.990,2026-04-30 21:10:32.09361,2026-05-04 10:44:02.324319,2026-05-29 03:11:38.75494,catlg-f877269b-8833-49d9-9ce3-b1753b4a766a,NULL,NULL
Houston Hot Chicken,org-490e23ce-6f23-4d3d-8544-8728f0965cfc,loc-e64a2f15-2da8-4683-82d6-1234afdc34aa,Tempe - University Dr.,catlg-f877269b-8833-49d9-9ce3-b1753b4a766a,Tempe - University Dr. Catalog,False,2026-04-30 21:09:43.680583,2026-05-27 21:02:06.500044,192136,itm-d1feb19f-6ddd-46bf-be64-700e8ba1b9fe,Fusion Fries,1,NULL,2,Item,,NULL,NULL,NULL,False,NULL,NULL,NULL,True,False,2026-04-30 21:10:30.424779,2026-05-21 13:22:45.177235,14.990,2026-04-30 21:10:32.097288,2026-05-04 10:44:02.324319,2026-05-29 03:11:38.75494,catlg-f877269b-8833-49d9-9ce3-b1753b4a766a,NULL,NULL
Houston Hot Chicken,org-490e23ce-6f23-4d3d-8544-8728f0965cfc,loc-e64a2f15-2da8-4683-82d6-1234afdc34aa,Tempe - University Dr.,catlg-f877269b-8833-49d9-9ce3-b1753b4a766a,Tempe - University Dr. Catalog,False,2026-04-30 21:09:43.680583,2026-05-27 21:02:06.500044,202641,itm-3134cea5-59cc-4af9-8f56-e8d177021491,Southwest Salad,1,NULL,2,Item,,NULL,NULL,NULL,False,NULL,NULL,NULL,True,False,2026-04-30 21:10:30.424779,2026-05-21 13:24:02.440049,13.990,2026-04-30 21:10:32.101101,2026-05-04 10:44:02.324319,2026-05-29 03:11:38.75494,catlg-f877269b-8833-49d9-9ce3-b1753b4a766a,NULL,NULL
Houston Hot Chicken,org-490e23ce-6f23-4d3d-8544-8728f0965cfc,loc-e64a2f15-2da8-4683-82d6-1234afdc34aa,Tempe - University Dr.,catlg-f877269b-8833-49d9-9ce3-b1753b4a766a,Tempe - University Dr. Catalog,False,2026-04-30 21:09:43.680583,2026-05-27 21:02:06.500044,202506,itm-68817b7e-02d4-4d56-9d30-3281f5c98dc7,Texas Caesar Salad,1,NULL,2,Item,,NULL,NULL,NULL,False,NULL,NULL,NULL,True,False,2026-04-30 21:10:30.424779,2026-05-21 13:22:45.204875,12.990,2026-04-30 21:10:32.105183,2026-05-04 10:44:02.324319,2026-05-29 03:11:38.75494,catlg-f877269b-8833-49d9-9ce3-b1753b4a766a,NULL,NULL
Houston Hot Chicken,org-490e23ce-6f23-4d3d-8544-8728f0965cfc,loc-e64a2f15-2da8-4683-82d6-1234afdc34aa,Tempe - University Dr.,catlg-f877269b-8833-49d9-9ce3-b1753b4a766a,Tempe - University Dr. Catalog,False,2026-04-30 21:09:43.680583,2026-05-27 21:02:06.500044,195813,itm-4bfaa8db-8ce2-4d25-9f47-7292687d973f,Mac & Cheese,1,NULL,2,Item,,NULL,NULL,NULL,False,NULL,NULL,NULL,True,False,2026-04-30 21:10:30.424779,2026-05-21 13:22:45.090194,4.990,2026-04-30 21:10:32.109239,2026-05-04 10:44:02.324319,2026-05-29 03:11:38.75494,catlg-f877269b-8833-49d9-9ce3-b1753b4a766a,NULL,NULL
Houston Hot Chicken,org-490e23ce-6f23-4d3d-8544-8728f0965cfc,loc-e64a2f15-2da8-4683-82d6-1234afdc34aa,Tempe - University Dr.,catlg-f877269b-8833-49d9-9ce3-b1753b4a766a,Tempe - University Dr. Catalog,False,2026-04-30 21:09:43.680583,2026-05-27 21:02:06.500044,205207,itm-c7ad0503-82be-4293-ab6c-2e5f67cad885,Chicken Tortilla Soup,1,NULL,1,Item,,NULL,NULL,NULL,False,NULL,NULL,NULL,True,False,2026-04-30 21:10:30.424779,2026-05-21 13:24:02.440975,4.990,2026-04-30 21:10:32.113312,2026-05-04 10:44:02.324319,2026-05-29 03:11:38.75494,catlg-f877269b-8833-49d9-9ce3-b1753b4a766a,NULL,NULL
Houston Hot Chicken,org-490e23ce-6f23-4d3d-8544-8728f0965cfc,loc-e64a2f15-2da8-4683-82d6-1234afdc34aa,Tempe - University Dr.,catlg-f877269b-8833-49d9-9ce3-b1753b4a766a,Tempe - University Dr. Catalog,False,2026-04-30 21:09:43.680583,2026-05-27 21:02:06.500044,202549,itm-fe7e2e42-fae2-4a75-8bb3-f786d9528ab9,Fries (side),1,NULL,2,Item,,NULL,NULL,NULL,False,NULL,NULL,NULL,True,False,2026-04-30 21:10:30.424779,2026-05-21 13:24:02.441766,4.990,2026-04-30 21:10:32.117031,2026-05-04 10:44:02.324319,2026-05-29 03:11:38.75494,catlg-f877269b-8833-49d9-9ce3-b1753b4a766a,NULL,NULL
Houston Hot Chicken,org-490e23ce-6f23-4d3d-8544-8728f0965cfc,loc-e64a2f15-2da8-4683-82d6-1234afdc34aa,Tempe - University Dr.,catlg-f877269b-8833-49d9-9ce3-b1753b4a766a,Tempe - University Dr. Catalog,False,2026-04-30 21:09:43.680583,2026-05-27 21:02:06.500044,206797,itm-746733fe-6409-4629-9239-eb7a6ef39343,5 pc Nuggets (a la carte),1,NULL,1,Item,,NULL,NULL,NULL,False,NULL,NULL,NULL,True,False,2026-04-30 21:10:30.424779,2026-05-21 13:22:45.196369,3.990,2026-04-30 21:10:32.120794,2026-05-04 10:44:02.324319,2026-05-29 03:11:38.75494,catlg-f877269b-8833-49d9-9ce3-b1753b4a766a,NULL,NULL
Houston Hot Chicken,org-490e23ce-6f23-4d3d-8544-8728f0965cfc,loc-e64a2f15-2da8-4683-82d6-1234afdc34aa,Tempe - University Dr.,catlg-f877269b-8833-49d9-9ce3-b1753b4a766a,Tempe - University Dr. Catalog,False,2026-04-30 21:09:43.680583,2026-05-27 21:02:06.500044,194990,itm-65184e36-ea5d-4925-b35b-cf771f1b2cef,10 pc Nuggets (a la carte),1,NULL,1,Item,,NULL,NULL,NULL,False,NULL,NULL,NULL,True,False,2026-04-30 21:10:30.424779,2026-05-21 13:22:45.091713,7.990,2026-04-30 21:10:32.124451,2026-05-04 10:44:02.324319,2026-05-29 03:11:38.75494,catlg-f877269b-8833-49d9-9ce3-b1753b4a766a,NULL,NULL
Houston Hot Chicken,org-490e23ce-6f23-4d3d-8544-8728f0965cfc,loc-e64a2f15-2da8-4683-82d6-1234afdc34aa,Tempe - University Dr.,catlg-f877269b-8833-49d9-9ce3-b1753b4a766a,Tempe - University Dr. Catalog,False,2026-04-30 21:09:43.680583,2026-05-27 21:02:06.500044,202624,itm-f41a873e-886d-4028-8d1b-09d6240a4993,15 pc Nuggets (a la carte),1,NULL,1,Item,,NULL,NULL,NULL,False,NULL,NULL,NULL,True,False,2026-04-30 21:10:30.424779,2026-05-21 13:24:02.442626,11.990,2026-04-30 21:10:32.128418,2026-05-04 10:44:02.324319,2026-05-29 03:11:38.75494,catlg-f877269b-8833-49d9-9ce3-b1753b4a766a,NULL,NULL
Houston Hot Chicken,org-490e23ce-6f23-4d3d-8544-8728f0965cfc,loc-e64a2f15-2da8-4683-82d6-1234afdc34aa,Tempe - University Dr.,catlg-f877269b-8833-49d9-9ce3-b1753b4a766a,Tempe - University Dr. Catalog,False,2026-04-30 21:09:43.680583,2026-05-27 21:02:06.500044,193698,itm-7a96c3a4-a84a-4bdd-a379-285a0f6f10bf,Waffle (a la carte),1,NULL,2,Item,,NULL,NULL,NULL,False,NULL,NULL,NULL,True,False,2026-04-30 21:10:30.424779,2026-05-21 13:22:45.197375,3.990,2026-04-30 21:10:32.132679,2026-05-04 10:44:02.324319,2026-05-29 03:11:38.75494,catlg-f877269b-8833-49d9-9ce3-b1753b4a766a,NULL,NULL
Houston Hot Chicken,org-490e23ce-6f23-4d3d-8544-8728f0965cfc,loc-e64a2f15-2da8-4683-82d6-1234afdc34aa,Tempe - University Dr.,catlg-f877269b-8833-49d9-9ce3-b1753b4a766a,Tempe - University Dr. Catalog,False,2026-04-30 21:09:43.680583,2026-05-27 21:02:06.500044,191481,itm-4a3edc83-321b-476c-bc2b-a09b4e39dd9f,Breast (a la carte),1,NULL,1,Item,,NULL,NULL,NULL,False,NULL,NULL,NULL,True,False,2026-04-30 21:10:30.424779,2026-05-21 13:22:45.198193,5.990,2026-04-30 21:10:32.136899,2026-05-04 10:44:02.324319,2026-05-29 03:11:38.75494,catlg-f877269b-8833-49d9-9ce3-b1753b4a766a,NULL,NULL
Houston Hot Chicken,org-490e23ce-6f23-4d3d-8544-8728f0965cfc,loc-e64a2f15-2da8-4683-82d6-1234afdc34aa,Tempe - University Dr.,catlg-f877269b-8833-49d9-9ce3-b1753b4a766a,Tempe - University Dr. Catalog,False,2026-04-30 21:09:43.680583,2026-05-27 21:02:06.500044,203337,itm-0eaaefba-cdab-48fc-bfd7-0ef5de4bd194,Buns (a la carte),1,NULL,2,Item,,NULL,NULL,NULL,False,NULL,NULL,NULL,True,False,2026-04-30 21:10:30.424779,2026-05-21 13:22:45.199028,2.500,2026-04-30 21:10:32.14087,2026-05-04 10:44:02.324319,2026-05-29 03:11:38.75494,catlg-f877269b-8833-49d9-9ce3-b1753b4a766a,NULL,NULL
Houston Hot Chicken,org-490e23ce-6f23-4d3d-8544-8728f0965cfc,loc-e64a2f15-2da8-4683-82d6-1234afdc34aa,Tempe - University Dr.,catlg-f877269b-8833-49d9-9ce3-b1753b4a766a,Tempe - University Dr. Catalog,False,2026-04-30 21:09:43.680583,2026-05-27 21:02:06.500044,202288,itm-615687fb-91f8-4cbf-800b-7c01716625fb,10 Tender Tray,1,NULL,5,Item,,NULL,NULL,NULL,False,NULL,NULL,NULL,True,False,2026-04-30 21:10:30.424779,2026-05-21 13:22:45.111478,40.000,2026-04-30 21:10:32.427723,2026-05-04 10:44:02.324319,2026-05-29 03:11:38.75494,catlg-f877269b-8833-49d9-9ce3-b1753b4a766a,NULL,NULL
Houston Hot Chicken,org-490e23ce-6f23-4d3d-8544-8728f0965cfc,loc-e64a2f15-2da8-4683-82d6-1234afdc34aa,Tempe - University Dr.,catlg-f877269b-8833-49d9-9ce3-b1753b4a766a,Tempe - University Dr. Catalog,False,2026-04-30 21:09:43.680583,2026-05-27 21:02:06.500044,198955,itm-3f434ebe-b8f5-4771-88e8-3776fdf2260b,20 Tender Platter,1,NULL,5,Item,,NULL,NULL,NULL,False,NULL,NULL,NULL,True,False,2026-04-30 21:10:30.424779,2026-05-21 13:22:45.112217,80.000,2026-04-30 21:10:32.431714,2026-05-04 10:44:02.324319,2026-05-29 03:11:38.75494,catlg-f877269b-8833-49d9-9ce3-b1753b4a766a,NULL,NULL
Houston Hot Chicken,org-490e23ce-6f23-4d3d-8544-8728f0965cfc,loc-e64a2f15-2da8-4683-82d6-1234afdc34aa,Tempe - University Dr.,catlg-f877269b-8833-49d9-9ce3-b1753b4a766a,Tempe - University Dr. Catalog,False,2026-04-30 21:09:43.680583,2026-05-27 21:02:06.500044,201949,itm-d374559b-dbd0-4903-a0b5-186370cfa47e,50 Nugget Platter,1,NULL,5,Item,,NULL,NULL,NULL,False,NULL,NULL,NULL,True,False,2026-04-30 21:10:30.424779,2026-05-27 19:51:35.275509,35.000,2026-04-30 21:10:32.435453,2026-05-04 10:44:02.324319,2026-05-29 03:11:38.75494,catlg-f877269b-8833-49d9-9ce3-b1753b4a766a,NULL,NULL
Houston Hot Chicken,org-490e23ce-6f23-4d3d-8544-8728f0965cfc,loc-e64a2f15-2da8-4683-82d6-1234afdc34aa,Tempe - University Dr.,catlg-f877269b-8833-49d9-9ce3-b1753b4a766a,Tempe - University Dr. Catalog,False,2026-04-30 21:09:43.680583,2026-05-27 21:02:06.500044,199959,itm-2e59bae7-bdb4-425b-8268-efe53e0ce3b4,Waffle Platter (10),1,NULL,2,Item,,NULL,NULL,NULL,False,NULL,NULL,NULL,True,False,2026-04-30 21:10:30.424779,2026-05-21 13:22:45.188497,50.000,2026-04-30 21:10:32.439455,2026-05-04 10:44:02.324319,2026-05-29 03:11:38.75494,catlg-f877269b-8833-49d9-9ce3-b1753b4a766a,NULL,NULL
Houston Hot Chicken,org-490e23ce-6f23-4d3d-8544-8728f0965cfc,loc-e64a2f15-2da8-4683-82d6-1234afdc34aa,Tempe - University Dr.,catlg-f877269b-8833-49d9-9ce3-b1753b4a766a,Tempe - University Dr. Catalog,False,2026-04-30 21:09:43.680583,2026-05-27 21:02:06.500044,192285,itm-f074970b-812c-4040-88a0-22287987a2ee,Coleslaw Platter,1,NULL,2,Item,,NULL,NULL,NULL,False,NULL,NULL,NULL,True,False,2026-04-30 21:10:30.424779,2026-05-21 13:22:45.112955,27.950,2026-04-30 21:10:32.443626,2026-05-04 10:44:02.324319,2026-05-29 03:11:38.75494,catlg-f877269b-8833-49d9-9ce3-b1753b4a766a,NULL,NULL
Houston Hot Chicken,org-490e23ce-6f23-4d3d-8544-8728f0965cfc,loc-e64a2f15-2da8-4683-82d6-1234afdc34aa,Tempe - University Dr.,catlg-f877269b-8833-49d9-9ce3-b1753b4a766a,Tempe - University Dr. Catalog,False,2026-04-30 21:09:43.680583,2026-05-27 21:02:06.500044,194057,itm-952a15b0-f10a-45d8-be69-d4c7e19ced35,Chips Platter,1,NULL,2,Item,,NULL,NULL,NULL,False,NULL,NULL,NULL,True,False,2026-04-30 21:10:30.424779,2026-05-21 13:22:45.114544,20.000,2026-04-30 21:10:32.451554,2026-05-04 10:44:02.324319,2026-05-29 03:11:38.75494,catlg-f877269b-8833-49d9-9ce3-b1753b4a766a,NULL,NULL
Houston Hot Chicken,org-490e23ce-6f23-4d3d-8544-8728f0965cfc,loc-e64a2f15-2da8-4683-82d6-1234afdc34aa,Tempe - University Dr.,catlg-f877269b-8833-49d9-9ce3-b1753b4a766a,Tempe - University Dr. Catalog,False,2026-04-30 21:09:43.680583,2026-05-27 21:02:06.500044,200489,itm-3d84832f-497f-4b35-98a9-3cc3dc66b7b1,Large Chips Platter,1,NULL,2,Item,,NULL,NULL,NULL,False,NULL,NULL,NULL,True,False,2026-04-30 21:10:30.424779,2026-05-21 13:22:45.212217,30.000,2026-04-30 21:10:32.462405,2026-05-04 10:44:02.324319,2026-05-29 03:11:38.75494,catlg-f877269b-8833-49d9-9ce3-b1753b4a766a,NULL,NULL
Houston Hot Chicken,org-490e23ce-6f23-4d3d-8544-8728f0965cfc,loc-e64a2f15-2da8-4683-82d6-1234afdc34aa,Tempe - University Dr.,catlg-f877269b-8833-49d9-9ce3-b1753b4a766a,Tempe - University Dr. Catalog,False,2026-04-30 21:09:43.680583,2026-05-27 21:02:06.500044,200788,itm-f994e3f5-a110-4252-b1c2-8c27bc7595fc,Small Fry Platter,1,NULL,2,Item,,NULL,NULL,NULL,False,NULL,NULL,NULL,True,False,2026-04-30 21:10:30.424779,2026-05-21 13:22:45.115356,28.000,2026-04-30 21:10:32.46632,2026-05-04 10:44:02.324319,2026-05-29 03:11:38.75494,catlg-f877269b-8833-49d9-9ce3-b1753b4a766a,NULL,NULL
Houston Hot Chicken,org-490e23ce-6f23-4d3d-8544-8728f0965cfc,loc-e64a2f15-2da8-4683-82d6-1234afdc34aa,Tempe - University Dr.,catlg-f877269b-8833-49d9-9ce3-b1753b4a766a,Tempe - University Dr. Catalog,False,2026-04-30 21:09:43.680583,2026-05-27 21:02:06.500044,202924,itm-b24bf6a7-5180-4d50-925a-abe55fbd632f,Dos XX 21oz,1,NULL,3,Item,,NULL,NULL,NULL,False,NULL,NULL,NULL,True,False,2026-04-30 21:10:30.424779,2026-05-21 13:24:02.433027,5.990,2026-04-30 21:10:32.498416,2026-05-04 10:44:02.324319,2026-05-29 03:11:38.75494,catlg-f877269b-8833-49d9-9ce3-b1753b4a766a,NULL,NULL
Houston Hot Chicken,org-490e23ce-6f23-4d3d-8544-8728f0965cfc,loc-e64a2f15-2da8-4683-82d6-1234afdc34aa,Tempe - University Dr.,catlg-f877269b-8833-49d9-9ce3-b1753b4a766a,Tempe - University Dr. Catalog,False,2026-04-30 21:09:43.680583,2026-05-27 21:02:06.500044,200002,itm-c06f5b3a-cfaf-469e-a3e0-44a4d33a53fe,Truly Wild Berry 21oz,1,NULL,3,Item,,NULL,NULL,NULL,False,NULL,NULL,NULL,True,False,2026-04-30 21:10:30.424779,2026-05-21 13:22:45.122062,5.990,2026-04-30 21:10:32.505958,2026-05-04 10:44:02.324319,2026-05-29 03:11:38.75494,catlg-f877269b-8833-49d9-9ce3-b1753b4a766a,NULL,NULL
Houston Hot Chicken,org-490e23ce-6f23-4d3d-8544-8728f0965cfc,loc-e64a2f15-2da8-4683-82d6-1234afdc34aa,Tempe - University Dr.,catlg-f877269b-8833-49d9-9ce3-b1753b4a766a,Tempe - University Dr. Catalog,False,2026-04-30 21:09:43.680583,2026-05-27 21:02:06.500044,196728,itm-d4c5091e-7bcb-44e2-a3e0-034de5476ee7,Corona Premier 12oz,1,NULL,3,Item,,NULL,NULL,NULL,False,NULL,NULL,NULL,True,False,2026-04-30 21:10:30.424779,2026-05-21 13:22:45.2083,4.990,2026-04-30 21:10:32.509741,2026-05-04 10:44:02.324319,2026-05-29 03:11:38.75494,catlg-f877269b-8833-49d9-9ce3-b1753b4a766a,NULL,NULL
Houston Hot Chicken,org-490e23ce-6f23-4d3d-8544-8728f0965cfc,loc-e64a2f15-2da8-4683-82d6-1234afdc34aa,Tempe - University Dr.,catlg-f877269b-8833-49d9-9ce3-b1753b4a766a,Tempe - University Dr. Catalog,False,2026-04-30 21:09:43.680583,2026-05-27 21:02:06.500044,196988,itm-16e6d161-9ac2-4522-adcb-d32827396c6e,Heineken 12oz,1,NULL,3,Item,,NULL,NULL,NULL,False,NULL,NULL,NULL,True,False,2026-04-30 21:10:30.424779,2026-05-21 13:22:45.20917,4.990,2026-04-30 21:10:32.513705,2026-05-04 10:44:02.324319,2026-05-29 03:11:38.75494,catlg-f877269b-8833-49d9-9ce3-b1753b4a766a,NULL,NULL
Houston Hot Chicken,org-490e23ce-6f23-4d3d-8544-8728f0965cfc,loc-e64a2f15-2da8-4683-82d6-1234afdc34aa,Tempe - University Dr.,catlg-f877269b-8833-49d9-9ce3-b1753b4a766a,Tempe - University Dr. Catalog,False,2026-04-30 21:09:43.680583,2026-05-27 21:02:06.500044,195113,itm-05bdb00d-43f6-41e0-8b33-154ef3972749,Dos XX Amber 12oz,1,NULL,3,Item,,NULL,NULL,NULL,False,NULL,NULL,NULL,True,False,2026-04-30 21:10:30.424779,2026-05-21 13:22:45.122963,4.990,2026-04-30 21:10:32.517711,2026-05-04 10:44:02.324319,2026-05-29 03:11:38.75494,catlg-f877269b-8833-49d9-9ce3-b1753b4a766a,NULL,NULL
Houston Hot Chicken,org-490e23ce-6f23-4d3d-8544-8728f0965cfc,loc-e64a2f15-2da8-4683-82d6-1234afdc34aa,Tempe - University Dr.,catlg-f877269b-8833-49d9-9ce3-b1753b4a766a,Tempe - University Dr. Catalog,False,2026-04-30 21:09:43.680583,2026-05-27 21:02:06.500044,193469,itm-72ec50bd-1b62-4eaf-9521-d137893c76f1,Hop Water 12oz,1,NULL,3,Item,,NULL,NULL,NULL,False,NULL,NULL,NULL,True,False,2026-04-30 21:10:30.424779,2026-05-21 13:22:45.123774,4.990,2026-04-30 21:10:32.522416,2026-05-04 10:44:02.324319,2026-05-29 03:11:38.75494,catlg-f877269b-8833-49d9-9ce3-b1753b4a766a,NULL,NULL
Houston Hot Chicken,org-490e23ce-6f23-4d3d-8544-8728f0965cfc,loc-e64a2f15-2da8-4683-82d6-1234afdc34aa,Tempe - University Dr.,catlg-f877269b-8833-49d9-9ce3-b1753b4a766a,Tempe - University Dr. Catalog,False,2026-04-30 21:09:43.680583,2026-05-27 21:02:06.500044,204297,itm-49fe5551-4b19-49b5-835f-2aa99b81ab84,Modelo Chelada Bomber 24oz,1,NULL,3,Item,,NULL,NULL,NULL,False,NULL,NULL,NULL,True,False,2026-04-30 21:10:30.424779,2026-05-21 13:22:45.191846,6.990,2026-04-30 21:10:32.526715,2026-05-04 10:44:02.324319,2026-05-29 03:11:38.75494,catlg-f877269b-8833-49d9-9ce3-b1753b4a766a,NULL,NULL
Houston Hot Chicken,org-490e23ce-6f23-4d3d-8544-8728f0965cfc,loc-e64a2f15-2da8-4683-82d6-1234afdc34aa,Tempe - University Dr.,catlg-f877269b-8833-49d9-9ce3-b1753b4a766a,Tempe - University Dr. Catalog,False,2026-04-30 21:09:43.680583,2026-05-27 21:02:06.500044,194280,itm-010ee972-2284-4c0a-a9d1-6718c90e37a6,Huss Hopalooza 16oz Cans,1,NULL,3,Item,,NULL,NULL,NULL,False,NULL,NULL,NULL,True,False,2026-04-30 21:10:30.424779,2026-05-21 13:24:02.433735,5.990,2026-04-30 21:10:32.530487,2026-05-04 10:44:02.324319,2026-05-29 03:11:38.75494,catlg-f877269b-8833-49d9-9ce3-b1753b4a766a,NULL,NULL
Houston Hot Chicken,org-490e23ce-6f23-4d3d-8544-8728f0965cfc,loc-e64a2f15-2da8-4683-82d6-1234afdc34aa,Tempe - University Dr.,catlg-f877269b-8833-49d9-9ce3-b1753b4a766a,Tempe - University Dr. Catalog,False,2026-04-30 21:09:43.680583,2026-05-27 21:02:06.500044,195971,itm-73294e1f-edd6-4b4f-93f4-8a5f7c1fcb7d,Woodchuck Cider 21oz,1,NULL,3,Item,,NULL,NULL,NULL,False,NULL,NULL,NULL,True,False,2026-04-30 21:10:30.424779,2026-05-21 13:24:02.434437,4.990,2026-04-30 21:10:32.534681,2026-05-04 10:44:02.324319,2026-05-29 03:11:38.75494,catlg-f877269b-8833-49d9-9ce3-b1753b4a766a,NULL,NULL
Houston Hot Chicken,org-490e23ce-6f23-4d3d-8544-8728f0965cfc,loc-e64a2f15-2da8-4683-82d6-1234afdc34aa,Tempe - University Dr.,catlg-f877269b-8833-49d9-9ce3-b1753b4a766a,Tempe - University Dr. Catalog,False,2026-04-30 21:09:43.680583,2026-05-27 21:02:06.500044,204611,itm-eae0d4e2-7dbc-4695-959a-0b753e7335ef,Blue Moon 16oz Cans,1,NULL,3,Item,,NULL,NULL,NULL,False,NULL,NULL,NULL,True,False,2026-04-30 21:10:30.424779,2026-05-21 13:22:45.124619,5.990,2026-04-30 21:10:32.539565,2026-05-04 10:44:02.324319,2026-05-29 03:11:38.75494,catlg-f877269b-8833-49d9-9ce3-b1753b4a766a,NULL,NULL
Houston Hot Chicken,org-490e23ce-6f23-4d3d-8544-8728f0965cfc,loc-e64a2f15-2da8-4683-82d6-1234afdc34aa,Tempe - University Dr.,catlg-f877269b-8833-49d9-9ce3-b1753b4a766a,Tempe - University Dr. Catalog,False,2026-04-30 21:09:43.680583,2026-05-27 21:02:06.500044,198402,itm-ced8e0f6-ae4d-44be-a368-480d74c1b344,Titos (Shot),1,NULL,3,Item,,NULL,NULL,NULL,False,NULL,NULL,NULL,True,False,2026-04-30 21:10:30.424779,2026-05-21 13:22:45.210449,4.000,2026-04-30 21:10:32.547613,2026-05-04 10:44:02.324319,2026-05-29 03:11:38.75494,catlg-f877269b-8833-49d9-9ce3-b1753b4a766a,NULL,NULL
Houston Hot Chicken,org-490e23ce-6f23-4d3d-8544-8728f0965cfc,loc-e64a2f15-2da8-4683-82d6-1234afdc34aa,Tempe - University Dr.,catlg-f877269b-8833-49d9-9ce3-b1753b4a766a,Tempe - University Dr. Catalog,False,2026-04-30 21:09:43.680583,2026-05-27 21:02:06.500044,206832,itm-f94ab853-80bc-4782-885b-46570c2b7f83,Casadores (Shot),1,NULL,3,Item,,NULL,NULL,NULL,False,NULL,NULL,NULL,True,False,2026-04-30 21:10:30.424779,2026-05-21 13:22:45.211413,4.000,2026-04-30 21:10:32.55155,2026-05-04 10:44:02.324319,2026-05-29 03:11:38.75494,catlg-f877269b-8833-49d9-9ce3-b1753b4a766a,NULL,NULL
Houston Hot Chicken,org-490e23ce-6f23-4d3d-8544-8728f0965cfc,loc-e64a2f15-2da8-4683-82d6-1234afdc34aa,Tempe - University Dr.,catlg-f877269b-8833-49d9-9ce3-b1753b4a766a,Tempe - University Dr. Catalog,False,2026-04-30 21:09:43.680583,2026-05-27 21:02:06.500044,193373,itm-46c660f3-56c4-4c0f-be65-73111db0b258,Cucumber Mojito (RTD),1,NULL,3,Item,,NULL,NULL,NULL,False,NULL,NULL,NULL,True,False,2026-04-30 21:10:30.424779,2026-05-21 13:24:02.43528,5.000,2026-04-30 21:10:32.554931,2026-05-04 10:44:02.324319,2026-05-29 03:11:38.75494,catlg-f877269b-8833-49d9-9ce3-b1753b4a766a,NULL,NULL
Houston Hot Chicken,org-490e23ce-6f23-4d3d-8544-8728f0965cfc,loc-e64a2f15-2da8-4683-82d6-1234afdc34aa,Tempe - University Dr.,catlg-f877269b-8833-49d9-9ce3-b1753b4a766a,Tempe - University Dr. Catalog,False,2026-04-30 21:09:43.680583,2026-05-27 21:02:06.500044,197629,itm-07e619aa-092d-4d74-84be-912c3803efcf,Ruby Red Mojito (RTD),1,NULL,3,Item,,NULL,NULL,NULL,False,NULL,NULL,NULL,True,False,2026-04-30 21:10:30.424779,2026-05-21 13:24:02.436145,5.000,2026-04-30 21:10:32.559004,2026-05-04 10:44:02.324319,2026-05-29 03:11:38.75494,catlg-f877269b-8833-49d9-9ce3-b1753b4a766a,NULL,NULL
Houston Hot Chicken,org-490e23ce-6f23-4d3d-8544-8728f0965cfc,loc-e64a2f15-2da8-4683-82d6-1234afdc34aa,Tempe - University Dr.,catlg-f877269b-8833-49d9-9ce3-b1753b4a766a,Tempe - University Dr. Catalog,False,2026-04-30 21:09:43.680583,2026-05-27 21:02:06.500044,195288,itm-4ab64d70-132c-4c7f-8a50-36403aca619f,Long Drink (RTD),1,NULL,1,Item,,NULL,NULL,NULL,False,NULL,NULL,NULL,True,False,2026-04-30 21:10:30.424779,2026-05-21 13:24:02.423634,5.000,2026-04-30 21:10:32.562589,2026-05-04 10:44:02.324319,2026-05-29 03:11:38.75494,catlg-f877269b-8833-49d9-9ce3-b1753b4a766a,NULL,NULL
Houston Hot Chicken,org-490e23ce-6f23-4d3d-8544-8728f0965cfc,loc-e64a2f15-2da8-4683-82d6-1234afdc34aa,Tempe - University Dr.,catlg-f877269b-8833-49d9-9ce3-b1753b4a766a,Tempe - University Dr. Catalog,False,2026-04-30 21:09:43.680583,2026-05-27 21:02:06.500044,206596,itm-e619b084-c34c-4820-82d8-e6f6a9920126,Blakes Hard Cider (16 oz Draft),1,NULL,3,Item,,NULL,NULL,NULL,False,NULL,NULL,NULL,True,False,2026-04-30 21:10:30.424779,2026-05-21 13:24:02.424467,7.000,2026-04-30 21:10:32.566004,2026-05-04 10:44:02.324319,2026-05-29 03:11:38.75494,catlg-f877269b-8833-49d9-9ce3-b1753b4a766a,NULL,NULL
Houston Hot Chicken,org-490e23ce-6f23-4d3d-8544-8728f0965cfc,loc-e64a2f15-2da8-4683-82d6-1234afdc34aa,Tempe - University Dr.,catlg-f877269b-8833-49d9-9ce3-b1753b4a766a,Tempe - University Dr. Catalog,False,2026-04-30 21:09:43.680583,2026-05-27 21:02:06.500044,203794,itm-fefc6241-54bc-4b4a-bc75-9f2869fc6b69,House Mazes Bahnhof\Spanish Steps (16 oz Draft),1,NULL,3,Item,,NULL,NULL,NULL,False,NULL,NULL,NULL,True,False,2026-04-30 21:10:30.424779,2026-05-21 13:24:02.425258,9.000,2026-04-30 21:10:32.571117,2026-05-04 10:44:02.324319,2026-05-29 03:11:38.75494,catlg-f877269b-8833-49d9-9ce3-b1753b4a766a,NULL,NULL
Houston Hot Chicken,org-490e23ce-6f23-4d3d-8544-8728f0965cfc,loc-e64a2f15-2da8-4683-82d6-1234afdc34aa,Tempe - University Dr.,catlg-f877269b-8833-49d9-9ce3-b1753b4a766a,Tempe - University Dr. Catalog,False,2026-04-30 21:09:43.680583,2026-05-27 21:02:06.500044,206291,itm-be952b87-82ce-42ce-9c21-3b401d0d965a,Fate Fateful IPA (16 oz Draft),1,NULL,3,Item,,NULL,NULL,NULL,False,NULL,NULL,NULL,True,False,2026-04-30 21:10:30.424779,2026-05-21 13:24:02.436929,7.000,2026-04-30 21:10:32.574802,2026-05-04 10:44:02.324319,2026-05-29 03:11:38.75494,catlg-f877269b-8833-49d9-9ce3-b1753b4a766a,NULL,NULL
Houston Hot Chicken,org-490e23ce-6f23-4d3d-8544-8728f0965cfc,loc-e64a2f15-2da8-4683-82d6-1234afdc34aa,Tempe - University Dr.,catlg-f877269b-8833-49d9-9ce3-b1753b4a766a,Tempe - University Dr. Catalog,False,2026-04-30 21:09:43.680583,2026-05-27 21:02:06.500044,198569,itm-f6a79eeb-1675-4a6b-8771-59ed28d44e13,Twisted Tea 16oz,1,NULL,3,Item,,NULL,NULL,NULL,False,NULL,NULL,NULL,True,False,2026-04-30 21:10:30.424779,2026-05-21 13:24:02.437614,4.990,2026-04-30 21:10:32.578325,2026-05-04 10:44:02.324319,2026-05-29 03:11:38.75494,catlg-f877269b-8833-49d9-9ce3-b1753b4a766a,NULL,NULL
Houston Hot Chicken,org-490e23ce-6f23-4d3d-8544-8728f0965cfc,loc-e64a2f15-2da8-4683-82d6-1234afdc34aa,Tempe - University Dr.,catlg-f877269b-8833-49d9-9ce3-b1753b4a766a,Tempe - University Dr. Catalog,False,2026-04-30 21:09:43.680583,2026-05-27 21:02:06.500044,206712,itm-525579f7-8aaf-44f1-aee5-a2ea9ac23a75,Happy Dad,1,NULL,6,Item,,NULL,NULL,NULL,False,NULL,NULL,NULL,True,False,2026-04-30 21:10:30.424779,2026-05-21 13:24:02.422769,5.000,2026-04-30 21:10:32.543395,2026-05-04 10:44:02.324319,2026-05-29 03:11:38.75494,catlg-f877269b-8833-49d9-9ce3-b1753b4a766a,NULL,NULL
Houston Hot Chicken,org-490e23ce-6f23-4d3d-8544-8728f0965cfc,loc-e64a2f15-2da8-4683-82d6-1234afdc34aa,Tempe - University Dr.,catlg-f877269b-8833-49d9-9ce3-b1753b4a766a,Tempe - University Dr. Catalog,False,2026-04-30 21:09:43.680583,2026-05-27 21:02:06.500044,193076,itm-96d9cb9f-965d-4a48-a7a4-7a48728b683b,Cheesy Sandwich (a la carte),1,NULL,1,Item,,NULL,NULL,NULL,False,NULL,NULL,NULL,True,False,2026-04-30 21:10:30.424779,2026-05-21 13:22:45.199884,10.990,2026-04-30 21:10:32.144827,2026-05-04 10:44:02.324319,2026-05-29 03:11:38.75494,catlg-f877269b-8833-49d9-9ce3-b1753b4a766a,NULL,NULL
Houston Hot Chicken,org-490e23ce-6f23-4d3d-8544-8728f0965cfc,loc-e64a2f15-2da8-4683-82d6-1234afdc34aa,Tempe - University Dr.,catlg-f877269b-8833-49d9-9ce3-b1753b4a766a,Tempe - University Dr. Catalog,False,2026-04-30 21:09:43.680583,2026-05-27 21:02:06.500044,204018,itm-c956ee8c-e419-45f7-a6c3-6dacc7785bad,Coleslaw (side),1,NULL,2,Item,,NULL,NULL,NULL,False,NULL,NULL,NULL,True,False,2026-04-30 21:10:30.424779,2026-05-21 13:22:45.200717,2.500,2026-04-30 21:10:32.148569,2026-05-04 10:44:02.324319,2026-05-29 03:11:38.75494,catlg-f877269b-8833-49d9-9ce3-b1753b4a766a,NULL,NULL
Houston Hot Chicken,org-490e23ce-6f23-4d3d-8544-8728f0965cfc,loc-e64a2f15-2da8-4683-82d6-1234afdc34aa,Tempe - University Dr.,catlg-f877269b-8833-49d9-9ce3-b1753b4a766a,Tempe - University Dr. Catalog,False,2026-04-30 21:09:43.680583,2026-05-27 21:02:06.500044,195233,itm-a059f585-7f19-4c6e-82b3-900f31a16d16,Pickles (side),1,NULL,2,Item,,NULL,NULL,NULL,False,NULL,NULL,NULL,True,False,2026-04-30 21:10:30.424779,2026-05-21 13:22:45.201589,2.500,2026-04-30 21:10:32.152317,2026-05-04 10:44:02.324319,2026-05-29 03:11:38.75494,catlg-f877269b-8833-49d9-9ce3-b1753b4a766a,NULL,NULL
Houston Hot Chicken,org-490e23ce-6f23-4d3d-8544-8728f0965cfc,loc-e64a2f15-2da8-4683-82d6-1234afdc34aa,Tempe - University Dr.,catlg-f877269b-8833-49d9-9ce3-b1753b4a766a,Tempe - University Dr. Catalog,False,2026-04-30 21:09:43.680583,2026-05-27 21:02:06.500044,191681,itm-fd08a007-c71f-4f63-b9fb-1f36eaf270be,Classic Sandwich (a la carte),1,NULL,1,Item,,NULL,NULL,NULL,False,NULL,NULL,NULL,True,False,2026-04-30 21:10:30.424779,2026-05-21 13:22:45.17806,9.000,2026-04-30 21:10:32.156373,2026-05-04 10:44:02.324319,2026-05-29 03:11:38.75494,catlg-f877269b-8833-49d9-9ce3-b1753b4a766a,NULL,NULL
Houston Hot Chicken,org-490e23ce-6f23-4d3d-8544-8728f0965cfc,loc-e64a2f15-2da8-4683-82d6-1234afdc34aa,Tempe - University Dr.,catlg-f877269b-8833-49d9-9ce3-b1753b4a766a,Tempe - University Dr. Catalog,False,2026-04-30 21:09:43.680583,2026-05-27 21:02:06.500044,198058,itm-2e781662-4f7d-4695-a4f0-c4b714db6b61,Original Sandwich (a la carte),1,NULL,1,Item,,NULL,NULL,NULL,False,NULL,NULL,NULL,True,False,2026-04-30 21:10:30.424779,2026-05-21 13:22:45.178865,10.000,2026-04-30 21:10:32.160426,2026-05-04 10:44:02.324319,2026-05-29 03:11:38.75494,catlg-f877269b-8833-49d9-9ce3-b1753b4a766a,NULL,NULL
Houston Hot Chicken,org-490e23ce-6f23-4d3d-8544-8728f0965cfc,loc-e64a2f15-2da8-4683-82d6-1234afdc34aa,Tempe - University Dr.,catlg-f877269b-8833-49d9-9ce3-b1753b4a766a,Tempe - University Dr. Catalog,False,2026-04-30 21:09:43.680583,2026-05-27 21:02:06.500044,203118,itm-5a9c36b7-c7cf-475e-b3cf-1d80fed761a2,Tender (a la carte),1,NULL,1,Item,,NULL,NULL,NULL,False,NULL,NULL,NULL,True,False,2026-04-30 21:10:30.424779,2026-05-21 13:24:02.443422,4.000,2026-04-30 21:10:32.164266,2026-05-04 10:44:02.324319,2026-05-29 03:11:38.75494,catlg-f877269b-8833-49d9-9ce3-b1753b4a766a,NULL,NULL
Houston Hot Chicken,org-490e23ce-6f23-4d3d-8544-8728f0965cfc,loc-e64a2f15-2da8-4683-82d6-1234afdc34aa,Tempe - University Dr.,catlg-f877269b-8833-49d9-9ce3-b1753b4a766a,Tempe - University Dr. Catalog,False,2026-04-30 21:09:43.680583,2026-05-27 21:02:06.500044,196377,itm-a7b75507-c71b-4f0f-a3cc-93ca08508a83,Small Fountain Drink,1,NULL,3,Item,,NULL,NULL,NULL,False,NULL,NULL,NULL,True,False,2026-04-30 21:10:30.424779,2026-05-21 13:22:45.205726,2.290,2026-04-30 21:10:32.167977,2026-05-04 10:44:02.324319,2026-05-29 03:11:38.75494,catlg-f877269b-8833-49d9-9ce3-b1753b4a766a,NULL,NULL
Houston Hot Chicken,org-490e23ce-6f23-4d3d-8544-8728f0965cfc,loc-e64a2f15-2da8-4683-82d6-1234afdc34aa,Tempe - University Dr.,catlg-f877269b-8833-49d9-9ce3-b1753b4a766a,Tempe - University Dr. Catalog,False,2026-04-30 21:09:43.680583,2026-05-27 21:02:06.500044,201138,itm-9bf01c88-328d-4929-bb65-e657eebb0ae5,Regular Fountain Drink,1,NULL,3,Item,,NULL,NULL,NULL,False,NULL,NULL,NULL,True,False,2026-04-30 21:10:30.424779,2026-05-21 13:22:45.202399,2.990,2026-04-30 21:10:32.172009,2026-05-04 10:44:02.324319,2026-05-29 03:11:38.75494,catlg-f877269b-8833-49d9-9ce3-b1753b4a766a,NULL,NULL
Houston Hot Chicken,org-490e23ce-6f23-4d3d-8544-8728f0965cfc,loc-e64a2f15-2da8-4683-82d6-1234afdc34aa,Tempe - University Dr.,catlg-f877269b-8833-49d9-9ce3-b1753b4a766a,Tempe - University Dr. Catalog,False,2026-04-30 21:09:43.680583,2026-05-27 21:02:06.500044,204551,itm-353ad90c-25a9-4bfe-bdaa-bf8a06d34988,Chilled Blueberry Lavender Lemonade,1,NULL,3,Item,,NULL,NULL,NULL,False,NULL,NULL,NULL,True,False,2026-04-30 21:10:30.424779,2026-05-21 13:22:45.203148,4.990,2026-04-30 21:10:32.175956,2026-05-04 10:44:02.324319,2026-05-29 03:11:38.75494,catlg-f877269b-8833-49d9-9ce3-b1753b4a766a,NULL,NULL
Houston Hot Chicken,org-490e23ce-6f23-4d3d-8544-8728f0965cfc,loc-e64a2f15-2da8-4683-82d6-1234afdc34aa,Tempe - University Dr.,catlg-f877269b-8833-49d9-9ce3-b1753b4a766a,Tempe - University Dr. Catalog,False,2026-04-30 21:09:43.680583,2026-05-27 21:02:06.500044,200134,itm-6a223087-c502-4ac8-a5f2-37d42d269f2b,Chilled Cucumber Watermelon Lemonade,1,NULL,3,Item,,NULL,NULL,NULL,False,NULL,NULL,NULL,True,False,2026-04-30 21:10:30.424779,2026-05-21 13:22:45.203944,4.990,2026-04-30 21:10:32.180121,2026-05-04 10:44:02.324319,2026-05-29 03:11:38.75494,catlg-f877269b-8833-49d9-9ce3-b1753b4a766a,NULL,NULL
Houston Hot Chicken,org-490e23ce-6f23-4d3d-8544-8728f0965cfc,loc-e64a2f15-2da8-4683-82d6-1234afdc34aa,Tempe - University Dr.,catlg-f877269b-8833-49d9-9ce3-b1753b4a766a,Tempe - University Dr. Catalog,False,2026-04-30 21:09:43.680583,2026-05-27 21:02:06.500044,197276,itm-cb95ab63-de0f-4678-b735-6b512bf5978f,Chilled Strawberry Hibiscus Lemonade,1,NULL,3,Item,,NULL,NULL,NULL,False,NULL,NULL,NULL,True,False,2026-04-30 21:10:30.424779,2026-05-21 13:22:45.092756,4.990,2026-04-30 21:10:32.183911,2026-05-04 10:44:02.324319,2026-05-29 03:11:38.75494,catlg-f877269b-8833-49d9-9ce3-b1753b4a766a,NULL,NULL
Houston Hot Chicken,org-490e23ce-6f23-4d3d-8544-8728f0965cfc,loc-e64a2f15-2da8-4683-82d6-1234afdc34aa,Tempe - University Dr.,catlg-f877269b-8833-49d9-9ce3-b1753b4a766a,Tempe - University Dr. Catalog,False,2026-04-30 21:09:43.680583,2026-05-27 21:02:06.500044,191760,itm-efc96219-4469-4119-9efb-da1371a988db,Frozen Blueberry Lavender Lemonade,1,NULL,3,Item,,NULL,NULL,NULL,False,NULL,NULL,NULL,True,False,2026-04-30 21:10:30.424779,2026-05-21 13:22:45.094769,5.990,2026-04-30 21:10:32.18769,2026-05-04 10:44:02.324319,2026-05-29 03:11:38.75494,catlg-f877269b-8833-49d9-9ce3-b1753b4a766a,NULL,NULL
Houston Hot Chicken,org-490e23ce-6f23-4d3d-8544-8728f0965cfc,loc-e64a2f15-2da8-4683-82d6-1234afdc34aa,Tempe - University Dr.,catlg-f877269b-8833-49d9-9ce3-b1753b4a766a,Tempe - University Dr. Catalog,False,2026-04-30 21:09:43.680583,2026-05-27 21:02:06.500044,201230,itm-e65393d7-b6e9-4cee-98fb-b16b5a6ee8a1,Frozen Cucumber Watermelon Lemonade,1,NULL,3,Item,,NULL,NULL,NULL,False,NULL,NULL,NULL,True,False,2026-04-30 21:10:30.424779,2026-05-21 13:24:02.4442,5.990,2026-04-30 21:10:32.191753,2026-05-04 10:44:02.324319,2026-05-29 03:11:38.75494,catlg-f877269b-8833-49d9-9ce3-b1753b4a766a,NULL,NULL
Houston Hot Chicken,org-490e23ce-6f23-4d3d-8544-8728f0965cfc,loc-e64a2f15-2da8-4683-82d6-1234afdc34aa,Tempe - University Dr.,catlg-f877269b-8833-49d9-9ce3-b1753b4a766a,Tempe - University Dr. Catalog,False,2026-04-30 21:09:43.680583,2026-05-27 21:02:06.500044,201750,itm-32fb6ca4-677d-4d9d-8b8a-2db7cc128366,Frozen Strawberry Hibiscus Lemonade,1,NULL,3,Item,,NULL,NULL,NULL,False,NULL,NULL,NULL,True,False,2026-04-30 21:10:30.424779,2026-05-21 13:24:02.429058,5.990,2026-04-30 21:10:32.195653,2026-05-04 10:44:02.324319,2026-05-29 03:11:38.75494,catlg-f877269b-8833-49d9-9ce3-b1753b4a766a,NULL,NULL
Houston Hot Chicken,org-490e23ce-6f23-4d3d-8544-8728f0965cfc,loc-e64a2f15-2da8-4683-82d6-1234afdc34aa,Tempe - University Dr.,catlg-f877269b-8833-49d9-9ce3-b1753b4a766a,Tempe - University Dr. Catalog,False,2026-04-30 21:09:43.680583,2026-05-27 21:02:06.500044,204284,itm-2550a7f4-a622-4b7d-98d4-1117c72e58b4,Frozen Regular Lemonade,1,NULL,3,Item,,NULL,NULL,NULL,False,NULL,NULL,NULL,True,False,2026-04-30 21:10:30.424779,2026-05-21 13:22:45.095653,5.990,2026-04-30 21:10:32.199592,2026-05-04 10:44:02.324319,2026-05-29 03:11:38.75494,catlg-f877269b-8833-49d9-9ce3-b1753b4a766a,NULL,NULL
Houston Hot Chicken,org-490e23ce-6f23-4d3d-8544-8728f0965cfc,loc-e64a2f15-2da8-4683-82d6-1234afdc34aa,Tempe - University Dr.,catlg-f877269b-8833-49d9-9ce3-b1753b4a766a,Tempe - University Dr. Catalog,False,2026-04-30 21:09:43.680583,2026-05-27 21:02:06.500044,199059,itm-8d20b359-67cc-460d-be15-6a6c7c9fb68a,Pellegrino Sparkling,1,NULL,3,Item,,NULL,NULL,NULL,False,NULL,NULL,NULL,True,False,2026-04-30 21:10:30.424779,2026-05-21 13:22:45.213036,2.500,2026-04-30 21:10:32.214191,2026-05-04 10:44:02.324319,2026-05-29 03:11:38.75494,catlg-f877269b-8833-49d9-9ce3-b1753b4a766a,NULL,NULL
Houston Hot Chicken,org-490e23ce-6f23-4d3d-8544-8728f0965cfc,loc-e64a2f15-2da8-4683-82d6-1234afdc34aa,Tempe - University Dr.,catlg-f877269b-8833-49d9-9ce3-b1753b4a766a,Tempe - University Dr. Catalog,False,2026-04-30 21:09:43.680583,2026-05-27 21:02:06.500044,204646,itm-2b7a49e8-941a-4cbc-9da3-c19d08d104bd,Kids Honest Juice,1,NULL,3,Item,,NULL,NULL,NULL,False,NULL,NULL,NULL,True,False,2026-04-30 21:10:30.424779,2026-05-21 13:24:02.444957,1.500,2026-04-30 21:10:32.218059,2026-05-04 10:44:02.324319,2026-05-29 03:11:38.75494,catlg-f877269b-8833-49d9-9ce3-b1753b4a766a,NULL,NULL
Houston Hot Chicken,org-490e23ce-6f23-4d3d-8544-8728f0965cfc,loc-e64a2f15-2da8-4683-82d6-1234afdc34aa,Tempe - University Dr.,catlg-f877269b-8833-49d9-9ce3-b1753b4a766a,Tempe - University Dr. Catalog,False,2026-04-30 21:09:43.680583,2026-05-27 21:02:06.500044,192573,itm-c388754c-d758-44ff-b6f5-b46c8fed54a5,Lemonade Refill,1,NULL,3,Item,,NULL,NULL,NULL,False,NULL,NULL,NULL,False,False,2026-04-30 21:10:30.424779,2026-05-21 13:24:02.445817,2.000,2026-04-30 21:10:32.222164,2026-05-04 10:44:02.324319,2026-05-29 03:11:38.75494,catlg-f877269b-8833-49d9-9ce3-b1753b4a766a,NULL,NULL
Houston Hot Chicken,org-490e23ce-6f23-4d3d-8544-8728f0965cfc,loc-e64a2f15-2da8-4683-82d6-1234afdc34aa,Tempe - University Dr.,catlg-f877269b-8833-49d9-9ce3-b1753b4a766a,Tempe - University Dr. Catalog,False,2026-04-30 21:09:43.680583,2026-05-27 21:02:06.500044,205384,itm-43b06482-bfff-42d2-893f-e8b97ba8ea7c,Milkshake Vanilla,1,NULL,3,Item,,NULL,NULL,NULL,False,NULL,NULL,NULL,True,False,2026-04-30 21:10:30.424779,2026-05-21 13:24:02.446531,4.990,2026-04-30 21:10:32.22634,2026-05-04 10:44:02.324319,2026-05-29 03:11:38.75494,catlg-f877269b-8833-49d9-9ce3-b1753b4a766a,NULL,NULL
Houston Hot Chicken,org-490e23ce-6f23-4d3d-8544-8728f0965cfc,loc-e64a2f15-2da8-4683-82d6-1234afdc34aa,Tempe - University Dr.,catlg-f877269b-8833-49d9-9ce3-b1753b4a766a,Tempe - University Dr. Catalog,False,2026-04-30 21:09:43.680583,2026-05-27 21:02:06.500044,193799,itm-025c64bd-1fe8-4c94-aa5f-849c0fcecbcc,Milkshake Chocolate,1,NULL,3,Item,,NULL,NULL,NULL,False,NULL,NULL,NULL,True,False,2026-04-30 21:10:30.424779,2026-05-21 13:22:45.179643,4.990,2026-04-30 21:10:32.230003,2026-05-04 10:44:02.324319,2026-05-29 03:11:38.75494,catlg-f877269b-8833-49d9-9ce3-b1753b4a766a,NULL,NULL
Houston Hot Chicken,org-490e23ce-6f23-4d3d-8544-8728f0965cfc,loc-e64a2f15-2da8-4683-82d6-1234afdc34aa,Tempe - University Dr.,catlg-f877269b-8833-49d9-9ce3-b1753b4a766a,Tempe - University Dr. Catalog,False,2026-04-30 21:09:43.680583,2026-05-27 21:02:06.500044,195699,itm-9f47652c-03b5-47e8-8d20-9c071603e88c,Milkshake Strawberry,1,NULL,3,Item,,NULL,NULL,NULL,False,NULL,NULL,NULL,True,False,2026-04-30 21:10:30.424779,2026-05-21 13:22:45.180408,4.990,2026-04-30 21:10:32.233732,2026-05-04 10:44:02.324319,2026-05-29 03:11:38.75494,catlg-f877269b-8833-49d9-9ce3-b1753b4a766a,NULL,NULL
Houston Hot Chicken,org-490e23ce-6f23-4d3d-8544-8728f0965cfc,loc-e64a2f15-2da8-4683-82d6-1234afdc34aa,Tempe - University Dr.,catlg-f877269b-8833-49d9-9ce3-b1753b4a766a,Tempe - University Dr. Catalog,False,2026-04-30 21:09:43.680583,2026-05-27 21:02:06.500044,197695,itm-cf517e5a-e9de-4730-9762-66cbc2f6c8a9,Shake N' Waffle,1,NULL,4,Item,,NULL,NULL,NULL,False,NULL,NULL,NULL,True,False,2026-04-30 21:10:30.424779,2026-05-21 13:22:45.097288,6.500,2026-04-30 21:10:32.237684,2026-05-04 10:44:02.324319,2026-05-29 03:11:38.75494,catlg-f877269b-8833-49d9-9ce3-b1753b4a766a,NULL,NULL
Houston Hot Chicken,org-490e23ce-6f23-4d3d-8544-8728f0965cfc,loc-e64a2f15-2da8-4683-82d6-1234afdc34aa,Tempe - University Dr.,catlg-f877269b-8833-49d9-9ce3-b1753b4a766a,Tempe - University Dr. Catalog,False,2026-04-30 21:09:43.680583,2026-05-27 21:02:06.500044,204296,itm-45707a38-2333-4a8b-9f5c-8d833a2d7a93,Chocolate Chip Wheely,1,NULL,4,Item,,NULL,NULL,NULL,False,NULL,NULL,NULL,True,False,2026-04-30 21:10:30.424779,2026-05-21 13:22:45.098128,3.950,2026-04-30 21:10:32.241672,2026-05-04 10:44:02.324319,2026-05-29 03:11:38.75494,catlg-f877269b-8833-49d9-9ce3-b1753b4a766a,NULL,NULL
Houston Hot Chicken,org-490e23ce-6f23-4d3d-8544-8728f0965cfc,loc-e64a2f15-2da8-4683-82d6-1234afdc34aa,Tempe - University Dr.,catlg-f877269b-8833-49d9-9ce3-b1753b4a766a,Tempe - University Dr. Catalog,False,2026-04-30 21:09:43.680583,2026-05-27 21:02:06.500044,200428,itm-5fbf8d04-ddb0-443f-bb8c-caab2ef80e2c,Cookie Monster Wheely,1,NULL,4,Item,,NULL,NULL,NULL,False,NULL,NULL,NULL,True,False,2026-04-30 21:10:30.424779,2026-05-21 13:22:45.098973,3.950,2026-04-30 21:10:32.24613,2026-05-04 10:44:02.324319,2026-05-29 03:11:38.75494,catlg-f877269b-8833-49d9-9ce3-b1753b4a766a,NULL,NULL
Houston Hot Chicken,org-490e23ce-6f23-4d3d-8544-8728f0965cfc,loc-e64a2f15-2da8-4683-82d6-1234afdc34aa,Tempe - University Dr.,catlg-f877269b-8833-49d9-9ce3-b1753b4a766a,Tempe - University Dr. Catalog,False,2026-04-30 21:09:43.680583,2026-05-27 21:02:06.500044,200542,itm-ee029e85-43fc-4fe5-8c14-3b601a85c233,Red Velvet Wheely,1,NULL,4,Item,,NULL,NULL,NULL,False,NULL,NULL,NULL,True,False,2026-04-30 21:10:30.424779,2026-05-21 13:24:02.429812,3.950,2026-04-30 21:10:32.249707,2026-05-04 10:44:02.324319,2026-05-29 03:11:38.75494,catlg-f877269b-8833-49d9-9ce3-b1753b4a766a,NULL,NULL
Houston Hot Chicken,org-490e23ce-6f23-4d3d-8544-8728f0965cfc,loc-e64a2f15-2da8-4683-82d6-1234afdc34aa,Tempe - University Dr.,catlg-f877269b-8833-49d9-9ce3-b1753b4a766a,Tempe - University Dr. Catalog,False,2026-04-30 21:09:43.680583,2026-05-27 21:02:06.500044,195326,itm-a268499e-89a8-42c8-931c-2ea6c952702c,House Sauce (2 oz),1,NULL,2,Item,,NULL,NULL,NULL,False,NULL,NULL,NULL,True,False,2026-04-30 21:10:30.424779,2026-05-21 13:22:45.099815,1.000,2026-04-30 21:10:32.254543,2026-05-04 10:44:02.324319,2026-05-29 03:11:38.75494,catlg-f877269b-8833-49d9-9ce3-b1753b4a766a,NULL,NULL
Houston Hot Chicken,org-490e23ce-6f23-4d3d-8544-8728f0965cfc,loc-e64a2f15-2da8-4683-82d6-1234afdc34aa,Tempe - University Dr.,catlg-f877269b-8833-49d9-9ce3-b1753b4a766a,Tempe - University Dr. Catalog,False,2026-04-30 21:09:43.680583,2026-05-27 21:02:06.500044,204487,itm-5b1d4975-8d51-4b9d-89ca-f1d4b4d43914,Ranch (2 oz),1,NULL,7,Item,,NULL,NULL,NULL,False,NULL,NULL,NULL,True,False,2026-04-30 21:10:30.424779,2026-05-21 13:22:45.101024,1.000,2026-04-30 21:10:32.258412,2026-05-04 10:44:02.324319,2026-05-29 03:11:38.75494,catlg-f877269b-8833-49d9-9ce3-b1753b4a766a,NULL,NULL
Houston Hot Chicken,org-490e23ce-6f23-4d3d-8544-8728f0965cfc,loc-e64a2f15-2da8-4683-82d6-1234afdc34aa,Tempe - University Dr.,catlg-f877269b-8833-49d9-9ce3-b1753b4a766a,Tempe - University Dr. Catalog,False,2026-04-30 21:09:43.680583,2026-05-27 21:02:06.500044,197976,itm-40f7aa8f-f7a5-4198-bece-6f4f40836b05,Cheese Sauce (2 oz),1,NULL,7,Item,,NULL,NULL,NULL,False,NULL,NULL,NULL,True,False,2026-04-30 21:10:30.424779,2026-05-21 13:22:45.181208,1.500,2026-04-30 21:10:32.262454,2026-05-04 10:44:02.324319,2026-05-29 03:11:38.75494,catlg-f877269b-8833-49d9-9ce3-b1753b4a766a,NULL,NULL
Houston Hot Chicken,org-490e23ce-6f23-4d3d-8544-8728f0965cfc,loc-e64a2f15-2da8-4683-82d6-1234afdc34aa,Tempe - University Dr.,catlg-f877269b-8833-49d9-9ce3-b1753b4a766a,Tempe - University Dr. Catalog,False,2026-04-30 21:09:43.680583,2026-05-27 21:02:06.500044,205661,itm-c7c44760-4f96-4e1d-a9f9-f4d2c5d71cb2,BBQ Sauce (2 oz),1,NULL,7,Item,,NULL,NULL,NULL,False,NULL,NULL,NULL,True,False,2026-04-30 21:10:30.424779,2026-05-21 13:24:02.430609,1.000,2026-04-30 21:10:32.266043,2026-05-04 10:44:02.324319,2026-05-29 03:11:38.75494,catlg-f877269b-8833-49d9-9ce3-b1753b4a766a,NULL,NULL
Houston Hot Chicken,org-490e23ce-6f23-4d3d-8544-8728f0965cfc,loc-e64a2f15-2da8-4683-82d6-1234afdc34aa,Tempe - University Dr.,catlg-f877269b-8833-49d9-9ce3-b1753b4a766a,Tempe - University Dr. Catalog,False,2026-04-30 21:09:43.680583,2026-05-27 21:02:06.500044,197696,itm-d09bb1b8-2dfa-4001-9ec0-ca6daa910e8b,Caesar Dressing (2 oz),1,NULL,7,Item,,NULL,NULL,NULL,False,NULL,NULL,NULL,True,False,2026-04-30 21:10:30.424779,2026-05-21 13:22:45.18201,1.000,2026-04-30 21:10:32.269974,2026-05-04 10:44:02.324319,2026-05-29 03:11:38.75494,catlg-f877269b-8833-49d9-9ce3-b1753b4a766a,NULL,NULL
Houston Hot Chicken,org-490e23ce-6f23-4d3d-8544-8728f0965cfc,loc-e64a2f15-2da8-4683-82d6-1234afdc34aa,Tempe - University Dr.,catlg-f877269b-8833-49d9-9ce3-b1753b4a766a,Tempe - University Dr. Catalog,False,2026-04-30 21:09:43.680583,2026-05-27 21:02:06.500044,205458,itm-3cfc231d-be74-4966-a2be-4e19025d1312,Cilantro Ranch (2 oz),1,NULL,7,Item,,NULL,NULL,NULL,False,NULL,NULL,NULL,True,False,2026-04-30 21:10:30.424779,2026-05-21 13:22:45.101802,1.000,2026-04-30 21:10:32.273794,2026-05-04 10:44:02.324319,2026-05-29 03:11:38.75494,catlg-f877269b-8833-49d9-9ce3-b1753b4a766a,NULL,NULL
Houston Hot Chicken,org-490e23ce-6f23-4d3d-8544-8728f0965cfc,loc-e64a2f15-2da8-4683-82d6-1234afdc34aa,Tempe - University Dr.,catlg-f877269b-8833-49d9-9ce3-b1753b4a766a,Tempe - University Dr. Catalog,False,2026-04-30 21:09:43.680583,2026-05-27 21:02:06.500044,205161,itm-0438c97c-5c77-4894-9ffc-aea05927810f,Large Cheese Sauce (8oz),1,NULL,7,Item,,NULL,NULL,NULL,False,NULL,NULL,NULL,True,False,2026-04-30 21:10:30.424779,2026-05-21 13:24:02.447453,4.000,2026-04-30 21:10:32.277634,2026-05-04 10:44:02.324319,2026-05-29 03:11:38.75494,catlg-f877269b-8833-49d9-9ce3-b1753b4a766a,NULL,NULL
Houston Hot Chicken,org-490e23ce-6f23-4d3d-8544-8728f0965cfc,loc-e64a2f15-2da8-4683-82d6-1234afdc34aa,Tempe - University Dr.,catlg-f877269b-8833-49d9-9ce3-b1753b4a766a,Tempe - University Dr. Catalog,False,2026-04-30 21:09:43.680583,2026-05-27 21:02:06.500044,205416,itm-d762c964-232a-4544-984f-ba150a130855,Large Ranch (8oz),1,NULL,7,Item,,NULL,NULL,NULL,False,NULL,NULL,NULL,True,False,2026-04-30 21:10:30.424779,2026-05-21 13:22:45.182851,4.000,2026-04-30 21:10:32.281623,2026-05-04 10:44:02.324319,2026-05-29 03:11:38.75494,catlg-f877269b-8833-49d9-9ce3-b1753b4a766a,NULL,NULL
Houston Hot Chicken,org-490e23ce-6f23-4d3d-8544-8728f0965cfc,loc-e64a2f15-2da8-4683-82d6-1234afdc34aa,Tempe - University Dr.,catlg-f877269b-8833-49d9-9ce3-b1753b4a766a,Tempe - University Dr. Catalog,False,2026-04-30 21:09:43.680583,2026-05-27 21:02:06.500044,200348,itm-3f92435a-f5a3-4548-81c0-404bfa194a0a,Large House Sauce (8oz),1,NULL,7,Item,,NULL,NULL,NULL,False,NULL,NULL,NULL,True,False,2026-04-30 21:10:30.424779,2026-05-21 13:22:45.206545,4.000,2026-04-30 21:10:32.285779,2026-05-04 10:44:02.324319,2026-05-29 03:11:38.75494,catlg-f877269b-8833-49d9-9ce3-b1753b4a766a,NULL,NULL
Houston Hot Chicken,org-490e23ce-6f23-4d3d-8544-8728f0965cfc,loc-e64a2f15-2da8-4683-82d6-1234afdc34aa,Tempe - University Dr.,catlg-f877269b-8833-49d9-9ce3-b1753b4a766a,Tempe - University Dr. Catalog,False,2026-04-30 21:09:43.680583,2026-05-27 21:02:06.500044,191943,itm-4abe53f2-c0ca-4eb6-92bd-2c31d6e1b252,Honey (1 oz),1,NULL,7,Item,,NULL,NULL,NULL,False,NULL,NULL,NULL,True,False,2026-04-30 21:10:30.424779,2026-05-21 13:22:45.207494,0.500,2026-04-30 21:10:32.289432,2026-05-04 10:44:02.324319,2026-05-29 03:11:38.75494,catlg-f877269b-8833-49d9-9ce3-b1753b4a766a,NULL,NULL
Houston Hot Chicken,org-490e23ce-6f23-4d3d-8544-8728f0965cfc,loc-e64a2f15-2da8-4683-82d6-1234afdc34aa,Tempe - University Dr.,catlg-f877269b-8833-49d9-9ce3-b1753b4a766a,Tempe - University Dr. Catalog,False,2026-04-30 21:09:43.680583,2026-05-27 21:02:06.500044,195551,itm-c7a51f15-14d1-4229-ad8e-2f5f502f6ad6,Maple Syrup (2 oz),1,NULL,7,Item,,NULL,NULL,NULL,False,NULL,NULL,NULL,True,False,2026-04-30 21:10:30.424779,2026-05-21 13:22:45.102597,0.500,2026-04-30 21:10:32.293245,2026-05-04 10:44:02.324319,2026-05-29 03:11:38.75494,catlg-f877269b-8833-49d9-9ce3-b1753b4a766a,NULL,NULL
Houston Hot Chicken,org-490e23ce-6f23-4d3d-8544-8728f0965cfc,loc-e64a2f15-2da8-4683-82d6-1234afdc34aa,Tempe - University Dr.,catlg-f877269b-8833-49d9-9ce3-b1753b4a766a,Tempe - University Dr. Catalog,False,2026-04-30 21:09:43.680583,2026-05-27 21:02:06.500044,200688,itm-9c77ef76-3d2b-476e-8739-3be4c01fac01,Buffalo Sauce (2oz),1,NULL,7,Item,,NULL,NULL,NULL,False,NULL,NULL,NULL,True,False,2026-04-30 21:10:30.424779,2026-05-21 13:22:45.103357,1.000,2026-04-30 21:10:32.296964,2026-05-04 10:44:02.324319,2026-05-29 03:11:38.75494,catlg-f877269b-8833-49d9-9ce3-b1753b4a766a,NULL,NULL
Houston Hot Chicken,org-490e23ce-6f23-4d3d-8544-8728f0965cfc,loc-e64a2f15-2da8-4683-82d6-1234afdc34aa,Tempe - University Dr.,catlg-f877269b-8833-49d9-9ce3-b1753b4a766a,Tempe - University Dr. Catalog,False,2026-04-30 21:09:43.680583,2026-05-27 21:02:06.500044,201122,itm-4fd9ddab-a342-4333-b553-58d9ce1347bb,HWHAP Original Hot Chicken Sandwich Meal,1,NULL,5,Item,,NULL,NULL,NULL,False,NULL,NULL,NULL,True,False,2026-04-30 21:10:30.424779,2026-05-21 13:24:02.431442,14.990,2026-04-30 21:10:32.301248,2026-05-04 10:44:02.324319,2026-05-29 03:11:38.75494,catlg-f877269b-8833-49d9-9ce3-b1753b4a766a,NULL,NULL
Houston Hot Chicken,org-490e23ce-6f23-4d3d-8544-8728f0965cfc,loc-e64a2f15-2da8-4683-82d6-1234afdc34aa,Tempe - University Dr.,catlg-f877269b-8833-49d9-9ce3-b1753b4a766a,Tempe - University Dr. Catalog,False,2026-04-30 21:09:43.680583,2026-05-27 21:02:06.500044,192266,itm-a2e4c7b7-6ec5-49cd-bea1-ef6b6fe6e41e,HWHAP Cheesy Hot Chicken Sandwich Meal,1,NULL,5,Item,,NULL,NULL,NULL,False,NULL,NULL,NULL,True,False,2026-04-30 21:10:30.424779,2026-05-21 13:22:45.183596,15.990,2026-04-30 21:10:32.305266,2026-05-04 10:44:02.324319,2026-05-29 03:11:38.75494,catlg-f877269b-8833-49d9-9ce3-b1753b4a766a,NULL,NULL
Houston Hot Chicken,org-490e23ce-6f23-4d3d-8544-8728f0965cfc,loc-e64a2f15-2da8-4683-82d6-1234afdc34aa,Tempe - University Dr.,catlg-f877269b-8833-49d9-9ce3-b1753b4a766a,Tempe - University Dr. Catalog,False,2026-04-30 21:09:43.680583,2026-05-27 21:02:06.500044,192434,itm-f2188d4b-875f-497f-ae6d-ae794ec94d69,HWHAP Classic Chicken Sandwich Meal,1,NULL,5,Item,,NULL,NULL,NULL,False,NULL,NULL,NULL,True,False,2026-04-30 21:10:30.424779,2026-05-21 13:24:02.448222,13.990,2026-04-30 21:10:32.309391,2026-05-04 10:44:02.324319,2026-05-29 03:11:38.75494,catlg-f877269b-8833-49d9-9ce3-b1753b4a766a,NULL,NULL
Houston Hot Chicken,org-490e23ce-6f23-4d3d-8544-8728f0965cfc,loc-e64a2f15-2da8-4683-82d6-1234afdc34aa,Tempe - University Dr.,catlg-f877269b-8833-49d9-9ce3-b1753b4a766a,Tempe - University Dr. Catalog,False,2026-04-30 21:09:43.680583,2026-05-27 21:02:06.500044,192372,itm-2f095dc9-35a5-4351-afc8-9c7fc5056964,HWHAP Sandwich & Tender Meal,1,NULL,5,Item,,NULL,NULL,NULL,False,NULL,NULL,NULL,True,False,2026-04-30 21:10:30.424779,2026-05-21 13:24:02.449003,16.990,2026-04-30 21:10:32.313304,2026-05-04 10:44:02.324319,2026-05-29 03:11:38.75494,catlg-f877269b-8833-49d9-9ce3-b1753b4a766a,NULL,NULL
Houston Hot Chicken,org-490e23ce-6f23-4d3d-8544-8728f0965cfc,loc-e64a2f15-2da8-4683-82d6-1234afdc34aa,Tempe - University Dr.,catlg-f877269b-8833-49d9-9ce3-b1753b4a766a,Tempe - University Dr. Catalog,False,2026-04-30 21:09:43.680583,2026-05-27 21:02:06.500044,197404,itm-6cd536a3-c2d1-48fd-8341-471d27861a1a,HWHAP 2 Tender Meal,1,NULL,5,Item,,NULL,NULL,NULL,False,NULL,NULL,NULL,True,False,2026-04-30 21:10:30.424779,2026-05-21 13:24:02.44994,12.990,2026-04-30 21:10:32.317258,2026-05-04 10:44:02.324319,2026-05-29 03:11:38.75494,catlg-f877269b-8833-49d9-9ce3-b1753b4a766a,NULL,NULL
Houston Hot Chicken,org-490e23ce-6f23-4d3d-8544-8728f0965cfc,loc-e64a2f15-2da8-4683-82d6-1234afdc34aa,Tempe - University Dr.,catlg-f877269b-8833-49d9-9ce3-b1753b4a766a,Tempe - University Dr. Catalog,False,2026-04-30 21:09:43.680583,2026-05-27 21:02:06.500044,203820,itm-421deebb-2376-48c1-8463-9355302c92aa,HWHAP 3 Tenders and Fries Meal,1,NULL,5,Item,,NULL,NULL,NULL,False,NULL,NULL,NULL,True,False,2026-04-30 21:10:30.424779,2026-05-21 13:24:02.450757,15.990,2026-04-30 21:10:32.321111,2026-05-04 10:44:02.324319,2026-05-29 03:11:38.75494,catlg-f877269b-8833-49d9-9ce3-b1753b4a766a,NULL,NULL
Houston Hot Chicken,org-490e23ce-6f23-4d3d-8544-8728f0965cfc,loc-e64a2f15-2da8-4683-82d6-1234afdc34aa,Tempe - University Dr.,catlg-f877269b-8833-49d9-9ce3-b1753b4a766a,Tempe - University Dr. Catalog,False,2026-04-30 21:09:43.680583,2026-05-27 21:02:06.500044,200194,itm-6526863e-43a5-4d8c-95e5-a7a34dc617d7,Tenders and Waffle,1,NULL,5,Item,,NULL,NULL,NULL,False,NULL,NULL,NULL,True,False,2026-04-30 21:10:30.424779,2026-05-21 13:22:45.184357,14.990,2026-04-30 21:10:32.324746,2026-05-04 10:44:02.324319,2026-05-29 03:11:38.75494,catlg-f877269b-8833-49d9-9ce3-b1753b4a766a,NULL,NULL
Houston Hot Chicken,org-490e23ce-6f23-4d3d-8544-8728f0965cfc,loc-e64a2f15-2da8-4683-82d6-1234afdc34aa,Tempe - University Dr.,catlg-f877269b-8833-49d9-9ce3-b1753b4a766a,Tempe - University Dr. Catalog,False,2026-04-30 21:09:43.680583,2026-05-27 21:02:06.500044,199185,itm-f9440f35-0087-421f-9123-564f7d302067,HWHAP Tenders and Slaw,1,NULL,5,Item,,NULL,NULL,NULL,False,NULL,NULL,NULL,True,False,2026-04-30 21:10:30.424779,2026-05-21 13:24:02.432265,13.990,2026-04-30 21:10:32.328376,2026-05-04 10:44:02.324319,2026-05-29 03:11:38.75494,catlg-f877269b-8833-49d9-9ce3-b1753b4a766a,NULL,NULL
Houston Hot Chicken,org-490e23ce-6f23-4d3d-8544-8728f0965cfc,loc-e64a2f15-2da8-4683-82d6-1234afdc34aa,Tempe - University Dr.,catlg-f877269b-8833-49d9-9ce3-b1753b4a766a,Tempe - University Dr. Catalog,False,2026-04-30 21:09:43.680583,2026-05-27 21:02:06.500044,197152,itm-2ef37fa8-7cfd-4129-bcee-7167be6ab480,HWHAP Texas Caesar Salad,1,NULL,1,Item,,NULL,NULL,NULL,False,NULL,NULL,NULL,True,False,2026-04-30 21:10:30.424779,2026-05-21 13:22:45.185142,15.990,2026-04-30 21:10:32.332381,2026-05-04 10:44:02.324319,2026-05-29 03:11:38.75494,catlg-f877269b-8833-49d9-9ce3-b1753b4a766a,NULL,NULL
Houston Hot Chicken,org-490e23ce-6f23-4d3d-8544-8728f0965cfc,loc-e64a2f15-2da8-4683-82d6-1234afdc34aa,Tempe - University Dr.,catlg-f877269b-8833-49d9-9ce3-b1753b4a766a,Tempe - University Dr. Catalog,False,2026-04-30 21:09:43.680583,2026-05-27 21:02:06.500044,197657,itm-738e4280-633a-49a1-905f-544f10714605,HWHAP Southwest Salad,1,NULL,1,Item,,NULL,NULL,NULL,False,NULL,NULL,NULL,True,False,2026-04-30 21:10:30.424779,2026-05-21 13:24:02.451578,15.990,2026-04-30 21:10:32.336337,2026-05-04 10:44:02.324319,2026-05-29 03:11:38.75494,catlg-f877269b-8833-49d9-9ce3-b1753b4a766a,NULL,NULL
Houston Hot Chicken,org-490e23ce-6f23-4d3d-8544-8728f0965cfc,loc-e64a2f15-2da8-4683-82d6-1234afdc34aa,Tempe - University Dr.,catlg-f877269b-8833-49d9-9ce3-b1753b4a766a,Tempe - University Dr. Catalog,False,2026-04-30 21:09:43.680583,2026-05-27 21:02:06.500044,202805,itm-33eb86f2-a60c-48c5-988b-4728ae75bb46,HWHAP Loaded Fries,1,NULL,2,Item,,NULL,NULL,NULL,False,NULL,NULL,NULL,True,False,2026-04-30 21:10:30.424779,2026-05-21 13:24:02.452383,14.990,2026-04-30 21:10:32.340052,2026-05-04 10:44:02.324319,2026-05-29 03:11:38.75494,catlg-f877269b-8833-49d9-9ce3-b1753b4a766a,NULL,NULL
Houston Hot Chicken,org-490e23ce-6f23-4d3d-8544-8728f0965cfc,loc-e64a2f15-2da8-4683-82d6-1234afdc34aa,Tempe - University Dr.,catlg-f877269b-8833-49d9-9ce3-b1753b4a766a,Tempe - University Dr. Catalog,False,2026-04-30 21:09:43.680583,2026-05-27 21:02:06.500044,205043,itm-51705165-3dba-40b2-8f8a-3007b278c726,HWHAP Fusion Fries,1,NULL,2,Item,,NULL,NULL,NULL,False,NULL,NULL,NULL,True,False,2026-04-30 21:10:30.424779,2026-05-21 13:22:45.186,16.990,2026-04-30 21:10:32.343525,2026-05-04 10:44:02.324319,2026-05-29 03:11:38.75494,catlg-f877269b-8833-49d9-9ce3-b1753b4a766a,NULL,NULL
Houston Hot Chicken,org-490e23ce-6f23-4d3d-8544-8728f0965cfc,loc-e64a2f15-2da8-4683-82d6-1234afdc34aa,Tempe - University Dr.,catlg-f877269b-8833-49d9-9ce3-b1753b4a766a,Tempe - University Dr. Catalog,False,2026-04-30 21:09:43.680583,2026-05-27 21:02:06.500044,194179,itm-ff48146e-a591-4fc7-8049-18244f2c946f,HWHAP 10 pc Nugget Meal,1,NULL,5,Item,,NULL,NULL,NULL,False,NULL,NULL,NULL,True,False,2026-04-30 21:10:30.424779,2026-05-21 13:22:45.186836,13.990,2026-04-30 21:10:32.347268,2026-05-04 10:44:02.324319,2026-05-29 03:11:38.75494,catlg-f877269b-8833-49d9-9ce3-b1753b4a766a,NULL,NULL
Houston Hot Chicken,org-490e23ce-6f23-4d3d-8544-8728f0965cfc,loc-e64a2f15-2da8-4683-82d6-1234afdc34aa,Tempe - University Dr.,catlg-f877269b-8833-49d9-9ce3-b1753b4a766a,Tempe - University Dr. Catalog,False,2026-04-30 21:09:43.680583,2026-05-27 21:02:06.500044,196848,itm-1dcbf78c-e59f-466a-89a1-6ad975db6024,HWHAP 15 pc Nugget Meal,1,NULL,5,Item,,NULL,NULL,NULL,False,NULL,NULL,NULL,True,False,2026-04-30 21:10:30.424779,2026-05-21 13:22:45.104128,15.990,2026-04-30 21:10:32.351132,2026-05-04 10:44:02.324319,2026-05-29 03:11:38.75494,catlg-f877269b-8833-49d9-9ce3-b1753b4a766a,NULL,NULL
Houston Hot Chicken,org-490e23ce-6f23-4d3d-8544-8728f0965cfc,loc-e64a2f15-2da8-4683-82d6-1234afdc34aa,Tempe - University Dr.,catlg-f877269b-8833-49d9-9ce3-b1753b4a766a,Tempe - University Dr. Catalog,False,2026-04-30 21:09:43.680583,2026-05-27 21:02:06.500044,197872,itm-fc18f8de-3737-4e24-ad6b-07b2b501a53a,HWHAP SPICE CHALLENGE,1,NULL,5,Item,,NULL,NULL,NULL,False,NULL,NULL,NULL,True,False,2026-04-30 21:10:30.424779,2026-05-21 13:24:02.453084,12.000,2026-04-30 21:10:32.355051,2026-05-04 10:44:02.324319,2026-05-29 03:11:38.75494,catlg-f877269b-8833-49d9-9ce3-b1753b4a766a,NULL,NULL
Houston Hot Chicken,org-490e23ce-6f23-4d3d-8544-8728f0965cfc,loc-e64a2f15-2da8-4683-82d6-1234afdc34aa,Tempe - University Dr.,catlg-f877269b-8833-49d9-9ce3-b1753b4a766a,Tempe - University Dr. Catalog,False,2026-04-30 21:09:43.680583,2026-05-27 21:02:06.500044,198690,itm-ae1e155f-c776-466b-888e-fe4ae35bf25b,HWHAP Cheesy Sandwich (a la carte),1,NULL,1,Item,,NULL,NULL,NULL,False,NULL,NULL,NULL,True,False,2026-04-30 21:10:30.424779,2026-05-21 13:24:02.453756,12.990,2026-04-30 21:10:32.359015,2026-05-04 10:44:02.324319,2026-05-29 03:11:38.75494,catlg-f877269b-8833-49d9-9ce3-b1753b4a766a,NULL,NULL
Houston Hot Chicken,org-490e23ce-6f23-4d3d-8544-8728f0965cfc,loc-e64a2f15-2da8-4683-82d6-1234afdc34aa,Tempe - University Dr.,catlg-f877269b-8833-49d9-9ce3-b1753b4a766a,Tempe - University Dr. Catalog,False,2026-04-30 21:09:43.680583,2026-05-27 21:02:06.500044,200388,itm-c52b1c75-6502-4442-b2b5-5d4bc5261686,HWHAP Tender (a la carte),1,NULL,1,Item,,NULL,NULL,NULL,False,NULL,NULL,NULL,True,False,2026-04-30 21:10:30.424779,2026-05-21 13:24:02.45451,5.990,2026-04-30 21:10:32.363504,2026-05-04 10:44:02.324319,2026-05-29 03:11:38.75494,catlg-f877269b-8833-49d9-9ce3-b1753b4a766a,NULL,NULL
Houston Hot Chicken,org-490e23ce-6f23-4d3d-8544-8728f0965cfc,loc-e64a2f15-2da8-4683-82d6-1234afdc34aa,Tempe - University Dr.,catlg-f877269b-8833-49d9-9ce3-b1753b4a766a,Tempe - University Dr. Catalog,False,2026-04-30 21:09:43.680583,2026-05-27 21:02:06.500044,194731,itm-dafe1603-e54d-4682-9cd1-0c63f62d5d29,HWHAP Original Sandwich (a la carte),1,NULL,1,Item,,NULL,NULL,NULL,False,NULL,NULL,NULL,True,False,2026-04-30 21:10:30.424779,2026-05-21 13:22:45.10493,11.990,2026-04-30 21:10:32.367549,2026-05-04 10:44:02.324319,2026-05-29 03:11:38.75494,catlg-f877269b-8833-49d9-9ce3-b1753b4a766a,NULL,NULL
Houston Hot Chicken,org-490e23ce-6f23-4d3d-8544-8728f0965cfc,loc-e64a2f15-2da8-4683-82d6-1234afdc34aa,Tempe - University Dr.,catlg-f877269b-8833-49d9-9ce3-b1753b4a766a,Tempe - University Dr. Catalog,False,2026-04-30 21:09:43.680583,2026-05-27 21:02:06.500044,201084,itm-c8220ad8-b892-4228-bb67-8a5e20272cba,HWHAP Classic Sandwich (a la carte),1,NULL,1,Item,,NULL,NULL,NULL,False,NULL,NULL,NULL,True,False,2026-04-30 21:10:30.424779,2026-05-21 13:22:45.105706,10.990,2026-04-30 21:10:32.371474,2026-05-04 10:44:02.324319,2026-05-29 03:11:38.75494,catlg-f877269b-8833-49d9-9ce3-b1753b4a766a,NULL,NULL
Houston Hot Chicken,org-490e23ce-6f23-4d3d-8544-8728f0965cfc,loc-e64a2f15-2da8-4683-82d6-1234afdc34aa,Tempe - University Dr.,catlg-f877269b-8833-49d9-9ce3-b1753b4a766a,Tempe - University Dr. Catalog,False,2026-04-30 21:09:43.680583,2026-05-27 21:02:06.500044,203075,itm-be2761cc-95d4-4fdd-9222-be53b25c28fa,HWHAP 15 pc Nuggets (a la carte),1,NULL,1,Item,,NULL,NULL,NULL,False,NULL,NULL,NULL,True,False,2026-04-30 21:10:30.424779,2026-05-21 13:24:02.455329,13.990,2026-04-30 21:10:32.375469,2026-05-04 10:44:02.324319,2026-05-29 03:11:38.75494,catlg-f877269b-8833-49d9-9ce3-b1753b4a766a,NULL,NULL
Houston Hot Chicken,org-490e23ce-6f23-4d3d-8544-8728f0965cfc,loc-e64a2f15-2da8-4683-82d6-1234afdc34aa,Tempe - University Dr.,catlg-f877269b-8833-49d9-9ce3-b1753b4a766a,Tempe - University Dr. Catalog,False,2026-04-30 21:09:43.680583,2026-05-27 21:02:06.500044,198698,itm-cc939ce7-e74a-481a-a4ba-5915f22fa8f5,HWHAP 10 pc Nuggets (a la carte),1,NULL,1,Item,,NULL,NULL,NULL,False,NULL,NULL,NULL,True,False,2026-04-30 21:10:30.424779,2026-05-21 13:22:45.169572,9.990,2026-04-30 21:10:32.379235,2026-05-04 10:44:02.324319,2026-05-29 03:11:38.75494,catlg-f877269b-8833-49d9-9ce3-b1753b4a766a,NULL,NULL
Houston Hot Chicken,org-490e23ce-6f23-4d3d-8544-8728f0965cfc,loc-e64a2f15-2da8-4683-82d6-1234afdc34aa,Tempe - University Dr.,catlg-f877269b-8833-49d9-9ce3-b1753b4a766a,Tempe - University Dr. Catalog,False,2026-04-30 21:09:43.680583,2026-05-27 21:02:06.500044,204928,itm-0839d164-4b20-4b3b-8bd8-d5c242244591,HWHAP 5 pc Nuggets (a la carte),1,NULL,1,Item,,NULL,NULL,NULL,False,NULL,NULL,NULL,True,False,2026-04-30 21:10:30.424779,2026-05-21 13:22:45.106567,5.990,2026-04-30 21:10:32.384712,2026-05-04 10:44:02.324319,2026-05-29 03:11:38.75494,catlg-f877269b-8833-49d9-9ce3-b1753b4a766a,NULL,NULL
Houston Hot Chicken,org-490e23ce-6f23-4d3d-8544-8728f0965cfc,loc-e64a2f15-2da8-4683-82d6-1234afdc34aa,Tempe - University Dr.,catlg-f877269b-8833-49d9-9ce3-b1753b4a766a,Tempe - University Dr. Catalog,False,2026-04-30 21:09:43.680583,2026-05-27 21:02:06.500044,196029,itm-41f8782a-6a9e-4880-a980-b7b8063d8a5a,HWHAP Chicken Tortilla Soup,1,NULL,1,Item,,NULL,NULL,NULL,False,NULL,NULL,NULL,True,False,2026-04-30 21:10:30.424779,2026-05-21 13:22:45.107401,4.990,2026-04-30 21:10:32.388828,2026-05-04 10:44:02.324319,2026-05-29 03:11:38.75494,catlg-f877269b-8833-49d9-9ce3-b1753b4a766a,NULL,NULL
Houston Hot Chicken,org-490e23ce-6f23-4d3d-8544-8728f0965cfc,loc-e64a2f15-2da8-4683-82d6-1234afdc34aa,Tempe - University Dr.,catlg-f877269b-8833-49d9-9ce3-b1753b4a766a,Tempe - University Dr. Catalog,False,2026-04-30 21:09:43.680583,2026-05-27 21:02:06.500044,201349,itm-7423faa3-9bd3-43a0-9910-499d65a75403,Double Double,1,NULL,1,Item,,NULL,NULL,NULL,False,NULL,NULL,NULL,True,False,2026-04-30 21:10:30.424779,2026-05-21 13:22:45.170415,14.990,2026-04-30 21:10:32.392765,2026-05-04 10:44:02.324319,2026-05-29 03:11:38.75494,catlg-f877269b-8833-49d9-9ce3-b1753b4a766a,NULL,NULL
Houston Hot Chicken,org-490e23ce-6f23-4d3d-8544-8728f0965cfc,loc-e64a2f15-2da8-4683-82d6-1234afdc34aa,Tempe - University Dr.,catlg-f877269b-8833-49d9-9ce3-b1753b4a766a,Tempe - University Dr. Catalog,False,2026-04-30 21:09:43.680583,2026-05-27 21:02:06.500044,193051,itm-4a74ff79-cd9a-4379-bbcc-e165e38f8b2d,Shake N' Fries,1,NULL,5,Item,,NULL,NULL,NULL,False,NULL,NULL,NULL,True,False,2026-04-30 21:10:30.424779,2026-05-21 13:22:45.172112,7.990,2026-04-30 21:10:32.400444,2026-05-04 10:44:02.324319,2026-05-29 03:11:38.75494,catlg-f877269b-8833-49d9-9ce3-b1753b4a766a,NULL,NULL
Houston Hot Chicken,org-490e23ce-6f23-4d3d-8544-8728f0965cfc,loc-e64a2f15-2da8-4683-82d6-1234afdc34aa,Tempe - University Dr.,catlg-f877269b-8833-49d9-9ce3-b1753b4a766a,Tempe - University Dr. Catalog,False,2026-04-30 21:09:43.680583,2026-05-27 21:02:06.500044,193778,itm-c2f6c47a-434e-4b55-9446-e07844eb683d,The Mondi,1,NULL,1,Item,,NULL,NULL,NULL,False,NULL,NULL,NULL,True,False,2026-04-30 21:10:30.424779,2026-05-21 13:24:02.420734,5.990,2026-04-30 21:10:32.404225,2026-05-04 10:44:02.324319,2026-05-29 03:11:38.75494,catlg-f877269b-8833-49d9-9ce3-b1753b4a766a,NULL,NULL
Houston Hot Chicken,org-490e23ce-6f23-4d3d-8544-8728f0965cfc,loc-e64a2f15-2da8-4683-82d6-1234afdc34aa,Tempe - University Dr.,catlg-f877269b-8833-49d9-9ce3-b1753b4a766a,Tempe - University Dr. Catalog,False,2026-04-30 21:09:43.680583,2026-05-27 21:02:06.500044,200456,itm-ca0e7d6a-6b02-494a-a089-a5299672103a,Cookie Crumble,1,NULL,4,Item,,NULL,NULL,NULL,False,NULL,NULL,NULL,True,False,2026-04-30 21:10:30.424779,2026-05-21 13:22:45.109082,8.990,2026-04-30 21:10:32.408052,2026-05-04 10:44:02.324319,2026-05-29 03:11:38.75494,catlg-f877269b-8833-49d9-9ce3-b1753b4a766a,NULL,NULL
Houston Hot Chicken,org-490e23ce-6f23-4d3d-8544-8728f0965cfc,loc-e64a2f15-2da8-4683-82d6-1234afdc34aa,Tempe - University Dr.,catlg-f877269b-8833-49d9-9ce3-b1753b4a766a,Tempe - University Dr. Catalog,False,2026-04-30 21:09:43.680583,2026-05-27 21:02:06.500044,201392,itm-f2f8b88c-dd26-498e-95a2-bd3b73c49c3d,Red Bull,1,NULL,3,Item,,NULL,NULL,NULL,False,NULL,NULL,NULL,True,False,2026-04-30 21:10:30.424779,2026-05-21 13:22:45.109871,3.990,2026-04-30 21:10:32.411973,2026-05-04 10:44:02.324319,2026-05-29 03:11:38.75494,catlg-f877269b-8833-49d9-9ce3-b1753b4a766a,NULL,NULL
Houston Hot Chicken,org-490e23ce-6f23-4d3d-8544-8728f0965cfc,loc-e64a2f15-2da8-4683-82d6-1234afdc34aa,Tempe - University Dr.,catlg-f877269b-8833-49d9-9ce3-b1753b4a766a,Tempe - University Dr. Catalog,False,2026-04-30 21:09:43.680583,2026-05-27 21:02:06.500044,197527,itm-0a728067-65db-4711-8ef4-935542d665c5,Original Party Package,1,NULL,5,Item,,NULL,NULL,NULL,False,NULL,NULL,NULL,True,False,2026-04-30 21:10:30.424779,2026-05-21 13:22:45.194449,150.000,2026-04-30 21:10:32.415803,2026-05-04 10:44:02.324319,2026-05-29 03:11:38.75494,catlg-f877269b-8833-49d9-9ce3-b1753b4a766a,NULL,NULL
Houston Hot Chicken,org-490e23ce-6f23-4d3d-8544-8728f0965cfc,loc-e64a2f15-2da8-4683-82d6-1234afdc34aa,Tempe - University Dr.,catlg-f877269b-8833-49d9-9ce3-b1753b4a766a,Tempe - University Dr. Catalog,False,2026-04-30 21:09:43.680583,2026-05-27 21:02:06.500044,205296,itm-011ab9b2-df71-47ac-908b-4cd5429b1fb0,Original Sandwich Platter (10),1,NULL,5,Item,,NULL,NULL,NULL,False,NULL,NULL,NULL,True,False,2026-04-30 21:10:30.424779,2026-05-21 13:22:45.172904,100.000,2026-04-30 21:10:32.419477,2026-05-04 10:44:02.324319,2026-05-29 03:11:38.75494,catlg-f877269b-8833-49d9-9ce3-b1753b4a766a,NULL,NULL
Houston Hot Chicken,org-490e23ce-6f23-4d3d-8544-8728f0965cfc,loc-e64a2f15-2da8-4683-82d6-1234afdc34aa,Tempe - University Dr.,catlg-f877269b-8833-49d9-9ce3-b1753b4a766a,Tempe - University Dr. Catalog,False,2026-04-30 21:09:43.680583,2026-05-27 21:02:06.500044,204955,itm-672586df-e4b7-4c86-ac43-eba337c2dd41,Classic Sandwich Platter,1,NULL,1,Item,,NULL,NULL,NULL,False,NULL,NULL,NULL,True,False,2026-04-30 21:10:30.424779,2026-05-21 13:22:45.110682,90.000,2026-04-30 21:10:32.423708,2026-05-04 10:44:02.324319,2026-05-29 03:11:38.75494,catlg-f877269b-8833-49d9-9ce3-b1753b4a766a,NULL,NULL
Houston Hot Chicken,org-490e23ce-6f23-4d3d-8544-8728f0965cfc,loc-e64a2f15-2da8-4683-82d6-1234afdc34aa,Tempe - University Dr.,catlg-f877269b-8833-49d9-9ce3-b1753b4a766a,Tempe - University Dr. Catalog,False,2026-04-30 21:09:43.680583,2026-05-27 21:02:06.500044,194812,itm-dcc4de3a-5350-47a0-964f-a5dc7b74f753,Tender and Waffle Platter (20 tenders/10 waffles),1,NULL,5,Item,,NULL,NULL,NULL,False,NULL,NULL,NULL,True,False,2026-04-30 21:10:30.424779,2026-05-21 13:22:45.113722,130.000,2026-04-30 21:10:32.447801,2026-05-04 10:44:02.324319,2026-05-29 03:11:38.75494,catlg-f877269b-8833-49d9-9ce3-b1753b4a766a,NULL,NULL
Houston Hot Chicken,org-490e23ce-6f23-4d3d-8544-8728f0965cfc,loc-e64a2f15-2da8-4683-82d6-1234afdc34aa,Tempe - University Dr.,catlg-f877269b-8833-49d9-9ce3-b1753b4a766a,Tempe - University Dr. Catalog,False,2026-04-30 21:09:43.680583,2026-05-27 21:02:06.500044,202354,itm-38186933-1b33-49a5-ba73-29588ec7fcfc,Large Fry Platter,1,NULL,2,Item,,NULL,NULL,NULL,False,NULL,NULL,NULL,True,False,2026-04-30 21:10:30.424779,2026-05-21 13:22:45.116202,56.000,2026-04-30 21:10:32.470416,2026-05-04 10:44:02.324319,2026-05-29 03:11:38.75494,catlg-f877269b-8833-49d9-9ce3-b1753b4a766a,NULL,NULL
Houston Hot Chicken,org-490e23ce-6f23-4d3d-8544-8728f0965cfc,loc-e64a2f15-2da8-4683-82d6-1234afdc34aa,Tempe - University Dr.,catlg-f877269b-8833-49d9-9ce3-b1753b4a766a,Tempe - University Dr. Catalog,False,2026-04-30 21:09:43.680583,2026-05-27 21:02:06.500044,197768,itm-b6394c49-9c9e-4c9c-b6b2-edef4c65efeb,Shareable Caesar Salad,1,NULL,2,Item,,NULL,NULL,NULL,False,NULL,NULL,NULL,True,False,2026-04-30 21:10:30.424779,2026-05-21 13:22:45.117057,40.000,2026-04-30 21:10:32.474992,2026-05-04 10:44:02.324319,2026-05-29 03:11:38.75494,catlg-f877269b-8833-49d9-9ce3-b1753b4a766a,NULL,NULL
Houston Hot Chicken,org-490e23ce-6f23-4d3d-8544-8728f0965cfc,loc-e64a2f15-2da8-4683-82d6-1234afdc34aa,Tempe - University Dr.,catlg-f877269b-8833-49d9-9ce3-b1753b4a766a,Tempe - University Dr. Catalog,False,2026-04-30 21:09:43.680583,2026-05-27 21:02:06.500044,195504,itm-0f6e5f9b-dd8a-41ab-98cc-76c67007b0f6,Shareable Southwest Salad,1,NULL,1,Item,,NULL,NULL,NULL,False,NULL,NULL,NULL,True,False,2026-04-30 21:10:30.424779,2026-05-21 13:22:45.190647,40.000,2026-04-30 21:10:32.479065,2026-05-04 10:44:02.324319,2026-05-29 03:11:38.75494,catlg-f877269b-8833-49d9-9ce3-b1753b4a766a,NULL,NULL
Houston Hot Chicken,org-490e23ce-6f23-4d3d-8544-8728f0965cfc,loc-e64a2f15-2da8-4683-82d6-1234afdc34aa,Tempe - University Dr.,catlg-f877269b-8833-49d9-9ce3-b1753b4a766a,Tempe - University Dr. Catalog,False,2026-04-30 21:09:43.680583,2026-05-27 21:02:06.500044,203184,itm-1a5a1d36-f852-4b9c-9c2e-1843b0776d21,Shareable Mac & Cheese,1,NULL,2,Item,,NULL,NULL,NULL,False,NULL,NULL,NULL,True,False,2026-04-30 21:10:30.424779,2026-05-21 13:22:45.117863,55.000,2026-04-30 21:10:32.482671,2026-05-04 10:44:02.324319,2026-05-29 03:11:38.75494,catlg-f877269b-8833-49d9-9ce3-b1753b4a766a,NULL,NULL
Houston Hot Chicken,org-490e23ce-6f23-4d3d-8544-8728f0965cfc,loc-e64a2f15-2da8-4683-82d6-1234afdc34aa,Tempe - University Dr.,catlg-f877269b-8833-49d9-9ce3-b1753b4a766a,Tempe - University Dr. Catalog,False,2026-04-30 21:09:43.680583,2026-05-27 21:02:06.500044,199086,itm-d544fb04-04d2-4b4b-aaba-86570922ded7,Coors Light 21oz,1,NULL,3,Item,,NULL,NULL,NULL,False,NULL,NULL,NULL,True,False,2026-04-30 21:10:30.424779,2026-05-21 13:22:45.118652,4.990,2026-04-30 21:10:32.486816,2026-05-04 10:44:02.324319,2026-05-29 03:11:38.75494,catlg-f877269b-8833-49d9-9ce3-b1753b4a766a,NULL,NULL
Houston Hot Chicken,org-490e23ce-6f23-4d3d-8544-8728f0965cfc,loc-e64a2f15-2da8-4683-82d6-1234afdc34aa,Tempe - University Dr.,catlg-f877269b-8833-49d9-9ce3-b1753b4a766a,Tempe - University Dr. Catalog,False,2026-04-30 21:09:43.680583,2026-05-27 21:02:06.500044,196115,itm-a84c7398-cac0-495a-b325-c0505b5a59c3,Modelo 21oz,1,NULL,3,Item,,NULL,NULL,NULL,False,NULL,NULL,NULL,True,False,2026-04-30 21:10:30.424779,2026-05-21 13:22:45.119443,5.990,2026-04-30 21:10:32.490565,2026-05-04 10:44:02.324319,2026-05-29 03:11:38.75494,catlg-f877269b-8833-49d9-9ce3-b1753b4a766a,NULL,NULL
Houston Hot Chicken,org-490e23ce-6f23-4d3d-8544-8728f0965cfc,loc-e64a2f15-2da8-4683-82d6-1234afdc34aa,Tempe - University Dr.,catlg-f877269b-8833-49d9-9ce3-b1753b4a766a,Tempe - University Dr. Catalog,False,2026-04-30 21:09:43.680583,2026-05-27 21:02:06.500044,204385,itm-31da48ed-b39a-46b1-80f7-63f0cf96f33a,Papago Orange Blossom 21oz,1,NULL,3,Item,,NULL,NULL,NULL,False,NULL,NULL,NULL,True,False,2026-04-30 21:10:30.424779,2026-05-21 13:22:45.120169,5.000,2026-04-30 21:10:32.494569,2026-05-04 10:44:02.324319,2026-05-29 03:11:38.75494,catlg-f877269b-8833-49d9-9ce3-b1753b4a766a,NULL,NULL
Houston Hot Chicken,org-490e23ce-6f23-4d3d-8544-8728f0965cfc,loc-e64a2f15-2da8-4683-82d6-1234afdc34aa,Tempe - University Dr.,catlg-f877269b-8833-49d9-9ce3-b1753b4a766a,Tempe - University Dr. Catalog,False,2026-04-30 21:09:43.680583,2026-05-27 21:02:06.500044,194826,itm-0665338c-f98a-4e9e-83fe-20c7cc47571d,Waffle Sandwich,1,NULL,1,Item,,NULL,NULL,NULL,False,NULL,NULL,NULL,True,False,2026-04-30 21:10:30.424779,2026-05-21 13:22:45.171253,14.990,2026-04-30 21:10:32.396553,2026-05-04 10:44:02.324319,2026-05-29 03:11:38.75494,catlg-f877269b-8833-49d9-9ce3-b1753b4a766a,NULL,NULL
Houston Hot Chicken,org-490e23ce-6f23-4d3d-8544-8728f0965cfc,loc-e64a2f15-2da8-4683-82d6-1234afdc34aa,Tempe - University Dr.,catlg-f877269b-8833-49d9-9ce3-b1753b4a766a,Tempe - University Dr. Catalog,False,2026-04-30 21:09:43.680583,2026-05-27 21:02:06.500044,191855,itm-1f39c072-e867-4780-a406-fc2c4c57fb94,Aquafina,1,NULL,3,Item,,NULL,NULL,NULL,False,NULL,NULL,NULL,True,False,2026-04-30 21:10:30.424779,2026-05-21 13:22:45.096496,1.990,2026-04-30 21:10:32.209558,2026-05-04 10:44:02.324319,2026-05-29 03:11:38.75494,catlg-f877269b-8833-49d9-9ce3-b1753b4a766a,NULL,NULL
Houston Hot Chicken,org-490e23ce-6f23-4d3d-8544-8728f0965cfc,loc-e64a2f15-2da8-4683-82d6-1234afdc34aa,Tempe - University Dr.,catlg-f877269b-8833-49d9-9ce3-b1753b4a766a,Tempe - University Dr. Catalog,False,2026-04-30 21:09:43.680583,2026-05-27 21:02:06.500044,193134,itm-3de59663-b8fb-42af-ac5f-21a7dac57b2a,Lagunitas IPA 21oz,1,NULL,3,Item,,NULL,NULL,NULL,False,NULL,NULL,NULL,True,False,2026-04-30 21:10:30.424779,2026-05-21 13:22:45.121162,5.990,2026-04-30 21:10:32.502149,2026-05-04 10:44:02.324319,2026-05-29 03:11:38.75494,catlg-f877269b-8833-49d9-9ce3-b1753b4a766a,NULL,NULL
Houston Hot Chicken,org-490e23ce-6f23-4d3d-8544-8728f0965cfc,loc-6039d18b-f09e-481e-a934-905ce13eec06,Las Vegas - Blue Diamond,catlg-52f55d50-1b76-46c9-a984-104788b48ce2,Las Vegas - Blue Diamond Catalog,False,2025-10-21 20:37:59.268753,2026-05-28 20:01:05.99103,10012,itm-3b920a56-97de-4ba9-a8d0-d4cb189c4f97,Mac & Cheese,1,NULL,2,Item,,NULL,NULL,NULL,False,NULL,NULL,NULL,True,False,2025-10-21 20:39:07.559492,2026-05-21 13:19:01.223506,4.990,2025-10-21 20:39:09.024064,NULL,2026-05-29 03:11:38.75494,catlg-52f55d50-1b76-46c9-a984-104788b48ce2,NULL,NULL
Houston Hot Chicken,org-490e23ce-6f23-4d3d-8544-8728f0965cfc,loc-6039d18b-f09e-481e-a934-905ce13eec06,Las Vegas - Blue Diamond,catlg-52f55d50-1b76-46c9-a984-104788b48ce2,Las Vegas - Blue Diamond Catalog,False,2025-10-21 20:37:59.268753,2026-05-28 20:01:05.99103,9992,itm-d9ba4bf3-9725-4f39-90ee-324c47e01e94,Sandwich & Tender,1,NULL,1,Item,,NULL,NULL,NULL,False,NULL,NULL,NULL,True,False,2025-10-21 20:39:07.559497,2026-05-21 13:19:01.128372,14.990,2025-10-21 20:39:09.067612,NULL,2026-05-29 03:11:38.75494,catlg-52f55d50-1b76-46c9-a984-104788b48ce2,NULL,NULL
Houston Hot Chicken,org-490e23ce-6f23-4d3d-8544-8728f0965cfc,loc-6039d18b-f09e-481e-a934-905ce13eec06,Las Vegas - Blue Diamond,catlg-52f55d50-1b76-46c9-a984-104788b48ce2,Las Vegas - Blue Diamond Catalog,False,2025-10-21 20:37:59.268753,2026-05-28 20:01:05.99103,10010,itm-72254011-40a2-48b7-96a9-ced47568bda9,Original Hot Chicken Sandwich,1,NULL,1,Item,,NULL,NULL,NULL,False,NULL,NULL,NULL,True,False,2025-10-21 20:39:07.559499,2026-05-21 13:19:01.14925,12.990,2025-10-21 20:39:09.076533,NULL,2026-05-29 03:11:38.75494,catlg-52f55d50-1b76-46c9-a984-104788b48ce2,NULL,NULL
Houston Hot Chicken,org-490e23ce-6f23-4d3d-8544-8728f0965cfc,loc-6039d18b-f09e-481e-a934-905ce13eec06,Las Vegas - Blue Diamond,catlg-52f55d50-1b76-46c9-a984-104788b48ce2,Las Vegas - Blue Diamond Catalog,False,2025-10-21 20:37:59.268753,2026-05-28 20:01:05.99103,9952,itm-98884f12-5011-4f5f-bb06-da7bdc318110,Cheesy Hot Chicken Sandwich,1,NULL,1,Item,,NULL,NULL,NULL,False,NULL,NULL,NULL,True,False,2025-10-21 20:39:07.5595,2026-05-21 13:19:01.12311,13.990,2025-10-21 20:39:09.083929,NULL,2026-05-29 03:11:38.75494,catlg-52f55d50-1b76-46c9-a984-104788b48ce2,NULL,NULL
Houston Hot Chicken,org-490e23ce-6f23-4d3d-8544-8728f0965cfc,loc-6039d18b-f09e-481e-a934-905ce13eec06,Las Vegas - Blue Diamond,catlg-52f55d50-1b76-46c9-a984-104788b48ce2,Las Vegas - Blue Diamond Catalog,False,2025-10-21 20:37:59.268753,2026-05-28 20:01:05.99103,10000,itm-ec22ce29-e66d-4ea0-a39e-4486888cd124,2 Tenders Meal,1,NULL,5,Item,,NULL,NULL,NULL,False,NULL,NULL,NULL,True,False,2025-10-21 20:39:07.5595,2026-05-21 13:19:01.216799,10.990,2025-10-21 20:39:09.087444,NULL,2026-05-29 03:11:38.75494,catlg-52f55d50-1b76-46c9-a984-104788b48ce2,NULL,NULL
Houston Hot Chicken,org-490e23ce-6f23-4d3d-8544-8728f0965cfc,loc-6039d18b-f09e-481e-a934-905ce13eec06,Las Vegas - Blue Diamond,catlg-52f55d50-1b76-46c9-a984-104788b48ce2,Las Vegas - Blue Diamond Catalog,False,2025-10-21 20:37:59.268753,2026-05-28 20:01:05.99103,9987,itm-a1b13c78-5a05-474e-865c-f73f77e1fb4e,Tenders & Waffle,1,NULL,5,Item,,NULL,NULL,NULL,False,NULL,NULL,NULL,True,False,2025-10-21 20:39:07.559501,2026-05-21 13:19:01.207663,12.990,2025-10-21 20:39:09.093288,NULL,2026-05-29 03:11:38.75494,catlg-52f55d50-1b76-46c9-a984-104788b48ce2,NULL,NULL
Houston Hot Chicken,org-490e23ce-6f23-4d3d-8544-8728f0965cfc,loc-6039d18b-f09e-481e-a934-905ce13eec06,Las Vegas - Blue Diamond,catlg-52f55d50-1b76-46c9-a984-104788b48ce2,Las Vegas - Blue Diamond Catalog,False,2025-10-21 20:37:59.268753,2026-05-28 20:01:05.99103,10003,itm-f439014b-8cd0-4825-a93d-939d5ed6cd85,3 Tenders & Fries,1,NULL,5,Item,,NULL,NULL,NULL,False,NULL,NULL,NULL,True,False,2025-10-21 20:39:07.559502,2026-05-21 13:19:01.206572,13.990,2025-10-21 20:39:09.09691,NULL,2026-05-29 03:11:38.75494,catlg-52f55d50-1b76-46c9-a984-104788b48ce2,NULL,NULL
Houston Hot Chicken,org-490e23ce-6f23-4d3d-8544-8728f0965cfc,loc-6039d18b-f09e-481e-a934-905ce13eec06,Las Vegas - Blue Diamond,catlg-52f55d50-1b76-46c9-a984-104788b48ce2,Las Vegas - Blue Diamond Catalog,False,2025-10-21 20:37:59.268753,2026-05-28 20:01:05.99103,10134,itm-ee2678e8-1bfb-433a-b17d-4aba58827035,15 pc Nugget Meal,1,NULL,5,Item,,NULL,NULL,NULL,False,NULL,NULL,NULL,True,False,2025-10-21 20:39:07.559504,2026-05-21 13:19:01.125773,13.990,2025-10-21 20:39:09.106522,NULL,2026-05-29 03:11:38.75494,catlg-52f55d50-1b76-46c9-a984-104788b48ce2,NULL,NULL
Houston Hot Chicken,org-490e23ce-6f23-4d3d-8544-8728f0965cfc,loc-6039d18b-f09e-481e-a934-905ce13eec06,Las Vegas - Blue Diamond,catlg-52f55d50-1b76-46c9-a984-104788b48ce2,Las Vegas - Blue Diamond Catalog,False,2025-10-21 20:37:59.268753,2026-05-28 20:01:05.99103,10360,itm-5ccf1e69-0946-4f96-bcc9-3c863019b69e,Cheese Fries,1,NULL,2,Item,,NULL,NULL,NULL,False,NULL,NULL,NULL,True,False,2025-10-21 20:39:07.559505,2026-05-21 13:19:01.196606,5.990,2025-10-21 20:39:09.110265,NULL,2026-05-29 03:11:38.75494,catlg-52f55d50-1b76-46c9-a984-104788b48ce2,NULL,NULL
Houston Hot Chicken,org-490e23ce-6f23-4d3d-8544-8728f0965cfc,loc-6039d18b-f09e-481e-a934-905ce13eec06,Las Vegas - Blue Diamond,catlg-52f55d50-1b76-46c9-a984-104788b48ce2,Las Vegas - Blue Diamond Catalog,False,2025-10-21 20:37:59.268753,2026-05-28 20:01:05.99103,10011,itm-9b03953a-ae65-42a3-b54a-dae8bf07335e,Loaded Fries,1,NULL,2,Item,,NULL,NULL,NULL,False,NULL,NULL,NULL,True,False,2025-10-21 20:39:07.559506,2026-05-21 13:19:01.139295,12.990,2025-10-21 20:39:09.113343,NULL,2026-05-29 03:11:38.75494,catlg-52f55d50-1b76-46c9-a984-104788b48ce2,NULL,NULL
Houston Hot Chicken,org-490e23ce-6f23-4d3d-8544-8728f0965cfc,loc-6039d18b-f09e-481e-a934-905ce13eec06,Las Vegas - Blue Diamond,catlg-52f55d50-1b76-46c9-a984-104788b48ce2,Las Vegas - Blue Diamond Catalog,False,2025-10-21 20:37:59.268753,2026-05-28 20:01:05.99103,10404,itm-8867f72c-e47e-4970-8fda-7dc6fe666aaf,Fusion Fries,1,NULL,2,Item,,NULL,NULL,NULL,False,NULL,NULL,NULL,True,False,2025-10-21 20:39:07.559506,2026-05-21 13:19:01.175557,14.990,2025-10-21 20:39:09.116812,NULL,2026-05-29 03:11:38.75494,catlg-52f55d50-1b76-46c9-a984-104788b48ce2,NULL,NULL
Houston Hot Chicken,org-490e23ce-6f23-4d3d-8544-8728f0965cfc,loc-6039d18b-f09e-481e-a934-905ce13eec06,Las Vegas - Blue Diamond,catlg-52f55d50-1b76-46c9-a984-104788b48ce2,Las Vegas - Blue Diamond Catalog,False,2025-10-21 20:37:59.268753,2026-05-28 20:01:05.99103,10019,itm-895dde95-76ad-47e8-86b7-8cdbc648384e,Southwest Salad,1,NULL,2,Item,,NULL,NULL,NULL,False,NULL,NULL,NULL,True,False,2025-10-21 20:39:07.559507,2026-05-21 13:19:01.193253,13.990,2025-10-21 20:39:09.121059,NULL,2026-05-29 03:11:38.75494,catlg-52f55d50-1b76-46c9-a984-104788b48ce2,NULL,NULL
Houston Hot Chicken,org-490e23ce-6f23-4d3d-8544-8728f0965cfc,loc-6039d18b-f09e-481e-a934-905ce13eec06,Las Vegas - Blue Diamond,catlg-52f55d50-1b76-46c9-a984-104788b48ce2,Las Vegas - Blue Diamond Catalog,False,2025-10-21 20:37:59.268753,2026-05-28 20:01:05.99103,10023,itm-27445316-2b2c-4a52-8a38-0037db920d05,Chicken Tortilla Soup,1,NULL,1,Item,,NULL,NULL,NULL,False,NULL,NULL,NULL,True,False,2025-10-21 20:39:07.559508,2026-05-21 13:19:01.172397,4.990,2025-10-21 20:39:09.128395,NULL,2026-05-29 03:11:38.75494,catlg-52f55d50-1b76-46c9-a984-104788b48ce2,NULL,NULL
Houston Hot Chicken,org-490e23ce-6f23-4d3d-8544-8728f0965cfc,loc-6039d18b-f09e-481e-a934-905ce13eec06,Las Vegas - Blue Diamond,catlg-52f55d50-1b76-46c9-a984-104788b48ce2,Las Vegas - Blue Diamond Catalog,False,2025-10-21 20:37:59.268753,2026-05-28 20:01:05.99103,10223,itm-3ee97f85-a9d3-4678-adc3-16544b27a997,Fries (side),1,NULL,2,Item,,NULL,NULL,NULL,False,NULL,NULL,NULL,True,False,2025-10-21 20:39:07.559509,2026-05-21 13:19:01.200785,4.990,2025-10-21 20:39:09.132155,NULL,2026-05-29 03:11:38.75494,catlg-52f55d50-1b76-46c9-a984-104788b48ce2,NULL,NULL
Houston Hot Chicken,org-490e23ce-6f23-4d3d-8544-8728f0965cfc,loc-6039d18b-f09e-481e-a934-905ce13eec06,Las Vegas - Blue Diamond,catlg-52f55d50-1b76-46c9-a984-104788b48ce2,Las Vegas - Blue Diamond Catalog,False,2025-10-21 20:37:59.268753,2026-05-28 20:01:05.99103,10402,itm-fca51943-da99-4059-b5f1-1e5c45e4de16,10 pc Nuggets (a la carte),1,NULL,1,Item,,NULL,NULL,NULL,False,NULL,NULL,NULL,True,False,2025-10-21 20:39:07.55951,2026-05-21 13:19:01.144176,7.990,2025-10-21 20:39:09.139427,NULL,2026-05-29 03:11:38.75494,catlg-52f55d50-1b76-46c9-a984-104788b48ce2,NULL,NULL
Houston Hot Chicken,org-490e23ce-6f23-4d3d-8544-8728f0965cfc,loc-6039d18b-f09e-481e-a934-905ce13eec06,Las Vegas - Blue Diamond,catlg-52f55d50-1b76-46c9-a984-104788b48ce2,Las Vegas - Blue Diamond Catalog,False,2025-10-21 20:37:59.268753,2026-05-28 20:01:05.99103,11337,itm-87c3d657-7481-43c5-9c45-c0769ac547f5,15 pc Nuggets (a la carte),1,NULL,1,Item,,NULL,NULL,NULL,False,NULL,NULL,NULL,True,False,2025-10-21 20:39:07.559511,2026-05-21 13:19:01.194107,11.990,2025-10-21 20:39:09.14313,NULL,2026-05-29 03:11:38.75494,catlg-52f55d50-1b76-46c9-a984-104788b48ce2,NULL,NULL
Houston Hot Chicken,org-490e23ce-6f23-4d3d-8544-8728f0965cfc,loc-6039d18b-f09e-481e-a934-905ce13eec06,Las Vegas - Blue Diamond,catlg-52f55d50-1b76-46c9-a984-104788b48ce2,Las Vegas - Blue Diamond Catalog,False,2025-10-21 20:37:59.268753,2026-05-28 20:01:05.99103,10020,itm-2b802d9f-a5a2-4601-8de1-49064a0fab6f,Waffle (a la carte),1,NULL,2,Item,,NULL,NULL,NULL,False,NULL,NULL,NULL,True,False,2025-10-21 20:39:07.559512,2026-05-21 13:19:01.129214,3.990,2025-10-21 20:39:09.147013,NULL,2026-05-29 03:11:38.75494,catlg-52f55d50-1b76-46c9-a984-104788b48ce2,NULL,NULL
Houston Hot Chicken,org-490e23ce-6f23-4d3d-8544-8728f0965cfc,loc-6039d18b-f09e-481e-a934-905ce13eec06,Las Vegas - Blue Diamond,catlg-52f55d50-1b76-46c9-a984-104788b48ce2,Las Vegas - Blue Diamond Catalog,False,2025-10-21 20:37:59.268753,2026-05-28 20:01:05.99103,10284,itm-6c5bccca-708e-41f6-b767-c523770f4651,Breast (a la carte),1,NULL,1,Item,,NULL,NULL,NULL,False,NULL,NULL,NULL,True,False,2025-10-21 20:39:07.559513,2026-05-21 13:19:01.208529,5.990,2025-10-21 20:39:09.151016,NULL,2026-05-29 03:11:38.75494,catlg-52f55d50-1b76-46c9-a984-104788b48ce2,NULL,NULL
Houston Hot Chicken,org-490e23ce-6f23-4d3d-8544-8728f0965cfc,loc-6039d18b-f09e-481e-a934-905ce13eec06,Las Vegas - Blue Diamond,catlg-52f55d50-1b76-46c9-a984-104788b48ce2,Las Vegas - Blue Diamond Catalog,False,2025-10-21 20:37:59.268753,2026-05-28 20:01:05.99103,10776,itm-e5330123-0b0c-4420-8422-204bdd552465,Buns (a la carte),1,NULL,2,Item,,NULL,NULL,NULL,False,NULL,NULL,NULL,True,False,2025-10-21 20:39:07.559514,2026-05-21 13:19:01.211955,2.500,2025-10-21 20:39:09.154474,NULL,2026-05-29 03:11:38.75494,catlg-52f55d50-1b76-46c9-a984-104788b48ce2,NULL,NULL
Houston Hot Chicken,org-490e23ce-6f23-4d3d-8544-8728f0965cfc,loc-6039d18b-f09e-481e-a934-905ce13eec06,Las Vegas - Blue Diamond,catlg-52f55d50-1b76-46c9-a984-104788b48ce2,Las Vegas - Blue Diamond Catalog,False,2025-10-21 20:37:59.268753,2026-05-28 20:01:05.99103,10141,itm-235672f5-9135-4244-a34c-a0d45d411ea0,Cheesy Sandwich (a la carte),1,NULL,1,Item,,NULL,NULL,NULL,False,NULL,NULL,NULL,True,False,2025-10-21 20:39:07.559515,2026-05-21 13:19:01.214395,10.990,2025-10-21 20:39:09.158158,NULL,2026-05-29 03:11:38.75494,catlg-52f55d50-1b76-46c9-a984-104788b48ce2,NULL,NULL
Houston Hot Chicken,org-490e23ce-6f23-4d3d-8544-8728f0965cfc,loc-6039d18b-f09e-481e-a934-905ce13eec06,Las Vegas - Blue Diamond,catlg-52f55d50-1b76-46c9-a984-104788b48ce2,Las Vegas - Blue Diamond Catalog,False,2025-10-21 20:37:59.268753,2026-05-28 20:01:05.99103,9986,itm-42a55b58-2625-45d8-b27a-b088bc3932b1,Regular Fountain Drinks,1,NULL,3,Item,,NULL,NULL,NULL,False,NULL,NULL,NULL,True,True,2025-10-21 20:39:07.559521,2026-05-21 13:19:01.124004,2.290,2026-02-02 19:51:50.156851,NULL,2026-05-29 03:11:38.75494,catlg-52f55d50-1b76-46c9-a984-104788b48ce2,NULL,NULL
Houston Hot Chicken,org-490e23ce-6f23-4d3d-8544-8728f0965cfc,loc-6039d18b-f09e-481e-a934-905ce13eec06,Las Vegas - Blue Diamond,catlg-52f55d50-1b76-46c9-a984-104788b48ce2,Las Vegas - Blue Diamond Catalog,False,2025-10-21 20:37:59.268753,2026-05-28 20:01:05.99103,10283,itm-9bd1a828-d8c1-442d-9e8a-018d5c9c325a,Coleslaw (side),1,NULL,2,Item,,NULL,NULL,NULL,False,NULL,NULL,NULL,True,False,2025-10-21 20:39:07.559516,2026-05-21 13:19:01.151678,2.500,2025-10-21 20:39:09.162318,NULL,2026-05-29 03:11:38.75494,catlg-52f55d50-1b76-46c9-a984-104788b48ce2,NULL,NULL
Houston Hot Chicken,org-490e23ce-6f23-4d3d-8544-8728f0965cfc,loc-6039d18b-f09e-481e-a934-905ce13eec06,Las Vegas - Blue Diamond,catlg-52f55d50-1b76-46c9-a984-104788b48ce2,Las Vegas - Blue Diamond Catalog,False,2025-10-21 20:37:59.268753,2026-05-28 20:01:05.99103,10137,itm-e7f1efaf-786c-4f4d-87cf-4d0fc1692c8a,Pickles (side),1,NULL,2,Item,,NULL,NULL,NULL,False,NULL,NULL,NULL,True,False,2025-10-21 20:39:07.559517,2026-05-21 13:19:01.126704,2.500,2025-10-21 20:39:09.166067,NULL,2026-05-29 03:11:38.75494,catlg-52f55d50-1b76-46c9-a984-104788b48ce2,NULL,NULL
Houston Hot Chicken,org-490e23ce-6f23-4d3d-8544-8728f0965cfc,loc-6039d18b-f09e-481e-a934-905ce13eec06,Las Vegas - Blue Diamond,catlg-52f55d50-1b76-46c9-a984-104788b48ce2,Las Vegas - Blue Diamond Catalog,False,2025-10-21 20:37:59.268753,2026-05-28 20:01:05.99103,9997,itm-b4598e56-13ef-4ec3-821a-4520fc83693f,Chilled Cucumber Watermelon Lemonade,1,NULL,3,Item,,NULL,NULL,NULL,False,NULL,NULL,NULL,True,False,2025-10-21 20:39:07.559524,2026-05-21 13:19:01.23014,4.990,2026-03-27 21:46:27.122537,NULL,2026-05-29 03:11:38.75494,catlg-52f55d50-1b76-46c9-a984-104788b48ce2,NULL,NULL
Houston Hot Chicken,org-490e23ce-6f23-4d3d-8544-8728f0965cfc,loc-6039d18b-f09e-481e-a934-905ce13eec06,Las Vegas - Blue Diamond,catlg-52f55d50-1b76-46c9-a984-104788b48ce2,Las Vegas - Blue Diamond Catalog,False,2025-10-21 20:37:59.268753,2026-05-28 20:01:05.99103,10498,itm-b5f1d2d7-31a9-4a4f-87a0-c74210764c26,Frozen Blueberry Lavender Lemonade,1,NULL,3,Item,,NULL,NULL,NULL,False,NULL,NULL,NULL,True,False,2025-10-21 20:39:07.559525,2026-05-21 13:19:01.141713,5.990,2026-03-27 21:46:27.122537,NULL,2026-05-29 03:11:38.75494,catlg-52f55d50-1b76-46c9-a984-104788b48ce2,NULL,NULL
Houston Hot Chicken,org-490e23ce-6f23-4d3d-8544-8728f0965cfc,loc-6039d18b-f09e-481e-a934-905ce13eec06,Las Vegas - Blue Diamond,catlg-52f55d50-1b76-46c9-a984-104788b48ce2,Las Vegas - Blue Diamond Catalog,False,2025-10-21 20:37:59.268753,2026-05-28 20:01:05.99103,10411,itm-984d8497-7a09-4d24-9dbb-5643faa45392,Frozen Cucumber Watermelon Lemonade,1,NULL,3,Item,,NULL,NULL,NULL,False,NULL,NULL,NULL,True,False,2025-10-21 20:39:07.559526,2026-05-21 13:19:01.182943,5.990,2026-03-27 21:46:27.122537,NULL,2026-05-29 03:11:38.75494,catlg-52f55d50-1b76-46c9-a984-104788b48ce2,NULL,NULL
Houston Hot Chicken,org-490e23ce-6f23-4d3d-8544-8728f0965cfc,loc-6039d18b-f09e-481e-a934-905ce13eec06,Las Vegas - Blue Diamond,catlg-52f55d50-1b76-46c9-a984-104788b48ce2,Las Vegas - Blue Diamond Catalog,False,2025-10-21 20:37:59.268753,2026-05-28 20:01:05.99103,10017,itm-8ce8d982-a4b8-43a7-99e4-16c81171ff03,Frozen Strawberry Hibiscus Lemonade,1,NULL,3,Item,,NULL,NULL,NULL,False,NULL,NULL,NULL,True,False,2025-10-21 20:39:07.559527,2026-05-21 13:19:01.145093,5.990,2026-03-27 21:46:27.122538,NULL,2026-05-29 03:11:38.75494,catlg-52f55d50-1b76-46c9-a984-104788b48ce2,NULL,NULL
Houston Hot Chicken,org-490e23ce-6f23-4d3d-8544-8728f0965cfc,loc-6039d18b-f09e-481e-a934-905ce13eec06,Las Vegas - Blue Diamond,catlg-52f55d50-1b76-46c9-a984-104788b48ce2,Las Vegas - Blue Diamond Catalog,False,2025-10-21 20:37:59.268753,2026-05-28 20:01:05.99103,86385,itm-f30c991c-73cf-444b-be43-d0b5fc9b7795,Lemonade Refill,1,NULL,3,Item,,NULL,NULL,NULL,False,NULL,NULL,NULL,False,False,2025-10-21 20:39:07.559532,2026-05-21 13:19:01.148391,2.000,2025-10-21 20:39:09.226685,2026-03-18 10:54:39.558661,2026-05-29 03:11:38.75494,catlg-52f55d50-1b76-46c9-a984-104788b48ce2,NULL,NULL
Houston Hot Chicken,org-490e23ce-6f23-4d3d-8544-8728f0965cfc,loc-6039d18b-f09e-481e-a934-905ce13eec06,Las Vegas - Blue Diamond,catlg-52f55d50-1b76-46c9-a984-104788b48ce2,Las Vegas - Blue Diamond Catalog,False,2025-10-21 20:37:59.268753,2026-05-28 20:01:05.99103,10144,itm-a9ce0b29-6892-466d-9813-5c7506f7914e,Milkshake Vanilla,1,NULL,3,Item,,NULL,NULL,NULL,False,NULL,NULL,NULL,True,False,2025-10-21 20:39:07.559533,2026-05-21 13:19:01.154001,4.990,2025-10-21 20:39:09.23074,NULL,2026-05-29 03:11:38.75494,catlg-52f55d50-1b76-46c9-a984-104788b48ce2,NULL,NULL
Houston Hot Chicken,org-490e23ce-6f23-4d3d-8544-8728f0965cfc,loc-6039d18b-f09e-481e-a934-905ce13eec06,Las Vegas - Blue Diamond,catlg-52f55d50-1b76-46c9-a984-104788b48ce2,Las Vegas - Blue Diamond Catalog,False,2025-10-21 20:37:59.268753,2026-05-28 20:01:05.99103,10592,itm-e661999e-44c1-422e-ad32-ef3a99d549a7,Shake N' Waffle,1,NULL,4,Item,,NULL,NULL,NULL,False,NULL,NULL,NULL,True,False,2025-10-21 20:39:07.559536,2026-05-21 13:19:01.187027,6.500,2025-10-21 20:39:09.243279,NULL,2026-05-29 03:11:38.75494,catlg-52f55d50-1b76-46c9-a984-104788b48ce2,NULL,NULL
Houston Hot Chicken,org-490e23ce-6f23-4d3d-8544-8728f0965cfc,loc-6039d18b-f09e-481e-a934-905ce13eec06,Las Vegas - Blue Diamond,catlg-52f55d50-1b76-46c9-a984-104788b48ce2,Las Vegas - Blue Diamond Catalog,False,2025-10-21 20:37:59.268753,2026-05-28 20:01:05.99103,10146,itm-ba15aea2-98e5-4407-b153-ea947ea35242,Chocolate Chip Wheely,1,NULL,4,Item,,NULL,NULL,NULL,False,NULL,NULL,NULL,True,False,2025-10-21 20:39:07.559537,2026-05-21 13:19:01.192499,3.950,2025-10-21 20:39:09.24667,NULL,2026-05-29 03:11:38.75494,catlg-52f55d50-1b76-46c9-a984-104788b48ce2,NULL,NULL
Houston Hot Chicken,org-490e23ce-6f23-4d3d-8544-8728f0965cfc,loc-6039d18b-f09e-481e-a934-905ce13eec06,Las Vegas - Blue Diamond,catlg-52f55d50-1b76-46c9-a984-104788b48ce2,Las Vegas - Blue Diamond Catalog,False,2025-10-21 20:37:59.268753,2026-05-28 20:01:05.99103,10622,itm-dd17b451-81d5-418e-a1f6-f726e68cf378,Cookie Monster Wheely,1,NULL,4,Item,,NULL,NULL,NULL,False,NULL,NULL,NULL,True,False,2025-10-21 20:39:07.559538,2026-05-21 13:19:01.216037,3.950,2025-10-21 20:39:09.250193,NULL,2026-05-29 03:11:38.75494,catlg-52f55d50-1b76-46c9-a984-104788b48ce2,NULL,NULL
Houston Hot Chicken,org-490e23ce-6f23-4d3d-8544-8728f0965cfc,loc-6039d18b-f09e-481e-a934-905ce13eec06,Las Vegas - Blue Diamond,catlg-52f55d50-1b76-46c9-a984-104788b48ce2,Las Vegas - Blue Diamond Catalog,False,2025-10-21 20:37:59.268753,2026-05-28 20:01:05.99103,10357,itm-f6be3cbc-dbb1-4d3c-b56d-475758ff8e97,Red Velvet Wheely,1,NULL,4,Item,,NULL,NULL,NULL,False,NULL,NULL,NULL,True,False,2025-10-21 20:39:07.559539,2026-05-21 13:19:01.176426,3.950,2025-10-21 20:39:09.253477,NULL,2026-05-29 03:11:38.75494,catlg-52f55d50-1b76-46c9-a984-104788b48ce2,NULL,NULL
Houston Hot Chicken,org-490e23ce-6f23-4d3d-8544-8728f0965cfc,loc-6039d18b-f09e-481e-a934-905ce13eec06,Las Vegas - Blue Diamond,catlg-52f55d50-1b76-46c9-a984-104788b48ce2,Las Vegas - Blue Diamond Catalog,False,2025-10-21 20:37:59.268753,2026-05-28 20:01:05.99103,10222,itm-42b0a2fc-9c74-4649-9acb-45f6889b5bbc,House Sauce (2 oz),1,NULL,2,Item,,NULL,NULL,NULL,False,NULL,NULL,NULL,True,False,2025-10-21 20:39:07.559539,2026-05-21 13:19:01.130123,1.000,2025-10-21 20:39:09.256956,NULL,2026-05-29 03:11:38.75494,catlg-52f55d50-1b76-46c9-a984-104788b48ce2,NULL,NULL
Houston Hot Chicken,org-490e23ce-6f23-4d3d-8544-8728f0965cfc,loc-6039d18b-f09e-481e-a934-905ce13eec06,Las Vegas - Blue Diamond,catlg-52f55d50-1b76-46c9-a984-104788b48ce2,Las Vegas - Blue Diamond Catalog,False,2025-10-21 20:37:59.268753,2026-05-28 20:01:05.99103,10285,itm-3413c17a-41b5-474d-b106-06be5f6509ec,BBQ Sauce (2 oz),1,NULL,7,Item,,NULL,NULL,NULL,False,NULL,NULL,NULL,True,False,2025-10-21 20:39:07.559542,2026-05-21 13:19:01.197549,1.000,2025-10-21 20:39:09.277794,NULL,2026-05-29 03:11:38.75494,catlg-52f55d50-1b76-46c9-a984-104788b48ce2,NULL,NULL
Houston Hot Chicken,org-490e23ce-6f23-4d3d-8544-8728f0965cfc,loc-6039d18b-f09e-481e-a934-905ce13eec06,Las Vegas - Blue Diamond,catlg-52f55d50-1b76-46c9-a984-104788b48ce2,Las Vegas - Blue Diamond Catalog,False,2025-10-21 20:37:59.268753,2026-05-28 20:01:05.99103,16295,itm-36b5e1d7-2e40-4ca7-b359-1d208ba39f84,Caesar Dressing (2 oz),1,NULL,7,Item,,NULL,NULL,NULL,False,NULL,NULL,NULL,True,False,2025-10-21 20:39:07.559542,2026-05-21 13:19:01.21947,1.000,2025-10-21 20:39:09.282393,NULL,2026-05-29 03:11:38.75494,catlg-52f55d50-1b76-46c9-a984-104788b48ce2,NULL,NULL
Houston Hot Chicken,org-490e23ce-6f23-4d3d-8544-8728f0965cfc,loc-6039d18b-f09e-481e-a934-905ce13eec06,Las Vegas - Blue Diamond,catlg-52f55d50-1b76-46c9-a984-104788b48ce2,Las Vegas - Blue Diamond Catalog,False,2025-10-21 20:37:59.268753,2026-05-28 20:01:05.99103,10407,itm-90eb4882-346c-46d8-a4aa-dc01f1500b4b,Large Cheese Sauce (8oz),1,NULL,7,Item,,NULL,NULL,NULL,False,NULL,NULL,NULL,True,False,2025-10-21 20:39:07.559544,2026-05-21 13:19:01.154804,4.000,2025-10-23 18:02:55.76498,NULL,2026-05-29 03:11:38.75494,catlg-52f55d50-1b76-46c9-a984-104788b48ce2,NULL,NULL
Houston Hot Chicken,org-490e23ce-6f23-4d3d-8544-8728f0965cfc,loc-6039d18b-f09e-481e-a934-905ce13eec06,Las Vegas - Blue Diamond,catlg-52f55d50-1b76-46c9-a984-104788b48ce2,Las Vegas - Blue Diamond Catalog,False,2025-10-21 20:37:59.268753,2026-05-28 20:01:05.99103,13755,itm-7a003f9f-25c1-4182-b04a-4c5b81dc2a76,Large House Sauce (8oz),1,NULL,7,Item,,NULL,NULL,NULL,False,NULL,NULL,NULL,True,False,2025-10-21 20:39:07.559545,2026-05-21 13:19:01.194964,4.000,2025-10-21 20:39:09.298873,NULL,2026-05-29 03:11:38.75494,catlg-52f55d50-1b76-46c9-a984-104788b48ce2,NULL,NULL
Houston Hot Chicken,org-490e23ce-6f23-4d3d-8544-8728f0965cfc,loc-6039d18b-f09e-481e-a934-905ce13eec06,Las Vegas - Blue Diamond,catlg-52f55d50-1b76-46c9-a984-104788b48ce2,Las Vegas - Blue Diamond Catalog,False,2025-10-21 20:37:59.268753,2026-05-28 20:01:05.99103,10319,itm-6a4e5105-94c4-4805-b772-4141fc8069fd,Honey (1 oz),1,NULL,7,Item,,NULL,NULL,NULL,False,NULL,NULL,NULL,True,False,2025-10-21 20:39:07.559546,2026-05-21 13:19:01.156387,0.500,2025-10-21 20:39:09.302962,NULL,2026-05-29 03:11:38.75494,catlg-52f55d50-1b76-46c9-a984-104788b48ce2,NULL,NULL
Houston Hot Chicken,org-490e23ce-6f23-4d3d-8544-8728f0965cfc,loc-6039d18b-f09e-481e-a934-905ce13eec06,Las Vegas - Blue Diamond,catlg-52f55d50-1b76-46c9-a984-104788b48ce2,Las Vegas - Blue Diamond Catalog,False,2025-10-21 20:37:59.268753,2026-05-28 20:01:05.99103,10408,itm-ff2fd12a-31a5-4b73-a664-a73cfcea74b4,Maple Syrup (2 oz),1,NULL,7,Item,,NULL,NULL,NULL,False,NULL,NULL,NULL,True,False,2025-10-21 20:39:07.559546,2026-05-21 13:19:01.135282,0.500,2025-10-21 20:39:09.306818,NULL,2026-05-29 03:11:38.75494,catlg-52f55d50-1b76-46c9-a984-104788b48ce2,NULL,NULL
Houston Hot Chicken,org-490e23ce-6f23-4d3d-8544-8728f0965cfc,loc-6039d18b-f09e-481e-a934-905ce13eec06,Las Vegas - Blue Diamond,catlg-52f55d50-1b76-46c9-a984-104788b48ce2,Las Vegas - Blue Diamond Catalog,False,2025-10-21 20:37:59.268753,2026-05-28 20:01:05.99103,10391,itm-6ed3be5c-6553-49c4-ac3c-dbf4ae4cc062,Buffalo Sauce (2oz),1,NULL,7,Item,,NULL,NULL,NULL,False,NULL,NULL,NULL,True,False,2025-10-21 20:39:07.559547,2026-05-21 13:19:01.220261,1.000,2025-10-21 20:39:09.310201,NULL,2026-05-29 03:11:38.75494,catlg-52f55d50-1b76-46c9-a984-104788b48ce2,NULL,NULL
Houston Hot Chicken,org-490e23ce-6f23-4d3d-8544-8728f0965cfc,loc-6039d18b-f09e-481e-a934-905ce13eec06,Las Vegas - Blue Diamond,catlg-52f55d50-1b76-46c9-a984-104788b48ce2,Las Vegas - Blue Diamond Catalog,False,2025-10-21 20:37:59.268753,2026-05-28 20:01:05.99103,89105,itm-337fbe9e-c36f-4b6e-90a1-1de5f2a7bbbf,HWHAP Original Hot Chicken Sandwich Meal,1,NULL,5,Item,,NULL,NULL,NULL,False,NULL,NULL,NULL,True,False,2025-10-21 20:39:07.559548,2026-05-21 13:19:01.169253,14.990,2025-10-21 20:39:09.313997,2026-03-18 10:54:39.558661,2026-05-29 03:11:38.75494,catlg-52f55d50-1b76-46c9-a984-104788b48ce2,NULL,NULL
Houston Hot Chicken,org-490e23ce-6f23-4d3d-8544-8728f0965cfc,loc-6039d18b-f09e-481e-a934-905ce13eec06,Las Vegas - Blue Diamond,catlg-52f55d50-1b76-46c9-a984-104788b48ce2,Las Vegas - Blue Diamond Catalog,False,2025-10-21 20:37:59.268753,2026-05-28 20:01:05.99103,98514,itm-db0020fe-dce4-457d-9090-f1509a2ad7e9,HWHAP Original Sandwich (a la carte),1,NULL,1,Item,,NULL,NULL,NULL,False,NULL,NULL,NULL,True,False,2025-10-21 20:39:07.559549,2026-05-21 13:19:01.179714,11.990,2025-10-21 20:39:09.322752,2026-03-18 10:54:39.558661,2026-05-29 03:11:38.75494,catlg-52f55d50-1b76-46c9-a984-104788b48ce2,NULL,NULL
Houston Hot Chicken,org-490e23ce-6f23-4d3d-8544-8728f0965cfc,loc-6039d18b-f09e-481e-a934-905ce13eec06,Las Vegas - Blue Diamond,catlg-52f55d50-1b76-46c9-a984-104788b48ce2,Las Vegas - Blue Diamond Catalog,False,2025-10-21 20:37:59.268753,2026-05-28 20:01:05.99103,130993,itm-56f337d5-430e-4ced-be8b-be726241af20,HWHAP Cheesy Hot Chicken Sandwich Meal,1,NULL,5,Item,,NULL,NULL,NULL,False,NULL,NULL,NULL,True,False,2025-10-21 20:39:07.55955,2026-05-21 13:19:01.190205,15.990,2025-10-21 20:39:09.328403,2026-03-18 10:54:39.558661,2026-05-29 03:11:38.75494,catlg-52f55d50-1b76-46c9-a984-104788b48ce2,NULL,NULL
Houston Hot Chicken,org-490e23ce-6f23-4d3d-8544-8728f0965cfc,loc-6039d18b-f09e-481e-a934-905ce13eec06,Las Vegas - Blue Diamond,catlg-52f55d50-1b76-46c9-a984-104788b48ce2,Las Vegas - Blue Diamond Catalog,False,2025-10-21 20:37:59.268753,2026-05-28 20:01:05.99103,99225,itm-b0f06a77-07aa-4eac-9c63-fa8e1bb3957f,HWHAP Classic Sandwich (a la carte),1,NULL,1,Item,,NULL,NULL,NULL,False,NULL,NULL,NULL,True,False,2025-10-21 20:39:07.559551,2026-05-21 13:19:01.157926,10.990,2025-10-21 20:39:09.335641,2026-03-18 10:54:39.558661,2026-05-29 03:11:38.75494,catlg-52f55d50-1b76-46c9-a984-104788b48ce2,NULL,NULL
Houston Hot Chicken,org-490e23ce-6f23-4d3d-8544-8728f0965cfc,loc-6039d18b-f09e-481e-a934-905ce13eec06,Las Vegas - Blue Diamond,catlg-52f55d50-1b76-46c9-a984-104788b48ce2,Las Vegas - Blue Diamond Catalog,False,2025-10-21 20:37:59.268753,2026-05-28 20:01:05.99103,157342,itm-3ec63724-c3f8-4bea-8b74-e210904ef72e,Tenders and Waffle,1,NULL,5,Item,,NULL,NULL,NULL,False,NULL,NULL,NULL,True,False,2025-10-21 20:39:07.559552,2026-05-21 13:19:01.22691,14.990,2025-10-21 20:39:09.339991,2026-03-18 10:54:39.558661,2026-05-29 03:11:38.75494,catlg-52f55d50-1b76-46c9-a984-104788b48ce2,NULL,NULL
Houston Hot Chicken,org-490e23ce-6f23-4d3d-8544-8728f0965cfc,loc-6039d18b-f09e-481e-a934-905ce13eec06,Las Vegas - Blue Diamond,catlg-52f55d50-1b76-46c9-a984-104788b48ce2,Las Vegas - Blue Diamond Catalog,False,2025-10-21 20:37:59.268753,2026-05-28 20:01:05.99103,41630,itm-bcde5449-d528-4589-bbd4-aea84b53ff8a,HWHAP Tenders and Slaw,1,NULL,5,Item,,NULL,NULL,NULL,False,NULL,NULL,NULL,True,False,2025-10-21 20:39:07.559553,2026-05-21 13:19:01.184596,13.990,2025-10-21 20:39:09.3438,2026-03-18 10:54:39.558661,2026-05-29 03:11:38.75494,catlg-52f55d50-1b76-46c9-a984-104788b48ce2,NULL,NULL
Houston Hot Chicken,org-490e23ce-6f23-4d3d-8544-8728f0965cfc,loc-6039d18b-f09e-481e-a934-905ce13eec06,Las Vegas - Blue Diamond,catlg-52f55d50-1b76-46c9-a984-104788b48ce2,Las Vegas - Blue Diamond Catalog,False,2025-10-21 20:37:59.268753,2026-05-28 20:01:05.99103,179089,itm-84187632-ebe9-4b42-8b4b-0be2815bcbdf,HWHAP 3 Tenders and Fries Meal,1,NULL,5,Item,,NULL,NULL,NULL,False,NULL,NULL,NULL,True,False,2025-10-21 20:39:07.559553,2026-05-21 13:19:01.198458,15.990,2025-10-21 20:39:09.347513,2026-03-18 10:54:39.558661,2026-05-29 03:11:38.75494,catlg-52f55d50-1b76-46c9-a984-104788b48ce2,NULL,NULL
Houston Hot Chicken,org-490e23ce-6f23-4d3d-8544-8728f0965cfc,loc-6039d18b-f09e-481e-a934-905ce13eec06,Las Vegas - Blue Diamond,catlg-52f55d50-1b76-46c9-a984-104788b48ce2,Las Vegas - Blue Diamond Catalog,False,2025-10-21 20:37:59.268753,2026-05-28 20:01:05.99103,64767,itm-9ce27939-de74-414b-87e6-489f336c6df7,HWHAP Tender (a la carte),1,NULL,1,Item,,NULL,NULL,NULL,False,NULL,NULL,NULL,True,False,2025-10-21 20:39:07.559554,2026-05-21 13:19:01.22185,5.990,2025-10-21 20:39:09.351273,2026-03-18 10:54:39.558661,2026-05-29 03:11:38.75494,catlg-52f55d50-1b76-46c9-a984-104788b48ce2,NULL,NULL
Houston Hot Chicken,org-490e23ce-6f23-4d3d-8544-8728f0965cfc,loc-6039d18b-f09e-481e-a934-905ce13eec06,Las Vegas - Blue Diamond,catlg-52f55d50-1b76-46c9-a984-104788b48ce2,Las Vegas - Blue Diamond Catalog,False,2025-10-21 20:37:59.268753,2026-05-28 20:01:05.99103,50488,itm-8f78aff3-ec7d-4109-8496-bb676cf59023,HWHAP Fusion Fries,1,NULL,2,Item,,NULL,NULL,NULL,False,NULL,NULL,NULL,True,False,2025-10-21 20:39:07.559556,2026-05-21 13:19:01.185453,16.990,2025-10-21 20:39:09.358626,2026-03-18 10:54:39.558661,2026-05-29 03:11:38.75494,catlg-52f55d50-1b76-46c9-a984-104788b48ce2,NULL,NULL
Houston Hot Chicken,org-490e23ce-6f23-4d3d-8544-8728f0965cfc,loc-6039d18b-f09e-481e-a934-905ce13eec06,Las Vegas - Blue Diamond,catlg-52f55d50-1b76-46c9-a984-104788b48ce2,Las Vegas - Blue Diamond Catalog,False,2025-10-21 20:37:59.268753,2026-05-28 20:01:05.99103,42459,itm-d37dc926-7bcb-47c9-8628-bd2b85bb9ee5,HWHAP Southwest Salad,1,NULL,1,Item,,NULL,NULL,NULL,False,NULL,NULL,NULL,True,False,2025-10-21 20:39:07.559557,2026-05-21 13:19:01.157135,15.990,2025-10-21 20:39:09.362052,2026-03-18 10:54:39.558661,2026-05-29 03:11:38.75494,catlg-52f55d50-1b76-46c9-a984-104788b48ce2,NULL,NULL
Houston Hot Chicken,org-490e23ce-6f23-4d3d-8544-8728f0965cfc,loc-6039d18b-f09e-481e-a934-905ce13eec06,Las Vegas - Blue Diamond,catlg-52f55d50-1b76-46c9-a984-104788b48ce2,Las Vegas - Blue Diamond Catalog,False,2025-10-21 20:37:59.268753,2026-05-28 20:01:05.99103,92055,itm-e0275e54-a5e7-4714-b3a8-f8b6ae1718b0,HWHAP Classic Chicken Sandwich Meal,1,NULL,5,Item,,NULL,NULL,NULL,False,NULL,NULL,NULL,True,False,2025-10-21 20:39:07.559559,2026-05-21 13:19:01.13094,13.990,2025-10-21 20:39:09.374932,2026-03-18 10:54:39.558661,2026-05-29 03:11:38.75494,catlg-52f55d50-1b76-46c9-a984-104788b48ce2,NULL,NULL
Houston Hot Chicken,org-490e23ce-6f23-4d3d-8544-8728f0965cfc,loc-6039d18b-f09e-481e-a934-905ce13eec06,Las Vegas - Blue Diamond,catlg-52f55d50-1b76-46c9-a984-104788b48ce2,Las Vegas - Blue Diamond Catalog,False,2025-10-21 20:37:59.268753,2026-05-28 20:01:05.99103,121957,itm-57b1c78c-59d2-42b0-bf57-5ea156ee1936,HWHAP 2 Tender Meal,1,NULL,5,Item,,NULL,NULL,NULL,False,NULL,NULL,NULL,True,False,2025-10-21 20:39:07.559559,2026-05-21 13:19:01.133531,12.990,2025-10-21 20:39:09.378272,2026-03-18 10:54:39.558661,2026-05-29 03:11:38.75494,catlg-52f55d50-1b76-46c9-a984-104788b48ce2,NULL,NULL
Houston Hot Chicken,org-490e23ce-6f23-4d3d-8544-8728f0965cfc,loc-6039d18b-f09e-481e-a934-905ce13eec06,Las Vegas - Blue Diamond,catlg-52f55d50-1b76-46c9-a984-104788b48ce2,Las Vegas - Blue Diamond Catalog,False,2025-10-21 20:37:59.268753,2026-05-28 20:01:05.99103,159052,itm-571c9ac0-cae0-4941-bcd5-e8d88f2d724d,HWHAP 15 pc Nugget Meal,1,NULL,5,Item,,NULL,NULL,NULL,False,NULL,NULL,NULL,True,False,2025-10-21 20:39:07.55956,2026-05-21 13:19:01.170015,15.990,2025-10-21 20:39:09.384761,2026-03-18 10:54:39.558661,2026-05-29 03:11:38.75494,catlg-52f55d50-1b76-46c9-a984-104788b48ce2,NULL,NULL
Houston Hot Chicken,org-490e23ce-6f23-4d3d-8544-8728f0965cfc,loc-6039d18b-f09e-481e-a934-905ce13eec06,Las Vegas - Blue Diamond,catlg-52f55d50-1b76-46c9-a984-104788b48ce2,Las Vegas - Blue Diamond Catalog,False,2025-10-21 20:37:59.268753,2026-05-28 20:01:05.99103,92837,itm-d975150f-1c3c-4cb3-857f-ff5eddd75e01,HWHAP 15 pc Nuggets (a la carte),1,NULL,1,Item,,NULL,NULL,NULL,False,NULL,NULL,NULL,True,False,2025-10-21 20:39:07.559561,2026-05-21 13:19:01.173182,13.990,2025-10-21 20:39:09.389015,2026-03-18 10:54:39.558661,2026-05-29 03:11:38.75494,catlg-52f55d50-1b76-46c9-a984-104788b48ce2,NULL,NULL
Houston Hot Chicken,org-490e23ce-6f23-4d3d-8544-8728f0965cfc,loc-6039d18b-f09e-481e-a934-905ce13eec06,Las Vegas - Blue Diamond,catlg-52f55d50-1b76-46c9-a984-104788b48ce2,Las Vegas - Blue Diamond Catalog,False,2025-10-21 20:37:59.268753,2026-05-28 20:01:05.99103,145558,itm-cd0c4785-374c-4bab-8f6c-66c099060b75,HWHAP 10 pc Nuggets (a la carte),1,NULL,1,Item,,NULL,NULL,NULL,False,NULL,NULL,NULL,True,False,2025-10-21 20:39:07.559562,2026-05-21 13:19:01.22108,9.990,2025-10-21 20:39:09.393274,2026-03-18 10:54:39.558661,2026-05-29 03:11:38.75494,catlg-52f55d50-1b76-46c9-a984-104788b48ce2,NULL,NULL
Houston Hot Chicken,org-490e23ce-6f23-4d3d-8544-8728f0965cfc,loc-6039d18b-f09e-481e-a934-905ce13eec06,Las Vegas - Blue Diamond,catlg-52f55d50-1b76-46c9-a984-104788b48ce2,Las Vegas - Blue Diamond Catalog,False,2025-10-21 20:37:59.268753,2026-05-28 20:01:05.99103,77039,itm-3cd61c88-f68c-4278-a29e-31489f69db60,Shake N' Fries,1,NULL,5,Item,,NULL,NULL,NULL,False,NULL,NULL,NULL,True,False,2025-10-21 20:39:07.559565,2026-05-21 13:19:01.186214,7.990,2025-10-21 20:39:09.411919,2026-03-18 10:54:39.558661,2026-05-29 03:11:38.75494,catlg-52f55d50-1b76-46c9-a984-104788b48ce2,NULL,NULL
Houston Hot Chicken,org-490e23ce-6f23-4d3d-8544-8728f0965cfc,loc-6039d18b-f09e-481e-a934-905ce13eec06,Las Vegas - Blue Diamond,catlg-52f55d50-1b76-46c9-a984-104788b48ce2,Las Vegas - Blue Diamond Catalog,False,2025-10-21 20:37:59.268753,2026-05-28 20:01:05.99103,44950,itm-c8a040be-4b7b-4d80-aceb-79d50531f8be,The Mondi,1,NULL,1,Item,,NULL,NULL,NULL,False,NULL,NULL,NULL,True,False,2025-10-21 20:39:07.559567,2026-05-21 13:19:01.230974,5.990,2025-10-21 20:39:09.421899,2026-03-18 10:54:39.558661,2026-05-29 03:11:38.75494,catlg-52f55d50-1b76-46c9-a984-104788b48ce2,NULL,NULL
Houston Hot Chicken,org-490e23ce-6f23-4d3d-8544-8728f0965cfc,loc-6039d18b-f09e-481e-a934-905ce13eec06,Las Vegas - Blue Diamond,catlg-52f55d50-1b76-46c9-a984-104788b48ce2,Las Vegas - Blue Diamond Catalog,False,2025-10-21 20:37:59.268753,2026-05-28 20:01:05.99103,88580,itm-a6aa077f-e043-4c55-a0f1-3fcaad580c16,Original Party Package,1,NULL,5,Item,,NULL,NULL,NULL,False,NULL,NULL,NULL,True,False,2025-10-21 20:39:07.559568,2026-05-21 13:19:01.178137,150.000,2025-10-21 20:39:09.429238,2026-03-18 10:54:39.558661,2026-05-29 03:11:38.75494,catlg-52f55d50-1b76-46c9-a984-104788b48ce2,NULL,NULL
Houston Hot Chicken,org-490e23ce-6f23-4d3d-8544-8728f0965cfc,loc-6039d18b-f09e-481e-a934-905ce13eec06,Las Vegas - Blue Diamond,catlg-52f55d50-1b76-46c9-a984-104788b48ce2,Las Vegas - Blue Diamond Catalog,False,2025-10-21 20:37:59.268753,2026-05-28 20:01:05.99103,98859,itm-4096cf42-7395-4fb4-9853-07c5cd52cd33,10 Tender Tray,1,NULL,5,Item,,NULL,NULL,NULL,False,NULL,NULL,NULL,True,False,2025-10-21 20:39:07.559569,2026-05-21 13:19:01.160534,40.000,2025-10-21 20:39:09.436858,2026-03-18 10:54:39.558661,2026-05-29 03:11:38.75494,catlg-52f55d50-1b76-46c9-a984-104788b48ce2,NULL,NULL
Houston Hot Chicken,org-490e23ce-6f23-4d3d-8544-8728f0965cfc,loc-6039d18b-f09e-481e-a934-905ce13eec06,Las Vegas - Blue Diamond,catlg-52f55d50-1b76-46c9-a984-104788b48ce2,Las Vegas - Blue Diamond Catalog,False,2025-10-21 20:37:59.268753,2026-05-28 20:01:05.99103,150067,itm-3e4b1266-87af-4641-94c9-2cd83cf1dc77,Waffle Platter (10),1,NULL,2,Item,,NULL,NULL,NULL,False,NULL,NULL,NULL,True,False,2025-10-21 20:39:07.559571,2026-05-21 13:19:01.222686,50.000,2025-10-21 20:39:09.443956,2026-03-18 10:54:39.558661,2026-05-29 03:11:38.75494,catlg-52f55d50-1b76-46c9-a984-104788b48ce2,NULL,NULL
Houston Hot Chicken,org-490e23ce-6f23-4d3d-8544-8728f0965cfc,loc-6039d18b-f09e-481e-a934-905ce13eec06,Las Vegas - Blue Diamond,catlg-52f55d50-1b76-46c9-a984-104788b48ce2,Las Vegas - Blue Diamond Catalog,False,2025-10-21 20:37:59.268753,2026-05-28 20:01:05.99103,153461,itm-56108277-f92c-4c54-8277-e924ce56296f,Large Chips Platter,1,NULL,2,Item,,NULL,NULL,NULL,False,NULL,NULL,NULL,True,False,2025-10-21 20:39:07.559573,2026-05-21 13:19:01.131786,30.000,2025-10-21 20:39:09.457171,2026-03-18 10:54:39.558661,2026-05-29 03:11:38.75494,catlg-52f55d50-1b76-46c9-a984-104788b48ce2,NULL,NULL
Houston Hot Chicken,org-490e23ce-6f23-4d3d-8544-8728f0965cfc,loc-6039d18b-f09e-481e-a934-905ce13eec06,Las Vegas - Blue Diamond,catlg-52f55d50-1b76-46c9-a984-104788b48ce2,Las Vegas - Blue Diamond Catalog,False,2025-10-21 20:37:59.268753,2026-05-28 20:01:05.99103,186501,itm-7a200ad0-827d-4330-950a-ce5a4bf1b2fb,Small Fry Platter,1,NULL,2,Item,,NULL,NULL,NULL,False,NULL,NULL,NULL,True,False,2025-10-21 20:39:07.559574,2026-05-21 13:19:01.167479,28.000,2025-10-21 20:39:09.461068,2026-03-18 10:54:39.558661,2026-05-29 03:11:38.75494,catlg-52f55d50-1b76-46c9-a984-104788b48ce2,NULL,NULL
Houston Hot Chicken,org-490e23ce-6f23-4d3d-8544-8728f0965cfc,loc-6039d18b-f09e-481e-a934-905ce13eec06,Las Vegas - Blue Diamond,catlg-52f55d50-1b76-46c9-a984-104788b48ce2,Las Vegas - Blue Diamond Catalog,False,2025-10-21 20:37:59.268753,2026-05-28 20:01:05.99103,48698,itm-5c5d6f43-8213-4ce2-8167-df1c39b533c6,Large Fry Platter,1,NULL,2,Item,,NULL,NULL,NULL,False,NULL,NULL,NULL,True,False,2025-10-21 20:39:07.559574,2026-05-21 13:19:01.200028,56.000,2025-10-21 20:39:09.464337,2026-03-18 10:54:39.558661,2026-05-29 03:11:38.75494,catlg-52f55d50-1b76-46c9-a984-104788b48ce2,NULL,NULL
Houston Hot Chicken,org-490e23ce-6f23-4d3d-8544-8728f0965cfc,loc-6039d18b-f09e-481e-a934-905ce13eec06,Las Vegas - Blue Diamond,catlg-52f55d50-1b76-46c9-a984-104788b48ce2,Las Vegas - Blue Diamond Catalog,False,2025-10-21 20:37:59.268753,2026-05-28 20:01:05.99103,127818,itm-5ea4943e-78d3-438a-9091-0a978500cd4e,Classic Sandwich Platter,1,NULL,1,Item,,NULL,NULL,NULL,False,NULL,NULL,NULL,True,False,2025-10-21 20:39:07.559576,2026-05-21 13:19:01.202559,90.000,2025-10-21 20:39:09.47561,2026-03-18 10:54:39.558661,2026-05-29 03:11:38.75494,catlg-52f55d50-1b76-46c9-a984-104788b48ce2,NULL,NULL
Houston Hot Chicken,org-490e23ce-6f23-4d3d-8544-8728f0965cfc,loc-6039d18b-f09e-481e-a934-905ce13eec06,Las Vegas - Blue Diamond,catlg-52f55d50-1b76-46c9-a984-104788b48ce2,Las Vegas - Blue Diamond Catalog,False,2025-10-21 20:37:59.268753,2026-05-28 20:01:05.99103,122108,itm-882d7ef8-5e4e-4203-a55f-fcfce1bf9021,Coleslaw Platter,1,NULL,2,Item,,NULL,NULL,NULL,False,NULL,NULL,NULL,True,True,2025-10-21 20:39:07.559579,2026-05-21 13:19:01.203446,27.950,2026-03-11 17:47:35.230085,2026-03-18 10:54:39.558661,2026-05-29 03:11:38.75494,catlg-52f55d50-1b76-46c9-a984-104788b48ce2,NULL,NULL
Houston Hot Chicken,org-490e23ce-6f23-4d3d-8544-8728f0965cfc,loc-6039d18b-f09e-481e-a934-905ce13eec06,Las Vegas - Blue Diamond,catlg-52f55d50-1b76-46c9-a984-104788b48ce2,Las Vegas - Blue Diamond Catalog,False,2025-10-21 20:37:59.268753,2026-05-28 20:01:05.99103,109243,itm-ccb5644a-4cc5-44e2-a66b-3ffe8ac2a852,2 Tenders & Waffle Boxed Lunch,1,NULL,5,Item,,NULL,NULL,NULL,False,NULL,NULL,NULL,True,True,2025-10-21 20:39:07.559582,2026-05-21 13:19:01.13848,12.990,2026-03-11 17:47:35.230085,2026-03-18 10:54:39.558661,2026-05-29 03:11:38.75494,catlg-52f55d50-1b76-46c9-a984-104788b48ce2,NULL,NULL
Houston Hot Chicken,org-490e23ce-6f23-4d3d-8544-8728f0965cfc,loc-6039d18b-f09e-481e-a934-905ce13eec06,Las Vegas - Blue Diamond,catlg-52f55d50-1b76-46c9-a984-104788b48ce2,Las Vegas - Blue Diamond Catalog,False,2025-10-21 20:37:59.268753,2026-05-28 20:01:05.99103,143971,itm-d9e2ba45-81ec-4e9e-9641-ab3c6436b725,3 Tenders Boxed Lunch,1,NULL,2,Item,,NULL,NULL,NULL,False,NULL,NULL,NULL,True,True,2025-10-21 20:39:07.559583,2026-05-21 13:19:01.181291,13.990,2026-03-11 17:47:35.230085,2026-03-18 10:54:39.558661,2026-05-29 03:11:38.75494,catlg-52f55d50-1b76-46c9-a984-104788b48ce2,NULL,NULL
Houston Hot Chicken,org-490e23ce-6f23-4d3d-8544-8728f0965cfc,loc-6039d18b-f09e-481e-a934-905ce13eec06,Las Vegas - Blue Diamond,catlg-52f55d50-1b76-46c9-a984-104788b48ce2,Las Vegas - Blue Diamond Catalog,False,2025-10-21 20:37:59.268753,2026-05-28 20:01:05.99103,187249,itm-6836afb2-a00d-483a-b1ee-e75268959bdf,Pickle Platter,1,NULL,2,Item,,NULL,NULL,NULL,False,NULL,NULL,NULL,True,True,2025-10-21 20:39:07.559585,2026-05-21 13:19:01.191771,22.950,2026-03-11 17:47:35.230086,2026-03-18 10:54:39.558661,2026-05-29 03:11:38.75494,catlg-52f55d50-1b76-46c9-a984-104788b48ce2,NULL,NULL
Houston Hot Chicken,org-490e23ce-6f23-4d3d-8544-8728f0965cfc,loc-6039d18b-f09e-481e-a934-905ce13eec06,Las Vegas - Blue Diamond,catlg-52f55d50-1b76-46c9-a984-104788b48ce2,Las Vegas - Blue Diamond Catalog,False,2025-10-21 20:37:59.268753,2026-05-28 20:01:05.99103,71624,itm-c971f677-7ea0-4a03-8269-50e68c39ee0d,Shareable Mac & Cheese,1,NULL,2,Item,,NULL,NULL,NULL,False,NULL,NULL,NULL,True,False,2025-10-21 20:39:07.559586,2026-05-21 13:19:01.188579,55.000,2025-10-21 20:39:09.52694,2026-03-18 10:54:39.558661,2026-05-29 03:11:38.75494,catlg-52f55d50-1b76-46c9-a984-104788b48ce2,NULL,NULL
Houston Hot Chicken,org-490e23ce-6f23-4d3d-8544-8728f0965cfc,loc-6039d18b-f09e-481e-a934-905ce13eec06,Las Vegas - Blue Diamond,catlg-52f55d50-1b76-46c9-a984-104788b48ce2,Las Vegas - Blue Diamond Catalog,False,2025-10-21 20:37:59.268753,2026-05-28 20:01:05.99103,56974,itm-5cf07d18-eea6-40fd-8a2d-52c39fc69482,Plates (Per Person),1,NULL,6,Item,,NULL,NULL,NULL,False,NULL,NULL,NULL,True,True,2025-10-21 20:39:07.559587,2026-05-21 13:19:01.122091,1.500,2026-03-11 17:47:35.230086,2026-03-18 10:54:39.558661,2026-05-29 03:11:38.75494,catlg-52f55d50-1b76-46c9-a984-104788b48ce2,NULL,NULL
Houston Hot Chicken,org-490e23ce-6f23-4d3d-8544-8728f0965cfc,loc-6039d18b-f09e-481e-a934-905ce13eec06,Las Vegas - Blue Diamond,catlg-52f55d50-1b76-46c9-a984-104788b48ce2,Las Vegas - Blue Diamond Catalog,False,2025-10-21 20:37:59.268753,2026-05-28 20:01:05.99103,10362,itm-ccee4271-3d38-4d3c-9216-75eeccc7a679,Pellegrino Sparkling,1,NULL,3,Item,,NULL,NULL,NULL,False,NULL,NULL,NULL,True,False,2025-10-21 20:39:07.55953,2026-05-21 13:19:01.153192,2.500,2025-10-21 20:39:09.219446,NULL,2026-05-29 03:11:38.75494,catlg-52f55d50-1b76-46c9-a984-104788b48ce2,NULL,NULL
Houston Hot Chicken,org-490e23ce-6f23-4d3d-8544-8728f0965cfc,loc-6039d18b-f09e-481e-a934-905ce13eec06,Las Vegas - Blue Diamond,catlg-52f55d50-1b76-46c9-a984-104788b48ce2,Las Vegas - Blue Diamond Catalog,False,2025-10-21 20:37:59.268753,2026-05-28 20:01:05.99103,10400,itm-25b2119c-7a73-4ec0-a930-3d0c2894af79,Kids Honest Juice,1,NULL,3,Item,,NULL,NULL,NULL,False,NULL,NULL,NULL,True,False,2025-10-21 20:39:07.559531,2026-05-21 13:19:01.178915,1.500,2025-10-21 20:39:09.223459,NULL,2026-05-29 03:11:38.75494,catlg-52f55d50-1b76-46c9-a984-104788b48ce2,NULL,NULL
Houston Hot Chicken,org-490e23ce-6f23-4d3d-8544-8728f0965cfc,loc-6039d18b-f09e-481e-a934-905ce13eec06,Las Vegas - Blue Diamond,catlg-52f55d50-1b76-46c9-a984-104788b48ce2,Las Vegas - Blue Diamond Catalog,False,2025-10-21 20:37:59.268753,2026-05-28 20:01:05.99103,101758,itm-caaf73ac-71c4-4b43-9b79-4f2c8ff84296,HWHAP 5 pc Nuggets (a la carte),1,NULL,1,Item,,NULL,NULL,NULL,False,NULL,NULL,NULL,True,False,2025-10-21 20:39:07.559562,2026-05-21 13:19:01.213566,5.990,2025-10-21 20:39:09.396979,2026-03-18 10:54:39.558661,2026-05-29 03:11:38.75494,catlg-52f55d50-1b76-46c9-a984-104788b48ce2,NULL,NULL
Houston Hot Chicken,org-490e23ce-6f23-4d3d-8544-8728f0965cfc,loc-6039d18b-f09e-481e-a934-905ce13eec06,Las Vegas - Blue Diamond,catlg-52f55d50-1b76-46c9-a984-104788b48ce2,Las Vegas - Blue Diamond Catalog,False,2025-10-21 20:37:59.268753,2026-05-28 20:01:05.99103,144440,itm-69c1c853-d3c5-4cf1-8d42-4b32fca6908d,Southwest Salad Boxed Lunch,1,NULL,5,Item,,NULL,NULL,NULL,False,NULL,NULL,NULL,True,True,2025-10-21 20:39:07.559585,2026-05-21 13:19:01.211187,13.990,2026-03-11 17:47:35.230086,2026-03-18 10:54:39.558661,2026-05-29 03:11:38.75494,catlg-52f55d50-1b76-46c9-a984-104788b48ce2,NULL,NULL
Houston Hot Chicken,org-490e23ce-6f23-4d3d-8544-8728f0965cfc,loc-6039d18b-f09e-481e-a934-905ce13eec06,Las Vegas - Blue Diamond,catlg-52f55d50-1b76-46c9-a984-104788b48ce2,Las Vegas - Blue Diamond Catalog,False,2025-10-21 20:37:59.268753,2026-05-28 20:01:05.99103,94139,itm-715d6e8f-a345-4444-b857-8841d6216a77,Waffle Sandwich,1,NULL,1,Item,,NULL,NULL,NULL,False,NULL,NULL,NULL,True,False,2025-10-21 20:39:07.559564,2026-05-21 13:19:01.205031,14.990,2025-10-21 20:39:09.408609,2026-03-18 10:54:39.558661,2026-05-29 03:11:38.75494,catlg-52f55d50-1b76-46c9-a984-104788b48ce2,NULL,NULL
Houston Hot Chicken,org-490e23ce-6f23-4d3d-8544-8728f0965cfc,loc-6039d18b-f09e-481e-a934-905ce13eec06,Las Vegas - Blue Diamond,catlg-52f55d50-1b76-46c9-a984-104788b48ce2,Las Vegas - Blue Diamond Catalog,False,2025-10-21 20:37:59.268753,2026-05-28 20:01:05.99103,10138,itm-6c802ed9-8150-4089-9c52-6835cf96111b,Kids Meal,1,NULL,5,Item,,NULL,NULL,NULL,False,NULL,NULL,NULL,True,False,2025-10-21 20:39:07.559502,2026-05-21 13:19:01.217647,6.990,2025-10-21 20:39:09.100668,NULL,2026-05-29 03:11:38.75494,catlg-52f55d50-1b76-46c9-a984-104788b48ce2,NULL,NULL
Houston Hot Chicken,org-490e23ce-6f23-4d3d-8544-8728f0965cfc,loc-6039d18b-f09e-481e-a934-905ce13eec06,Las Vegas - Blue Diamond,catlg-52f55d50-1b76-46c9-a984-104788b48ce2,Las Vegas - Blue Diamond Catalog,False,2025-10-21 20:37:59.268753,2026-05-28 20:01:05.99103,161682,itm-782af4f0-3c6a-45bd-9eff-c58c914e63c0,HWHAP Sandwich & Tender Meal,1,NULL,5,Item,,NULL,NULL,NULL,False,NULL,NULL,NULL,True,False,2025-10-21 20:39:07.559548,2026-05-21 13:19:01.225253,16.990,2025-10-21 20:39:09.318007,2026-03-18 10:54:39.558661,2026-05-29 03:11:38.75494,catlg-52f55d50-1b76-46c9-a984-104788b48ce2,NULL,NULL
Houston Hot Chicken,org-490e23ce-6f23-4d3d-8544-8728f0965cfc,loc-6039d18b-f09e-481e-a934-905ce13eec06,Las Vegas - Blue Diamond,catlg-52f55d50-1b76-46c9-a984-104788b48ce2,Las Vegas - Blue Diamond Catalog,False,2025-10-21 20:37:59.268753,2026-05-28 20:01:05.99103,9967,itm-736a2b46-a0a3-4b87-960f-10d8f50a16d6,Large Fountain Drinks,1,NULL,3,Item,,NULL,NULL,NULL,False,NULL,NULL,NULL,True,True,2025-10-21 20:39:07.559522,2026-05-21 13:19:01.16836,2.990,2026-02-02 19:51:50.156851,NULL,2026-05-29 03:11:38.75494,catlg-52f55d50-1b76-46c9-a984-104788b48ce2,NULL,NULL
Houston Hot Chicken,org-490e23ce-6f23-4d3d-8544-8728f0965cfc,loc-6039d18b-f09e-481e-a934-905ce13eec06,Las Vegas - Blue Diamond,catlg-52f55d50-1b76-46c9-a984-104788b48ce2,Las Vegas - Blue Diamond Catalog,False,2025-10-21 20:37:59.268753,2026-05-28 20:01:05.99103,10455,itm-745cb2f5-5309-447f-b694-08f7b41bebc2,Aquafina,1,NULL,3,Item,,NULL,NULL,NULL,False,NULL,NULL,NULL,True,False,2025-10-21 20:39:07.559529,2026-05-21 13:19:01.170805,1.990,2025-10-21 20:39:09.215807,NULL,2026-05-29 03:11:38.75494,catlg-52f55d50-1b76-46c9-a984-104788b48ce2,NULL,NULL
Houston Hot Chicken,org-490e23ce-6f23-4d3d-8544-8728f0965cfc,loc-6039d18b-f09e-481e-a934-905ce13eec06,Las Vegas - Blue Diamond,catlg-52f55d50-1b76-46c9-a984-104788b48ce2,Las Vegas - Blue Diamond Catalog,False,2025-10-21 20:37:59.268753,2026-05-28 20:01:05.99103,10279,itm-7c8b22bc-53ab-46b3-ba34-08df9431472d,Milkshake Strawberry,1,NULL,3,Item,,NULL,NULL,NULL,False,NULL,NULL,NULL,True,False,2025-10-21 20:39:07.559535,2026-05-21 13:19:01.224393,4.990,2025-10-21 20:39:09.238387,NULL,2026-05-29 03:11:38.75494,catlg-52f55d50-1b76-46c9-a984-104788b48ce2,NULL,NULL
Houston Hot Chicken,org-490e23ce-6f23-4d3d-8544-8728f0965cfc,loc-6039d18b-f09e-481e-a934-905ce13eec06,Las Vegas - Blue Diamond,catlg-52f55d50-1b76-46c9-a984-104788b48ce2,Las Vegas - Blue Diamond Catalog,False,2025-10-21 20:37:59.268753,2026-05-28 20:01:05.99103,68979,itm-95fbfb51-c106-48e6-9a8a-edc293e08726,HWHAP Chicken Tortilla Soup,1,NULL,1,Item,,NULL,NULL,NULL,False,NULL,NULL,NULL,True,False,2025-10-21 20:39:07.559563,2026-05-21 13:19:01.158855,4.990,2025-10-21 20:39:09.400379,2026-03-18 10:54:39.558661,2026-05-29 03:11:38.75494,catlg-52f55d50-1b76-46c9-a984-104788b48ce2,NULL,NULL
Houston Hot Chicken,org-490e23ce-6f23-4d3d-8544-8728f0965cfc,loc-6039d18b-f09e-481e-a934-905ce13eec06,Las Vegas - Blue Diamond,catlg-52f55d50-1b76-46c9-a984-104788b48ce2,Las Vegas - Blue Diamond Catalog,False,2025-10-21 20:37:59.268753,2026-05-28 20:01:05.99103,147826,itm-76c00835-b3a5-4304-a287-01f482246671,Shareable Southwest Salad,1,NULL,1,Item,,NULL,NULL,NULL,False,NULL,NULL,NULL,True,False,2025-10-21 20:39:07.559576,2026-05-21 13:19:01.143382,40.000,2025-10-24 18:56:15.763611,2026-03-18 10:54:39.558661,2026-05-29 03:11:38.75494,catlg-52f55d50-1b76-46c9-a984-104788b48ce2,NULL,NULL
Houston Hot Chicken,org-490e23ce-6f23-4d3d-8544-8728f0965cfc,loc-6039d18b-f09e-481e-a934-905ce13eec06,Las Vegas - Blue Diamond,catlg-52f55d50-1b76-46c9-a984-104788b48ce2,Las Vegas - Blue Diamond Catalog,False,2025-10-21 20:37:59.268753,2026-05-28 20:01:05.99103,10225,itm-057a936c-2335-4602-a6e6-de8c945cc695,Milkshake Chocolate,1,NULL,3,Item,,NULL,NULL,NULL,False,NULL,NULL,NULL,True,False,2025-10-21 20:39:07.559534,2026-05-21 13:19:01.218559,4.990,2025-10-21 20:39:09.234835,NULL,2026-05-29 03:11:38.75494,catlg-52f55d50-1b76-46c9-a984-104788b48ce2,NULL,NULL
Houston Hot Chicken,org-490e23ce-6f23-4d3d-8544-8728f0965cfc,loc-6039d18b-f09e-481e-a934-905ce13eec06,Las Vegas - Blue Diamond,catlg-52f55d50-1b76-46c9-a984-104788b48ce2,Las Vegas - Blue Diamond Catalog,False,2025-10-21 20:37:59.268753,2026-05-28 20:01:05.99103,10005,itm-0370e711-4b28-4ee2-8900-7899f6d0ce53,Ranch (2 oz),1,NULL,7,Item,,NULL,NULL,NULL,False,NULL,NULL,NULL,True,False,2025-10-21 20:39:07.55954,2026-05-21 13:19:01.183774,1.000,2025-10-21 20:39:09.259944,NULL,2026-05-29 03:11:38.75494,catlg-52f55d50-1b76-46c9-a984-104788b48ce2,NULL,NULL
Houston Hot Chicken,org-490e23ce-6f23-4d3d-8544-8728f0965cfc,loc-6039d18b-f09e-481e-a934-905ce13eec06,Las Vegas - Blue Diamond,catlg-52f55d50-1b76-46c9-a984-104788b48ce2,Las Vegas - Blue Diamond Catalog,False,2025-10-21 20:37:59.268753,2026-05-28 20:01:05.99103,76883,itm-09c82ec8-9392-4d34-872b-485778bef2c7,HWHAP Cheesy Sandwich (a la carte),1,NULL,1,Item,,NULL,NULL,NULL,False,NULL,NULL,NULL,True,False,2025-10-21 20:39:07.559551,2026-05-21 13:19:01.142578,12.990,2025-10-21 20:39:09.331788,2026-03-18 10:54:39.558661,2026-05-29 03:11:38.75494,catlg-52f55d50-1b76-46c9-a984-104788b48ce2,NULL,NULL
Houston Hot Chicken,org-490e23ce-6f23-4d3d-8544-8728f0965cfc,loc-6039d18b-f09e-481e-a934-905ce13eec06,Las Vegas - Blue Diamond,catlg-52f55d50-1b76-46c9-a984-104788b48ce2,Las Vegas - Blue Diamond Catalog,False,2025-10-21 20:37:59.268753,2026-05-28 20:01:05.99103,88228,itm-30d0f76f-e6a8-45b7-a715-ff81faef26d6,HWHAP SPICE CHALLENGE,1,NULL,5,Item,,NULL,NULL,NULL,False,NULL,NULL,NULL,True,False,2025-10-21 20:39:07.559558,2026-05-21 13:19:01.209853,12.000,2025-10-21 20:39:09.37169,2026-03-18 10:54:39.558661,2026-05-29 03:11:38.75494,catlg-52f55d50-1b76-46c9-a984-104788b48ce2,NULL,NULL
Houston Hot Chicken,org-490e23ce-6f23-4d3d-8544-8728f0965cfc,loc-6039d18b-f09e-481e-a934-905ce13eec06,Las Vegas - Blue Diamond,catlg-52f55d50-1b76-46c9-a984-104788b48ce2,Las Vegas - Blue Diamond Catalog,False,2025-10-21 20:37:59.268753,2026-05-28 20:01:05.99103,110315,itm-111ba3b8-fe2a-4bc0-b412-f2e41aa03775,HWHAP 10 pc Nugget Meal,1,NULL,5,Item,,NULL,NULL,NULL,False,NULL,NULL,NULL,True,False,2025-10-21 20:39:07.55956,2026-05-21 13:19:01.204272,13.990,2025-10-21 20:39:09.381626,2026-03-18 10:54:39.558661,2026-05-29 03:11:38.75494,catlg-52f55d50-1b76-46c9-a984-104788b48ce2,NULL,NULL
Houston Hot Chicken,org-490e23ce-6f23-4d3d-8544-8728f0965cfc,loc-6039d18b-f09e-481e-a934-905ce13eec06,Las Vegas - Blue Diamond,catlg-52f55d50-1b76-46c9-a984-104788b48ce2,Las Vegas - Blue Diamond Catalog,False,2025-10-21 20:37:59.268753,2026-05-28 20:01:05.99103,79344,itm-0df079f2-38b0-4654-a6fe-74642b795a7c,Double Double,1,NULL,1,Item,,NULL,NULL,NULL,False,NULL,NULL,NULL,True,False,2025-10-21 20:39:07.559564,2026-05-21 13:19:01.159657,14.990,2025-10-21 20:39:09.405208,2026-03-18 10:54:39.558661,2026-05-29 03:11:38.75494,catlg-52f55d50-1b76-46c9-a984-104788b48ce2,NULL,NULL
Houston Hot Chicken,org-490e23ce-6f23-4d3d-8544-8728f0965cfc,loc-6039d18b-f09e-481e-a934-905ce13eec06,Las Vegas - Blue Diamond,catlg-52f55d50-1b76-46c9-a984-104788b48ce2,Las Vegas - Blue Diamond Catalog,False,2025-10-21 20:37:59.268753,2026-05-28 20:01:05.99103,133215,itm-05bda40f-5977-42fc-b053-20554a034c87,Cookie Crumble,1,NULL,4,Item,,NULL,NULL,NULL,False,NULL,NULL,NULL,True,False,2025-10-21 20:39:07.559566,2026-05-21 13:19:01.189363,8.990,2026-03-24 18:08:12.643297,2026-03-18 10:54:39.558661,2026-05-29 03:11:38.75494,catlg-52f55d50-1b76-46c9-a984-104788b48ce2,NULL,NULL
Houston Hot Chicken,org-490e23ce-6f23-4d3d-8544-8728f0965cfc,loc-6039d18b-f09e-481e-a934-905ce13eec06,Las Vegas - Blue Diamond,catlg-52f55d50-1b76-46c9-a984-104788b48ce2,Las Vegas - Blue Diamond Catalog,False,2025-10-21 20:37:59.268753,2026-05-28 20:01:05.99103,103766,itm-38e949c5-f3d5-48be-8b2e-0d5ce80c6f68,20 Tender Platter,1,NULL,5,Item,,NULL,NULL,NULL,False,NULL,NULL,NULL,True,False,2025-10-21 20:39:07.55957,2026-05-21 13:19:01.199248,80.000,2025-10-21 20:39:09.44037,2026-03-18 10:54:39.558661,2026-05-29 03:11:38.75494,catlg-52f55d50-1b76-46c9-a984-104788b48ce2,NULL,NULL
Houston Hot Chicken,org-490e23ce-6f23-4d3d-8544-8728f0965cfc,loc-6039d18b-f09e-481e-a934-905ce13eec06,Las Vegas - Blue Diamond,catlg-52f55d50-1b76-46c9-a984-104788b48ce2,Las Vegas - Blue Diamond Catalog,False,2025-10-21 20:37:59.268753,2026-05-28 20:01:05.99103,31439,itm-18daeeb2-1aed-4cfd-acd8-068c961c4b3f,Coleslaw Platter,1,NULL,2,Item,,NULL,NULL,NULL,False,NULL,NULL,NULL,True,False,2025-10-21 20:39:07.559571,2026-05-21 13:19:01.205767,27.950,2025-10-21 20:39:09.447033,2026-03-18 10:54:39.558661,2026-05-29 03:11:38.75494,catlg-52f55d50-1b76-46c9-a984-104788b48ce2,NULL,NULL
Houston Hot Chicken,org-490e23ce-6f23-4d3d-8544-8728f0965cfc,loc-6039d18b-f09e-481e-a934-905ce13eec06,Las Vegas - Blue Diamond,catlg-52f55d50-1b76-46c9-a984-104788b48ce2,Las Vegas - Blue Diamond Catalog,False,2025-10-21 20:37:59.268753,2026-05-28 20:01:05.99103,80160,itm-12a5d65c-dd1e-4d70-8d38-95db227b17d2,Tender and Waffle Platter (20 tenders/10 waffles),1,NULL,5,Item,,NULL,NULL,NULL,False,NULL,NULL,NULL,True,False,2025-10-21 20:39:07.559572,2026-05-21 13:19:01.166683,130.000,2025-10-21 20:39:09.450251,2026-03-18 10:54:39.558661,2026-05-29 03:11:38.75494,catlg-52f55d50-1b76-46c9-a984-104788b48ce2,NULL,NULL
Houston Hot Chicken,org-490e23ce-6f23-4d3d-8544-8728f0965cfc,loc-6039d18b-f09e-481e-a934-905ce13eec06,Las Vegas - Blue Diamond,catlg-52f55d50-1b76-46c9-a984-104788b48ce2,Las Vegas - Blue Diamond Catalog,False,2025-10-21 20:37:59.268753,2026-05-28 20:01:05.99103,9964,itm-05b4ef7b-8c20-4a40-9fe6-95d464984cac,Texas Caesar Salad,1,NULL,2,Item,,NULL,NULL,NULL,False,NULL,NULL,NULL,True,False,2025-10-21 20:39:07.559508,2026-05-21 13:19:01.150048,12.990,2025-10-21 20:39:09.124783,NULL,2026-05-29 03:11:38.75494,catlg-52f55d50-1b76-46c9-a984-104788b48ce2,NULL,NULL
Houston Hot Chicken,org-490e23ce-6f23-4d3d-8544-8728f0965cfc,loc-6039d18b-f09e-481e-a934-905ce13eec06,Las Vegas - Blue Diamond,catlg-52f55d50-1b76-46c9-a984-104788b48ce2,Las Vegas - Blue Diamond Catalog,False,2025-10-21 20:37:59.268753,2026-05-28 20:01:05.99103,10451,itm-1c3172e1-addb-44ea-b931-9aa78ef98795,Large Ranch (8oz),1,NULL,7,Item,,NULL,NULL,NULL,False,NULL,NULL,NULL,True,False,2025-10-21 20:39:07.559545,2026-05-21 13:19:01.155649,4.000,2025-10-21 20:39:09.295431,NULL,2026-05-29 03:11:38.75494,catlg-52f55d50-1b76-46c9-a984-104788b48ce2,NULL,NULL
Houston Hot Chicken,org-490e23ce-6f23-4d3d-8544-8728f0965cfc,loc-6039d18b-f09e-481e-a934-905ce13eec06,Las Vegas - Blue Diamond,catlg-52f55d50-1b76-46c9-a984-104788b48ce2,Las Vegas - Blue Diamond Catalog,False,2025-10-21 20:37:59.268753,2026-05-28 20:01:05.99103,200865,itm-16116937-ec97-4f21-8333-8d81e6cdbb80,50 Nugget Platter,1,NULL,5,Item,,NULL,NULL,NULL,False,NULL,NULL,NULL,True,False,2026-04-23 19:59:59.127761,2026-05-27 19:51:34.84305,35.000,2026-04-23 19:59:59.777134,2026-05-04 10:44:02.324319,2026-05-29 03:11:38.75494,catlg-52f55d50-1b76-46c9-a984-104788b48ce2,NULL,NULL
Houston Hot Chicken,org-490e23ce-6f23-4d3d-8544-8728f0965cfc,loc-6039d18b-f09e-481e-a934-905ce13eec06,Las Vegas - Blue Diamond,catlg-52f55d50-1b76-46c9-a984-104788b48ce2,Las Vegas - Blue Diamond Catalog,False,2025-10-21 20:37:59.268753,2026-05-28 20:01:05.99103,10287,itm-70cd25f8-26ec-49ee-8ed5-6d8e9748a6c2,Cheese Sauce (2 oz),1,NULL,7,Item,,NULL,NULL,NULL,False,NULL,NULL,NULL,True,False,2025-10-21 20:39:07.559541,2026-05-21 13:19:01.232583,1.500,2025-11-19 21:11:06.701112,NULL,2026-05-29 03:11:38.75494,catlg-52f55d50-1b76-46c9-a984-104788b48ce2,NULL,NULL
Houston Hot Chicken,org-490e23ce-6f23-4d3d-8544-8728f0965cfc,loc-6039d18b-f09e-481e-a934-905ce13eec06,Las Vegas - Blue Diamond,catlg-52f55d50-1b76-46c9-a984-104788b48ce2,Las Vegas - Blue Diamond Catalog,False,2025-10-21 20:37:59.268753,2026-05-28 20:01:05.99103,11335,itm-05439bf0-b4cb-4e17-a5e4-cc2cf59280e7,Cilantro Ranch (2 oz),1,NULL,7,Item,,NULL,NULL,NULL,False,NULL,NULL,NULL,True,False,2025-10-21 20:39:07.559543,2026-05-21 13:19:01.132622,1.000,2025-10-21 20:39:09.287082,NULL,2026-05-29 03:11:38.75494,catlg-52f55d50-1b76-46c9-a984-104788b48ce2,NULL,NULL
Houston Hot Chicken,org-490e23ce-6f23-4d3d-8544-8728f0965cfc,loc-6039d18b-f09e-481e-a934-905ce13eec06,Las Vegas - Blue Diamond,catlg-52f55d50-1b76-46c9-a984-104788b48ce2,Las Vegas - Blue Diamond Catalog,False,2025-10-21 20:37:59.268753,2026-05-28 20:01:05.99103,88103,itm-052ad069-e52f-4762-822b-4b66b0fc78d5,Shareable Caesar Salad,1,NULL,2,Item,,NULL,NULL,NULL,False,NULL,NULL,NULL,True,False,2025-10-21 20:39:07.559575,2026-05-21 13:19:01.177322,40.000,2025-10-24 18:56:15.76361,2026-03-18 10:54:39.558661,2026-05-29 03:11:38.75494,catlg-52f55d50-1b76-46c9-a984-104788b48ce2,NULL,NULL
Houston Hot Chicken,org-490e23ce-6f23-4d3d-8544-8728f0965cfc,loc-6039d18b-f09e-481e-a934-905ce13eec06,Las Vegas - Blue Diamond,catlg-52f55d50-1b76-46c9-a984-104788b48ce2,Las Vegas - Blue Diamond Catalog,False,2025-10-21 20:37:59.268753,2026-05-28 20:01:05.99103,10007,itm-099f2119-0706-4442-af54-a0d83287b3df,Chilled Strawberry Hibiscus Lemonade,1,NULL,3,Item,,NULL,NULL,NULL,False,NULL,NULL,NULL,True,False,2025-10-21 20:39:07.559524,2026-05-21 13:19:01.231825,4.990,2026-03-27 21:46:27.122537,NULL,2026-05-29 03:11:38.75494,catlg-52f55d50-1b76-46c9-a984-104788b48ce2,NULL,NULL
Houston Hot Chicken,org-490e23ce-6f23-4d3d-8544-8728f0965cfc,loc-6039d18b-f09e-481e-a934-905ce13eec06,Las Vegas - Blue Diamond,catlg-52f55d50-1b76-46c9-a984-104788b48ce2,Las Vegas - Blue Diamond Catalog,False,2025-10-21 20:37:59.268753,2026-05-28 20:01:05.99103,10015,itm-1ede0773-df6f-4c26-87d7-9529413ff761,Classic Chicken Sandwich,1,NULL,1,Item,,NULL,NULL,NULL,False,NULL,NULL,NULL,True,False,2025-10-21 20:39:07.559498,2026-05-21 13:19:01.195737,11.990,2025-10-21 20:39:09.07264,NULL,2026-05-29 03:11:38.75494,catlg-52f55d50-1b76-46c9-a984-104788b48ce2,NULL,NULL
Houston Hot Chicken,org-490e23ce-6f23-4d3d-8544-8728f0965cfc,loc-6039d18b-f09e-481e-a934-905ce13eec06,Las Vegas - Blue Diamond,catlg-52f55d50-1b76-46c9-a984-104788b48ce2,Las Vegas - Blue Diamond Catalog,False,2025-10-21 20:37:59.268753,2026-05-28 20:01:05.99103,161414,itm-1fd0a0ac-3408-4ccb-bec0-d8216d6c25c8,HWHAP Loaded Fries,1,NULL,2,Item,,NULL,NULL,NULL,False,NULL,NULL,NULL,True,False,2025-10-21 20:39:07.559555,2026-05-21 13:19:01.190975,14.990,2025-10-21 20:39:09.355014,2026-03-18 10:54:39.558661,2026-05-29 03:11:38.75494,catlg-52f55d50-1b76-46c9-a984-104788b48ce2,NULL,NULL
Houston Hot Chicken,org-490e23ce-6f23-4d3d-8544-8728f0965cfc,loc-6039d18b-f09e-481e-a934-905ce13eec06,Las Vegas - Blue Diamond,catlg-52f55d50-1b76-46c9-a984-104788b48ce2,Las Vegas - Blue Diamond Catalog,False,2025-10-21 20:37:59.268753,2026-05-28 20:01:05.99103,145900,itm-227e0df9-2a8f-4df9-aead-bfda85cdcade,Texas Caesar Salad Boxed Lunch,1,NULL,2,Item,,NULL,NULL,NULL,False,NULL,NULL,NULL,True,True,2025-10-21 20:39:07.559584,2026-05-21 13:19:01.174797,12.990,2026-03-11 17:47:35.230086,2026-03-18 10:54:39.558661,2026-05-29 03:11:38.75494,catlg-52f55d50-1b76-46c9-a984-104788b48ce2,NULL,NULL
Houston Hot Chicken,org-490e23ce-6f23-4d3d-8544-8728f0965cfc,loc-6039d18b-f09e-481e-a934-905ce13eec06,Las Vegas - Blue Diamond,catlg-52f55d50-1b76-46c9-a984-104788b48ce2,Las Vegas - Blue Diamond Catalog,False,2025-10-21 20:37:59.268753,2026-05-28 20:01:05.99103,29813,itm-1dee2889-d03d-4bdd-a27b-673b1764c784,Original Sandwich Platter (10),1,NULL,5,Item,,NULL,NULL,NULL,False,NULL,NULL,NULL,True,False,2025-10-21 20:39:07.559569,2026-05-21 13:19:01.21527,100.000,2025-10-21 20:39:09.432902,2026-03-18 10:54:39.558661,2026-05-29 03:11:38.75494,catlg-52f55d50-1b76-46c9-a984-104788b48ce2,NULL,NULL
Houston Hot Chicken,org-490e23ce-6f23-4d3d-8544-8728f0965cfc,loc-6039d18b-f09e-481e-a934-905ce13eec06,Las Vegas - Blue Diamond,catlg-52f55d50-1b76-46c9-a984-104788b48ce2,Las Vegas - Blue Diamond Catalog,False,2025-10-21 20:37:59.268753,2026-05-28 20:01:05.99103,11312,itm-6aed1a6a-2748-4afb-87ba-02099b737f5e,Milkshake Peppermint,1,NULL,3,Item,,NULL,NULL,NULL,False,NULL,NULL,NULL,True,True,2025-12-01 15:40:11.843378,2026-05-21 13:19:01.121158,6.500,2026-02-01 16:41:11.078067,NULL,2026-05-29 03:11:38.75494,catlg-52f55d50-1b76-46c9-a984-104788b48ce2,NULL,NULL
Houston Hot Chicken,org-490e23ce-6f23-4d3d-8544-8728f0965cfc,loc-6039d18b-f09e-481e-a934-905ce13eec06,Las Vegas - Blue Diamond,catlg-52f55d50-1b76-46c9-a984-104788b48ce2,Las Vegas - Blue Diamond Catalog,False,2025-10-21 20:37:59.268753,2026-05-28 20:01:05.99103,41942,itm-218f7c9c-eb0f-4fe9-baba-e72db14d2e6a,HWHAP Texas Caesar Salad,1,NULL,1,Item,,NULL,NULL,NULL,False,NULL,NULL,NULL,True,False,2025-10-21 20:39:07.559558,2026-05-21 13:19:01.171566,15.990,2025-10-21 20:39:09.368158,2026-03-18 10:54:39.558661,2026-05-29 03:11:38.75494,catlg-52f55d50-1b76-46c9-a984-104788b48ce2,NULL,NULL
Houston Hot Chicken,org-490e23ce-6f23-4d3d-8544-8728f0965cfc,loc-6039d18b-f09e-481e-a934-905ce13eec06,Las Vegas - Blue Diamond,catlg-52f55d50-1b76-46c9-a984-104788b48ce2,Las Vegas - Blue Diamond Catalog,False,2025-10-21 20:37:59.268753,2026-05-28 20:01:05.99103,10013,itm-44fffb5f-7346-4a55-b971-77199778609e,5 pc Nuggets (a la carte),1,NULL,1,Item,,NULL,NULL,NULL,False,NULL,NULL,NULL,True,False,2025-10-21 20:39:07.55951,2026-05-21 13:19:01.201694,3.990,2025-10-21 20:39:09.136092,NULL,2026-05-29 03:11:38.75494,catlg-52f55d50-1b76-46c9-a984-104788b48ce2,NULL,NULL
Houston Hot Chicken,org-490e23ce-6f23-4d3d-8544-8728f0965cfc,loc-6039d18b-f09e-481e-a934-905ce13eec06,Las Vegas - Blue Diamond,catlg-52f55d50-1b76-46c9-a984-104788b48ce2,Las Vegas - Blue Diamond Catalog,False,2025-10-21 20:37:59.268753,2026-05-28 20:01:05.99103,46995,itm-4e1778d6-eee9-44a4-a5bb-ad65a5e45776,Original Chicken Sandwich Boxed Lunch,1,NULL,5,Item,,NULL,NULL,NULL,False,NULL,NULL,NULL,True,True,2025-10-21 20:39:07.55958,2026-05-21 13:19:01.140866,12.990,2026-03-11 17:47:35.230085,2026-03-18 10:54:39.558661,2026-05-29 03:11:38.75494,catlg-52f55d50-1b76-46c9-a984-104788b48ce2,NULL,NULL
Houston Hot Chicken,org-490e23ce-6f23-4d3d-8544-8728f0965cfc,loc-6039d18b-f09e-481e-a934-905ce13eec06,Las Vegas - Blue Diamond,catlg-52f55d50-1b76-46c9-a984-104788b48ce2,Las Vegas - Blue Diamond Catalog,False,2025-10-21 20:37:59.268753,2026-05-28 20:01:05.99103,14153,itm-7fcc1068-2622-49fd-b00b-f7ca643f7eda,Regular Fountain Drink,1,NULL,3,Item,,NULL,NULL,NULL,False,NULL,NULL,NULL,True,False,2026-02-02 19:51:49.598069,2026-05-21 13:19:01.152423,2.990,2026-02-02 19:51:50.165136,NULL,2026-05-29 03:11:38.75494,catlg-52f55d50-1b76-46c9-a984-104788b48ce2,NULL,NULL
Houston Hot Chicken,org-490e23ce-6f23-4d3d-8544-8728f0965cfc,loc-6039d18b-f09e-481e-a934-905ce13eec06,Las Vegas - Blue Diamond,catlg-52f55d50-1b76-46c9-a984-104788b48ce2,Las Vegas - Blue Diamond Catalog,False,2025-10-21 20:37:59.268753,2026-05-28 20:01:05.99103,74031,itm-9bba6184-7457-446b-aaa5-f1afefd1aea8,Tenders and Slaw,1,NULL,1,Item,,NULL,NULL,NULL,False,NULL,NULL,NULL,True,True,2025-10-21 20:39:07.559566,2026-05-21 13:19:01.136125,11.990,2026-03-23 20:41:21.896535,2026-03-18 10:54:39.558661,2026-05-29 03:11:38.75494,catlg-52f55d50-1b76-46c9-a984-104788b48ce2,NULL,NULL
Houston Hot Chicken,org-490e23ce-6f23-4d3d-8544-8728f0965cfc,loc-6039d18b-f09e-481e-a934-905ce13eec06,Las Vegas - Blue Diamond,catlg-52f55d50-1b76-46c9-a984-104788b48ce2,Las Vegas - Blue Diamond Catalog,False,2025-10-21 20:37:59.268753,2026-05-28 20:01:05.99103,71454,itm-91768a1f-4ad1-497d-8968-5e618f071363,Classic Chicken Sandwich Boxed Lunch,1,NULL,2,Item,,NULL,NULL,NULL,False,NULL,NULL,NULL,True,True,2025-10-21 20:39:07.559581,2026-05-21 13:19:01.180465,11.990,2026-03-11 17:47:35.230085,2026-03-18 10:54:39.558661,2026-05-29 03:11:38.75494,catlg-52f55d50-1b76-46c9-a984-104788b48ce2,NULL,NULL
Houston Hot Chicken,org-490e23ce-6f23-4d3d-8544-8728f0965cfc,loc-6039d18b-f09e-481e-a934-905ce13eec06,Las Vegas - Blue Diamond,catlg-52f55d50-1b76-46c9-a984-104788b48ce2,Las Vegas - Blue Diamond Catalog,False,2025-10-21 20:37:59.268753,2026-05-28 20:01:05.99103,107478,itm-b87e14ae-800c-4088-9a98-095475dc04ea,Utensils (per person),1,NULL,6,Item,,NULL,NULL,NULL,False,NULL,NULL,NULL,True,True,2025-10-21 20:39:07.559586,2026-05-21 13:19:01.134363,1.000,2026-03-11 17:47:35.230086,2026-03-18 10:54:39.558661,2026-05-29 03:11:38.75494,catlg-52f55d50-1b76-46c9-a984-104788b48ce2,NULL,NULL
Houston Hot Chicken,org-490e23ce-6f23-4d3d-8544-8728f0965cfc,loc-6039d18b-f09e-481e-a934-905ce13eec06,Las Vegas - Blue Diamond,catlg-52f55d50-1b76-46c9-a984-104788b48ce2,Las Vegas - Blue Diamond Catalog,False,2025-10-21 20:37:59.268753,2026-05-28 20:01:05.99103,72396,itm-b7e60dc9-b857-4d1e-865b-e69a3b9b688c,Chicken Sandwich Platter,1,NULL,1,Item,,NULL,NULL,NULL,False,NULL,NULL,NULL,True,True,2025-10-21 20:39:07.559577,2026-05-21 13:19:01.187786,100.000,2026-03-11 17:47:35.230084,2026-03-18 10:54:39.558661,2026-05-29 03:11:38.75494,catlg-52f55d50-1b76-46c9-a984-104788b48ce2,NULL,NULL
Houston Hot Chicken,org-490e23ce-6f23-4d3d-8544-8728f0965cfc,loc-6039d18b-f09e-481e-a934-905ce13eec06,Las Vegas - Blue Diamond,catlg-52f55d50-1b76-46c9-a984-104788b48ce2,Las Vegas - Blue Diamond Catalog,False,2025-10-21 20:37:59.268753,2026-05-28 20:01:05.99103,184298,itm-d2edb8b7-d34d-476a-b185-776465814031,Tender Platter,1,NULL,2,Item,,NULL,NULL,NULL,False,NULL,NULL,NULL,True,True,2025-10-21 20:39:07.559577,2026-05-21 13:19:01.174004,80.000,2026-03-11 17:47:35.230084,2026-03-18 10:54:39.558661,2026-05-29 03:11:38.75494,catlg-52f55d50-1b76-46c9-a984-104788b48ce2,NULL,NULL
Houston Hot Chicken,org-490e23ce-6f23-4d3d-8544-8728f0965cfc,loc-6039d18b-f09e-481e-a934-905ce13eec06,Las Vegas - Blue Diamond,catlg-52f55d50-1b76-46c9-a984-104788b48ce2,Las Vegas - Blue Diamond Catalog,False,2025-10-21 20:37:59.268753,2026-05-28 20:01:05.99103,10780,itm-fe38188d-f8d1-407e-b351-5b868b14a0bd,Classic Sandwich (a la carte),1,NULL,1,Item,,NULL,NULL,NULL,False,NULL,NULL,NULL,True,False,2025-10-21 20:39:07.559518,2026-05-21 13:19:01.127525,9.000,2026-03-02 18:29:21.740666,NULL,2026-05-29 03:11:38.75494,catlg-52f55d50-1b76-46c9-a984-104788b48ce2,NULL,NULL
Houston Hot Chicken,org-490e23ce-6f23-4d3d-8544-8728f0965cfc,loc-6039d18b-f09e-481e-a934-905ce13eec06,Las Vegas - Blue Diamond,catlg-52f55d50-1b76-46c9-a984-104788b48ce2,Las Vegas - Blue Diamond Catalog,False,2025-10-21 20:37:59.268753,2026-05-28 20:01:05.99103,10446,itm-feb6c0d6-8364-4437-9edc-c05a995f80fe,Original Sandwich (a la carte),1,NULL,1,Item,,NULL,NULL,NULL,False,NULL,NULL,NULL,True,False,2025-10-21 20:39:07.559519,2026-05-21 13:19:01.228538,10.000,2026-03-02 18:29:21.740667,NULL,2026-05-29 03:11:38.75494,catlg-52f55d50-1b76-46c9-a984-104788b48ce2,NULL,NULL
Houston Hot Chicken,org-490e23ce-6f23-4d3d-8544-8728f0965cfc,loc-6039d18b-f09e-481e-a934-905ce13eec06,Las Vegas - Blue Diamond,catlg-52f55d50-1b76-46c9-a984-104788b48ce2,Las Vegas - Blue Diamond Catalog,False,2025-10-21 20:37:59.268753,2026-05-28 20:01:05.99103,10004,itm-8b21d0b1-de49-4513-a2dc-c18880eaf411,Tender (a la carte),1,NULL,1,Item,,NULL,NULL,NULL,False,NULL,NULL,NULL,True,False,2025-10-21 20:39:07.55952,2026-05-21 13:19:01.229392,4.000,2026-03-02 18:29:21.740667,NULL,2026-05-29 03:11:38.75494,catlg-52f55d50-1b76-46c9-a984-104788b48ce2,NULL,NULL
Houston Hot Chicken,org-490e23ce-6f23-4d3d-8544-8728f0965cfc,loc-6039d18b-f09e-481e-a934-905ce13eec06,Las Vegas - Blue Diamond,catlg-52f55d50-1b76-46c9-a984-104788b48ce2,Las Vegas - Blue Diamond Catalog,False,2025-10-21 20:37:59.268753,2026-05-28 20:01:05.99103,10139,itm-5adfe56a-d633-48d2-a98f-5f7d2c38a126,Frozen Regular Lemonade,1,NULL,3,Item,,NULL,NULL,NULL,False,NULL,NULL,NULL,True,False,2025-10-21 20:39:07.559528,2026-05-21 13:19:01.212737,5.990,2026-03-27 21:46:27.122538,NULL,2026-05-29 03:11:38.75494,catlg-52f55d50-1b76-46c9-a984-104788b48ce2,NULL,NULL
Houston Hot Chicken,org-490e23ce-6f23-4d3d-8544-8728f0965cfc,loc-6039d18b-f09e-481e-a934-905ce13eec06,Las Vegas - Blue Diamond,catlg-52f55d50-1b76-46c9-a984-104788b48ce2,Las Vegas - Blue Diamond Catalog,False,2025-10-21 20:37:59.268753,2026-05-28 20:01:05.99103,14119,itm-072dfab7-80c1-42dc-8f56-726f1c749135,Small Fountain Drink,1,NULL,3,Item,,NULL,NULL,NULL,False,NULL,NULL,NULL,True,False,2026-02-02 19:51:49.598069,2026-05-21 13:19:01.120101,2.290,2026-02-02 19:51:50.157485,NULL,2026-05-29 03:11:38.75494,catlg-52f55d50-1b76-46c9-a984-104788b48ce2,NULL,NULL
Houston Hot Chicken,org-490e23ce-6f23-4d3d-8544-8728f0965cfc,loc-6039d18b-f09e-481e-a934-905ce13eec06,Las Vegas - Blue Diamond,catlg-52f55d50-1b76-46c9-a984-104788b48ce2,Las Vegas - Blue Diamond Catalog,False,2025-10-21 20:37:59.268753,2026-05-28 20:01:05.99103,117581,itm-0cf8eecb-29d1-4ffd-a415-230aca9cb8b8,Red Bull,1,NULL,3,Item,,NULL,NULL,NULL,False,NULL,NULL,NULL,True,False,2025-10-21 20:39:07.559568,2026-05-21 13:19:01.147539,3.990,2026-03-25 17:43:21.666536,2026-03-18 10:54:39.558661,2026-05-29 03:11:38.75494,catlg-52f55d50-1b76-46c9-a984-104788b48ce2,NULL,NULL
Houston Hot Chicken,org-490e23ce-6f23-4d3d-8544-8728f0965cfc,loc-6039d18b-f09e-481e-a934-905ce13eec06,Las Vegas - Blue Diamond,catlg-52f55d50-1b76-46c9-a984-104788b48ce2,Las Vegas - Blue Diamond Catalog,False,2025-10-21 20:37:59.268753,2026-05-28 20:01:05.99103,89860,itm-19442478-41d3-4dab-bceb-3e0560a7758d,2 Tender Boxed Lunch,1,NULL,5,Item,,NULL,NULL,NULL,False,NULL,NULL,NULL,True,True,2025-10-21 20:39:07.559579,2026-05-21 13:19:01.140132,10.990,2026-03-11 17:47:35.230083,2026-03-18 10:54:39.558661,2026-05-29 03:11:38.75494,catlg-52f55d50-1b76-46c9-a984-104788b48ce2,NULL,NULL
Houston Hot Chicken,org-490e23ce-6f23-4d3d-8544-8728f0965cfc,loc-6039d18b-f09e-481e-a934-905ce13eec06,Las Vegas - Blue Diamond,catlg-52f55d50-1b76-46c9-a984-104788b48ce2,Las Vegas - Blue Diamond Catalog,False,2025-10-21 20:37:59.268753,2026-05-28 20:01:05.99103,66136,itm-40871f82-0bc5-44b8-9b55-d21741dcc94e,Tender and Waffle Platter,1,NULL,5,Item,,NULL,NULL,NULL,False,NULL,NULL,NULL,True,True,2025-10-21 20:39:07.559578,2026-05-21 13:19:01.136848,130.000,2026-03-11 17:47:35.230084,2026-03-18 10:54:39.558661,2026-05-29 03:11:38.75494,catlg-52f55d50-1b76-46c9-a984-104788b48ce2,NULL,NULL
Houston Hot Chicken,org-490e23ce-6f23-4d3d-8544-8728f0965cfc,loc-6039d18b-f09e-481e-a934-905ce13eec06,Las Vegas - Blue Diamond,catlg-52f55d50-1b76-46c9-a984-104788b48ce2,Las Vegas - Blue Diamond Catalog,False,2025-10-21 20:37:59.268753,2026-05-28 20:01:05.99103,10016,itm-37b9d507-c489-44f3-8b0d-b86fa99f4cfb,Chilled Blueberry Lavender Lemonade,1,NULL,3,Item,,NULL,NULL,NULL,False,NULL,NULL,NULL,True,False,2025-10-21 20:39:07.559523,2026-05-21 13:19:01.182082,4.990,2026-03-27 21:46:27.122536,NULL,2026-05-29 03:11:38.75494,catlg-52f55d50-1b76-46c9-a984-104788b48ce2,NULL,NULL
Houston Hot Chicken,org-490e23ce-6f23-4d3d-8544-8728f0965cfc,loc-6039d18b-f09e-481e-a934-905ce13eec06,Las Vegas - Blue Diamond,catlg-52f55d50-1b76-46c9-a984-104788b48ce2,Las Vegas - Blue Diamond Catalog,False,2025-10-21 20:37:59.268753,2026-05-28 20:01:05.99103,159199,itm-84cde381-bc1c-4c7a-8011-0e98341891f4,Sandwich & Tender Boxed Lunch,1,NULL,5,Item,,NULL,NULL,NULL,False,NULL,NULL,NULL,True,True,2025-10-21 20:39:07.559581,2026-05-21 13:19:01.137616,14.990,2026-03-11 17:47:35.230085,2026-03-18 10:54:39.558661,2026-05-29 03:11:38.75494,catlg-52f55d50-1b76-46c9-a984-104788b48ce2,NULL,NULL
Houston Hot Chicken,org-490e23ce-6f23-4d3d-8544-8728f0965cfc,loc-6039d18b-f09e-481e-a934-905ce13eec06,Las Vegas - Blue Diamond,catlg-52f55d50-1b76-46c9-a984-104788b48ce2,Las Vegas - Blue Diamond Catalog,False,2025-10-21 20:37:59.268753,2026-05-28 20:01:05.99103,162972,itm-01b28971-36c1-4b92-8e54-ca392a56e87b,Chips Platter,1,NULL,2,Item,,NULL,NULL,NULL,False,NULL,NULL,NULL,True,False,2025-10-21 20:39:07.559573,2026-05-21 13:19:01.227768,20.000,2026-04-22 15:25:09.653919,2026-03-18 10:54:39.558661,2026-05-29 03:11:38.75494,catlg-52f55d50-1b76-46c9-a984-104788b48ce2,NULL,NULL
Houston Hot Chicken,org-490e23ce-6f23-4d3d-8544-8728f0965cfc,loc-6039d18b-f09e-481e-a934-905ce13eec06,Las Vegas - Blue Diamond,catlg-52f55d50-1b76-46c9-a984-104788b48ce2,Las Vegas - Blue Diamond Catalog,False,2025-10-21 20:37:59.268753,2026-05-28 20:01:05.99103,10021,itm-9f8a32cf-6157-47cd-a30d-509392740b50,10 pc Nugget Meal,1,NULL,5,Item,,NULL,NULL,NULL,False,NULL,NULL,NULL,True,False,2025-10-21 20:39:07.559503,2026-05-21 13:19:01.124864,11.990,2025-10-21 20:39:09.103957,NULL,2026-05-29 03:11:38.75494,catlg-52f55d50-1b76-46c9-a984-104788b48ce2,NULL,NULL
